date,gc_cal|gc_cal|2m|ez1.5|xz0.3|mh20|cb0.08
2018-01-01,0.0
2018-01-02,0.0
2018-01-03,0.0
2018-01-04,0.0
2018-01-05,0.0
2018-01-06,0.0
2018-01-07,0.0
2018-01-08,0.0
2018-01-09,0.0
2018-01-10,0.0
2018-01-11,0.0
2018-01-12,0.0
2018-01-13,0.0
2018-01-14,0.0
2018-01-15,0.0
2018-01-16,0.0
2018-01-17,0.0
2018-01-18,0.0
2018-01-19,0.0
2018-01-20,0.0
2018-01-21,0.0
2018-01-22,0.0
2018-01-23,0.0
2018-01-24,0.0
2018-01-25,0.0
2018-01-26,0.0
2018-01-27,0.0
2018-01-28,0.0
2018-01-29,0.0
2018-01-30,0.0
2018-01-31,0.0
2018-02-01,0.0
2018-02-02,0.0
2018-02-03,0.0
2018-02-04,0.0
2018-02-05,0.0
2018-02-06,0.0
2018-02-07,0.0
2018-02-08,0.0
2018-02-09,0.0
2018-02-10,0.0
2018-02-11,0.0
2018-02-12,0.0
2018-02-13,0.0
2018-02-14,0.0
2018-02-15,0.0
2018-02-16,0.0
2018-02-17,0.0
2018-02-18,0.0
2018-02-19,0.0
2018-02-20,0.0
2018-02-21,0.0
2018-02-22,0.0
2018-02-23,0.0
2018-02-24,0.0
2018-02-25,0.0
2018-02-26,0.0
2018-02-27,0.0
2018-02-28,0.0
2018-03-01,0.0
2018-03-02,0.0
2018-03-03,0.0
2018-03-04,0.0
2018-03-05,0.0
2018-03-06,0.0
2018-03-07,0.0
2018-03-08,0.0
2018-03-09,0.0
2018-03-10,0.0
2018-03-11,0.0
2018-03-12,0.0
2018-03-13,0.0
2018-03-14,0.0
2018-03-15,0.0
2018-03-16,0.0
2018-03-17,0.0
2018-03-18,0.0
2018-03-19,0.0
2018-03-20,0.0
2018-03-21,0.0
2018-03-22,0.0
2018-03-23,0.0
2018-03-24,0.0
2018-03-25,0.0
2018-03-26,0.0
2018-03-27,0.0
2018-03-28,0.0
2018-03-29,0.0
2018-03-30,0.0
2018-03-31,0.0
2018-04-01,0.0
2018-04-02,0.0
2018-04-03,0.0
2018-04-04,0.0
2018-04-05,0.0
2018-04-06,0.0
2018-04-07,0.0
2018-04-08,0.0
2018-04-09,0.0
2018-04-10,0.0
2018-04-11,0.0
2018-04-12,0.0
2018-04-13,0.0
2018-04-14,0.0
2018-04-15,0.0
2018-04-16,0.0
2018-04-17,0.0
2018-04-18,0.0
2018-04-19,0.0
2018-04-20,0.0
2018-04-21,0.0
2018-04-22,0.0
2018-04-23,0.0
2018-04-24,0.0
2018-04-25,0.0
2018-04-26,0.0
2018-04-27,0.0
2018-04-28,0.0
2018-04-29,0.0
2018-04-30,0.0
2018-05-01,0.0
2018-05-02,0.0
2018-05-03,0.0
2018-05-04,0.0
2018-05-05,0.0
2018-05-06,0.0
2018-05-07,0.0
2018-05-08,0.0
2018-05-09,0.0
2018-05-10,0.0
2018-05-11,0.0
2018-05-12,0.0
2018-05-13,0.0
2018-05-14,0.0
2018-05-15,0.0
2018-05-16,0.0
2018-05-17,0.0
2018-05-18,0.0
2018-05-19,0.0
2018-05-20,0.0
2018-05-21,0.0
2018-05-22,0.0
2018-05-23,0.0
2018-05-24,0.0
2018-05-25,0.0
2018-05-26,0.0
2018-05-27,0.0
2018-05-28,0.0
2018-05-29,0.0
2018-05-30,0.0
2018-05-31,0.0
2018-06-01,0.0
2018-06-02,0.0
2018-06-03,0.0
2018-06-04,0.0
2018-06-05,0.0
2018-06-06,0.0
2018-06-07,0.0
2018-06-08,0.0
2018-06-09,0.0
2018-06-10,0.0
2018-06-11,0.0
2018-06-12,0.0
2018-06-13,0.0
2018-06-14,0.0
2018-06-15,0.0
2018-06-16,0.0
2018-06-17,0.0
2018-06-18,0.0
2018-06-19,0.0
2018-06-20,0.0
2018-06-21,0.0
2018-06-22,0.0
2018-06-23,0.0
2018-06-24,0.0
2018-06-25,0.0
2018-06-26,0.0
2018-06-27,0.0
2018-06-28,0.0
2018-06-29,0.0
2018-06-30,0.0
2018-07-01,0.0
2018-07-02,0.0
2018-07-03,0.0
2018-07-04,0.0
2018-07-05,0.0
2018-07-06,0.0
2018-07-07,0.0
2018-07-08,0.0
2018-07-09,0.0
2018-07-10,0.0
2018-07-11,0.0
2018-07-12,0.0
2018-07-13,0.0
2018-07-14,0.0
2018-07-15,0.0
2018-07-16,0.0
2018-07-17,0.0
2018-07-18,0.0
2018-07-19,0.0
2018-07-20,0.0
2018-07-21,0.0
2018-07-22,0.0
2018-07-23,0.0
2018-07-24,0.0
2018-07-25,0.0
2018-07-26,0.0
2018-07-27,0.0
2018-07-28,0.0
2018-07-29,0.0
2018-07-30,0.0
2018-07-31,0.0
2018-08-01,0.0
2018-08-02,0.0
2018-08-03,0.0
2018-08-04,0.0
2018-08-05,0.0
2018-08-06,0.0
2018-08-07,0.0
2018-08-08,0.0
2018-08-09,0.0
2018-08-10,0.0
2018-08-11,0.0
2018-08-12,0.0
2018-08-13,0.0
2018-08-14,0.0
2018-08-15,0.0
2018-08-16,0.0
2018-08-17,0.0
2018-08-18,0.0
2018-08-19,0.0
2018-08-20,0.0
2018-08-21,0.0
2018-08-22,0.0
2018-08-23,0.0
2018-08-24,0.0
2018-08-25,0.0
2018-08-26,0.0
2018-08-27,0.0
2018-08-28,0.0
2018-08-29,0.0
2018-08-30,0.0
2018-08-31,0.0
2018-09-01,0.0
2018-09-02,0.0
2018-09-03,0.0
2018-09-04,0.0
2018-09-05,0.0
2018-09-06,0.0
2018-09-07,0.0
2018-09-08,0.0
2018-09-09,0.0
2018-09-10,0.0
2018-09-11,0.0
2018-09-12,0.0
2018-09-13,0.0
2018-09-14,0.0
2018-09-15,0.0
2018-09-16,0.0
2018-09-17,0.0
2018-09-18,0.0
2018-09-19,0.0
2018-09-20,0.0
2018-09-21,0.0
2018-09-22,0.0
2018-09-23,0.0
2018-09-24,0.0
2018-09-25,0.0
2018-09-26,0.0
2018-09-27,0.0
2018-09-28,0.0
2018-09-29,0.0
2018-09-30,0.0
2018-10-01,-0.08
2018-10-02,0.12092893165568024
2018-10-03,-0.07446919873555072
2018-10-04,-0.25899106953416745
2018-10-05,-0.2049522960108497
2018-10-06,-0.034599252803010586
2018-10-07,-0.034599252803010586
2018-10-08,-0.213242711032926
2018-10-09,-0.004259008233360638
2018-10-10,-0.014887642301792549
2018-10-11,0.10866879446457084
2018-10-12,0.11713843997259038
2018-10-13,-0.034134909312037276
2018-10-14,-0.034134909312037276
2018-10-15,-0.15845231937171966
2018-10-16,0.1799309990662465
2018-10-17,-0.06976394472527855
2018-10-18,-0.21454015018199582
2018-10-19,0.15905094786109597
2018-10-20,-0.03394877446024901
2018-10-21,-0.11394877446024901
2018-10-22,0.0
2018-10-23,-0.08
2018-10-24,-0.11165867849972841
2018-10-25,-0.27424164923301164
2018-10-26,0.2472682280404973
2018-10-27,-0.04183113388431659
2018-10-28,-0.04183113388431659
2018-10-29,-0.1427015497562245
2018-10-30,0.1790335019897066
2018-10-31,0.33509670087710464
2018-11-01,-0.00918863398952955
2018-11-02,-0.3510537971987177
2018-11-03,-0.04122878263773506
2018-11-04,-0.04122878263773506
2018-11-05,-0.3015678185238584
2018-11-06,-0.11604566011781639
2018-11-07,-0.01243007002297504
2018-11-08,-0.08670421480566155
2018-11-09,0.002970511382195902
2018-11-10,-0.04207136987185061
2018-11-11,-0.04207136987185061
2018-11-12,0.06777042848169386
2018-11-13,0.0
2018-11-14,0.0
2018-11-15,-0.08
2018-11-16,0.30807308548876927
2018-11-17,-0.041576007871724156
2018-11-18,-0.041576007871724156
2018-11-19,0.48595599744590784
2018-11-20,-0.0887339011877395
2018-11-21,0.040210047963080996
2018-11-22,-0.040026500303648994
2018-11-23,-0.34683660749439094
2018-11-24,-0.04087638979725216
2018-11-25,-0.04087638979725216
2018-11-26,-1.0516207573799121
2018-11-27,-0.6648798754957753
2018-11-28,0.8412959520882533
2018-11-29,-0.28653315154018083
2018-11-30,1.159674572392545
2018-12-01,-0.040282365491625116
2018-12-02,-0.040282365491625116
2018-12-03,-0.059497180678945126
2018-12-04,0.04142924126324413
2018-12-05,-0.4129223424269086
2018-12-06,0.0
2018-12-07,0.0
2018-12-08,0.0
2018-12-09,0.0
2018-12-10,0.0
2018-12-11,0.0
2018-12-12,0.0
2018-12-13,0.0
2018-12-14,0.0
2018-12-15,0.0
2018-12-16,0.0
2018-12-17,0.0
2018-12-18,0.0
2018-12-19,0.0
2018-12-20,0.0
2018-12-21,0.0
2018-12-22,0.0
2018-12-23,0.0
2018-12-24,0.0
2018-12-25,0.0
2018-12-26,0.0
2018-12-27,0.0
2018-12-28,0.0
2018-12-29,0.0
2018-12-30,0.0
2018-12-31,0.0
2019-01-01,0.0
2019-01-02,0.0
2019-01-03,0.0
2019-01-04,0.0
2019-01-05,0.0
2019-01-06,0.0
2019-01-07,0.0
2019-01-08,0.0
2019-01-09,0.0
2019-01-10,-0.08
2019-01-11,-0.01790394054713188
2019-01-12,-0.04337510925927083
2019-01-13,-0.04337510925927083
2019-01-14,-0.2584661472779906
2019-01-15,0.3952026510121576
2019-01-16,0.021664687614855037
2019-01-17,0.176318542354362
2019-01-18,0.08197188691709616
2019-01-19,-0.04162625176085773
2019-01-20,-0.04162625176085773
2019-01-21,-0.04162625176085773
2019-01-22,0.4444934835430503
2019-01-23,-0.2717497758178236
2019-01-24,0.1496464319142012
2019-01-25,0.16517520314473244
2019-01-26,-0.0398235230369297
2019-01-27,-0.0398235230369297
2019-01-28,-0.21943425460618296
2019-01-29,-0.2095532154016979
2019-01-30,1.525328603769197
2019-01-31,0.0
2019-02-01,0.0
2019-02-02,0.0
2019-02-03,0.0
2019-02-04,0.0
2019-02-05,0.0
2019-02-06,0.0
2019-02-07,0.0
2019-02-08,0.0
2019-02-09,0.0
2019-02-10,0.0
2019-02-11,0.0
2019-02-12,0.0
2019-02-13,0.0
2019-02-14,0.0
2019-02-15,0.0
2019-02-16,0.0
2019-02-17,0.0
2019-02-18,0.0
2019-02-19,0.0
2019-02-20,0.0
2019-02-21,0.0
2019-02-22,0.0
2019-02-23,0.0
2019-02-24,0.0
2019-02-25,0.0
2019-02-26,0.0
2019-02-27,0.0
2019-02-28,0.0
2019-03-01,0.0
2019-03-02,0.0
2019-03-03,0.0
2019-03-04,0.0
2019-03-05,0.0
2019-03-06,0.0
2019-03-07,-0.08
2019-03-08,0.11776728060885006
2019-03-09,-0.04370019319398872
2019-03-10,-0.04370019319398872
2019-03-11,0.33001454221531784
2019-03-12,0.27606747390335196
2019-03-13,-0.14641735116124144
2019-03-14,0.2638468693720761
2019-03-15,0.6722949831214978
2019-03-16,0.0
2019-03-17,0.0
2019-03-18,0.0
2019-03-19,0.0
2019-03-20,0.0
2019-03-21,0.0
2019-03-22,0.0
2019-03-23,0.0
2019-03-24,0.0
2019-03-25,0.0
2019-03-26,0.0
2019-03-27,0.0
2019-03-28,0.0
2019-03-29,0.0
2019-03-30,0.0
2019-03-31,0.0
2019-04-01,0.0
2019-04-02,0.0
2019-04-03,0.0
2019-04-04,0.0
2019-04-05,0.0
2019-04-06,0.0
2019-04-07,0.0
2019-04-08,0.0
2019-04-09,0.0
2019-04-10,0.0
2019-04-11,0.0
2019-04-12,0.0
2019-04-13,0.0
2019-04-14,0.0
2019-04-15,0.0
2019-04-16,0.0
2019-04-17,0.0
2019-04-18,0.0
2019-04-19,0.0
2019-04-20,0.0
2019-04-21,0.0
2019-04-22,0.0
2019-04-23,0.0
2019-04-24,0.0
2019-04-25,0.0
2019-04-26,0.0
2019-04-27,0.0
2019-04-28,0.0
2019-04-29,0.0
2019-04-30,0.0
2019-05-01,0.0
2019-05-02,0.0
2019-05-03,0.0
2019-05-04,0.0
2019-05-05,0.0
2019-05-06,0.0
2019-05-07,0.0
2019-05-08,0.0
2019-05-09,0.0
2019-05-10,0.0
2019-05-11,0.0
2019-05-12,0.0
2019-05-13,0.0
2019-05-14,0.0
2019-05-15,0.0
2019-05-16,0.0
2019-05-17,0.0
2019-05-18,0.0
2019-05-19,0.0
2019-05-20,0.0
2019-05-21,0.0
2019-05-22,0.0
2019-05-23,0.0
2019-05-24,0.0
2019-05-25,0.0
2019-05-26,0.0
2019-05-27,0.0
2019-05-28,0.0
2019-05-29,0.0
2019-05-30,0.0
2019-05-31,0.0
2019-06-01,0.0
2019-06-02,0.0
2019-06-03,0.0
2019-06-04,0.0
2019-06-05,0.0
2019-06-06,0.0
2019-06-07,0.0
2019-06-08,0.0
2019-06-09,0.0
2019-06-10,0.0
2019-06-11,0.0
2019-06-12,0.0
2019-06-13,0.0
2019-06-14,0.0
2019-06-15,0.0
2019-06-16,0.0
2019-06-17,0.0
2019-06-18,0.0
2019-06-19,0.0
2019-06-20,0.0
2019-06-21,0.0
2019-06-22,0.0
2019-06-23,0.0
2019-06-24,0.0
2019-06-25,0.0
2019-06-26,0.0
2019-06-27,0.0
2019-06-28,0.0
2019-06-29,0.0
2019-06-30,0.0
2019-07-01,0.0
2019-07-02,0.0
2019-07-03,0.0
2019-07-04,0.0
2019-07-05,0.0
2019-07-06,0.0
2019-07-07,0.0
2019-07-08,0.0
2019-07-09,0.0
2019-07-10,0.0
2019-07-11,0.0
2019-07-12,0.0
2019-07-13,0.0
2019-07-14,0.0
2019-07-15,0.0
2019-07-16,0.0
2019-07-17,0.0
2019-07-18,0.0
2019-07-19,0.0
2019-07-20,0.0
2019-07-21,0.0
2019-07-22,0.0
2019-07-23,0.0
2019-07-24,0.0
2019-07-25,0.0
2019-07-26,0.0
2019-07-27,0.0
2019-07-28,0.0
2019-07-29,0.0
2019-07-30,0.0
2019-07-31,0.0
2019-08-01,0.0
2019-08-02,0.0
2019-08-03,0.0
2019-08-04,0.0
2019-08-05,0.0
2019-08-06,0.0
2019-08-07,0.0
2019-08-08,0.0
2019-08-09,0.0
2019-08-10,0.0
2019-08-11,0.0
2019-08-12,0.0
2019-08-13,0.0
2019-08-14,0.0
2019-08-15,0.0
2019-08-16,0.0
2019-08-17,0.0
2019-08-18,0.0
2019-08-19,0.0
2019-08-20,-0.08
2019-08-21,0.23714371964690922
2019-08-22,0.2979569004583373
2019-08-23,-0.20494433524443373
2019-08-24,0.034310025389417784
2019-08-25,0.034310025389417784
2019-08-26,0.2381934684445064
2019-08-27,-0.2828026731856863
2019-08-28,0.2545640012921521
2019-08-29,0.33489482052236497
2019-08-30,0.09843656011616947
2019-08-31,0.035612139287980286
2019-09-01,0.035612139287980286
2019-09-02,0.035612139287980286
2019-09-03,-0.38249661917633593
2019-09-04,0.19610488271600998
2019-09-05,0.5266170422772527
2019-09-06,0.12301822750542141
2019-09-07,0.036504139007761345
2019-09-08,0.036504139007761345
2019-09-09,0.1992646423029827
2019-09-10,0.0
2019-09-11,0.0
2019-09-12,0.0
2019-09-13,0.0
2019-09-14,0.0
2019-09-15,0.0
2019-09-16,0.0
2019-09-17,0.0
2019-09-18,0.0
2019-09-19,0.0
2019-09-20,0.0
2019-09-21,0.0
2019-09-22,0.0
2019-09-23,0.0
2019-09-24,0.0
2019-09-25,0.0
2019-09-26,0.0
2019-09-27,0.0
2019-09-28,0.0
2019-09-29,0.0
2019-09-30,0.0
2019-10-01,0.0
2019-10-02,0.0
2019-10-03,0.0
2019-10-04,0.0
2019-10-05,0.0
2019-10-06,0.0
2019-10-07,0.0
2019-10-08,0.0
2019-10-09,0.0
2019-10-10,0.0
2019-10-11,0.0
2019-10-12,0.0
2019-10-13,0.0
2019-10-14,0.0
2019-10-15,0.0
2019-10-16,0.0
2019-10-17,0.0
2019-10-18,0.0
2019-10-19,0.0
2019-10-20,0.0
2019-10-21,0.0
2019-10-22,0.0
2019-10-23,0.0
2019-10-24,0.0
2019-10-25,0.0
2019-10-26,0.0
2019-10-27,0.0
2019-10-28,0.0
2019-10-29,0.0
2019-10-30,0.0
2019-10-31,0.0
2019-11-01,0.0
2019-11-02,0.0
2019-11-03,0.0
2019-11-04,0.0
2019-11-05,0.0
2019-11-06,0.0
2019-11-07,0.0
2019-11-08,0.0
2019-11-09,0.0
2019-11-10,0.0
2019-11-11,0.0
2019-11-12,0.0
2019-11-13,0.0
2019-11-14,0.0
2019-11-15,0.0
2019-11-16,0.0
2019-11-17,0.0
2019-11-18,0.0
2019-11-19,0.0
2019-11-20,0.0
2019-11-21,0.0
2019-11-22,0.0
2019-11-23,0.0
2019-11-24,0.0
2019-11-25,0.0
2019-11-26,0.0
2019-11-27,0.0
2019-11-28,0.0
2019-11-29,0.0
2019-11-30,0.0
2019-12-01,0.0
2019-12-02,-0.08
2019-12-03,0.1083035645668504
2019-12-04,-0.12694256104989987
2019-12-05,0.19102840358916637
2019-12-06,0.33671855245204746
2019-12-07,0.02873080068240374
2019-12-08,0.02873080068240374
2019-12-09,0.030146845332995546
2019-12-10,0.00612430686165177
2019-12-11,-0.019747780848239457
2019-12-12,0.047430820177885046
2019-12-13,0.14977241180118578
2019-12-14,0.02892598275225655
2019-12-15,0.02892598275225655
2019-12-16,-0.14942127828046337
2019-12-17,0.39428297826827785
2019-12-18,-0.1404038940076014
2019-12-19,-0.19399354527944787
2019-12-20,0.23578657704048187
2019-12-21,0.028931842563738736
2019-12-22,-0.051068157436261266
2019-12-23,-0.08
2019-12-24,0.11042641186884601
2019-12-25,0.03266383730255247
2019-12-26,0.15993035132383093
2019-12-27,0.2054900140932794
2019-12-28,0.03349414243272422
2019-12-29,0.03349414243272422
2019-12-30,0.029513046219692862
2019-12-31,0.3994939393165339
2020-01-01,0.03449699486662485
2020-01-02,-0.006251042391574674
2020-01-03,0.037156853652166
2020-01-04,0.034391800121408266
2020-01-05,0.034391800121408266
2020-01-06,-0.09539734663967396
2020-01-07,-0.20321811231103004
2020-01-08,0.33834536096169016
2020-01-09,0.08111228197182807
2020-01-10,-0.011750827773953455
2020-01-11,0.03422205660436902
2020-01-12,-0.04577794339563098
2020-01-13,0.0
2020-01-14,0.0
2020-01-15,-0.08
2020-01-16,-0.1369380793184345
2020-01-17,0.3505824596794018
2020-01-18,0.03367453238566707
2020-01-19,0.03367453238566707
2020-01-20,0.03367453238566707
2020-01-21,0.05240205973545789
2020-01-22,0.043111827361283626
2020-01-23,-0.0339658666558435
2020-01-24,0.17808568739135705
2020-01-25,0.03396515714006883
2020-01-26,0.03396515714006883
2020-01-27,-0.008787359343768113
2020-01-28,-0.4916563439915588
2020-01-29,-0.7513231157603855
2020-01-30,0.13316823033011838
2020-01-31,-1.3982331177383767
2020-02-01,-0.08
2020-02-02,0.02392547786073637
2020-02-03,1.581823382846676
2020-02-04,0.2045478804421084
2020-02-05,-0.019716053588745595
2020-02-06,-0.19290661358878547
2020-02-07,0.00615331842163129
2020-02-08,0.027921126942087707
2020-02-09,0.027921126942087707
2020-02-10,0.1621079704120365
2020-02-11,-0.08470909060043753
2020-02-12,-0.15564471218367207
2020-02-13,-0.0177549830957893
2020-02-14,-0.36466913326452216
2020-02-15,0.026259961419777843
2020-02-16,0.026259961419777843
2020-02-17,0.026259961419777843
2020-02-18,0.26560463175627613
2020-02-19,-0.02252322088189257
2020-02-20,-0.025128090786166072
2020-02-21,-0.052600513742022015
2020-02-22,-0.08
2020-02-23,0.029811100420233484
2020-02-24,-0.14863232174169044
2020-02-25,0.19993345056334555
2020-02-26,0.07494946181576141
2020-02-27,-0.1524006851825785
2020-02-28,-0.6285581255660316
2020-02-29,0.02758686346017111
2020-03-01,0.02758686346017111
2020-03-02,-0.9152101739020213
2020-03-03,-0.6990657600666101
2020-03-04,0.0
2020-03-05,0.0
2020-03-06,0.0
2020-03-07,0.0
2020-03-08,0.0
2020-03-09,0.0
2020-03-10,0.0
2020-03-11,0.0
2020-03-12,0.0
2020-03-13,0.0
2020-03-14,-0.08
2020-03-15,-0.0743327212038122
2020-03-16,-0.08
2020-03-17,0.031227564000110078
2020-03-18,-0.08
2020-03-19,0.1837277363942027
2020-03-20,-0.08
2020-03-21,0.010337444203610843
2020-03-22,0.010337444203610843
2020-03-23,1.4283953919245183
2020-03-24,-2.8328268774966134
2020-03-25,-0.08
2020-03-26,7.069137983725248
2020-03-27,-0.08
2020-03-28,-0.09018119983099057
2020-03-29,-0.08
2020-03-30,0.5336043406871313
2020-03-31,-0.08
2020-04-01,0.9170236639793836
2020-04-02,-0.08
2020-04-03,-0.014609195974673563
2020-04-04,-4.0468686910453085e-05
2020-04-05,-4.0468686910453085e-05
2020-04-06,-0.1860759432547019
2020-04-07,-0.08
2020-04-08,0.02683675451529077
2020-04-09,-0.011739704249852668
2020-04-10,-0.00012569381966968365
2020-04-11,-0.00012569381966968365
2020-04-12,-0.00012569381966968365
2020-04-13,0.012996972160828044
2020-04-14,0.06427951349147933
2020-04-15,0.033264356505648844
2020-04-16,0.03330730746953679
2020-04-17,-0.011197874749261668
2020-04-18,0.00024085149622599095
2020-04-19,0.00024085149622599095
2020-04-20,0.006250593066487877
2020-04-21,0.041937378917275045
2020-04-22,0.06836065774864417
2020-04-23,0.019266121013330504
2020-04-24,0.04768797531965497
2020-04-25,0.0007435025525793959
2020-04-26,0.0007435025525793959
2020-04-27,-0.02468908157814302
2020-04-28,0.0
2020-04-29,0.0
2020-04-30,0.0
2020-05-01,0.0
2020-05-02,0.0
2020-05-03,0.0
2020-05-04,0.0
2020-05-05,0.0
2020-05-06,0.0
2020-05-07,0.0
2020-05-08,-0.08
2020-05-09,-0.009250444597779359
2020-05-10,-0.009250444597779359
2020-05-11,-0.19976529558447714
2020-05-12,0.7477322207564671
2020-05-13,0.007826579336482163
2020-05-14,-0.1500457322778839
2020-05-15,-0.11090775903771995
2020-05-16,-0.008316326370388165
2020-05-17,-0.008316326370388165
2020-05-18,-0.20212723197472848
2020-05-19,0.011652789469947803
2020-05-20,-0.3056712531447769
2020-05-21,-0.46310599127241525
2020-05-22,-0.8391297823661467
2020-05-23,-0.08
2020-05-24,-0.09340886495052557
2020-05-25,-0.08
2020-05-26,-1.3938005056921756
2020-05-27,-0.08
2020-05-28,0.24757083391149498
2020-05-29,0.08243377979137623
2020-05-30,-0.009271882177672278
2020-05-31,-0.009271882177672278
2020-06-01,1.3629172146934867
2020-06-02,-0.13730437901233697
2020-06-03,-0.5027556570012104
2020-06-04,0.163294041365846
2020-06-05,-0.16429244074241642
2020-06-06,-0.007176618607129633
2020-06-07,-0.007176618607129633
2020-06-08,0.1415908116667904
2020-06-09,0.0854998400524278
2020-06-10,0.12882517019970513
2020-06-11,0.1762234036662021
2020-06-12,0.014057629831899853
2020-06-13,-0.005574375124422364
2020-06-14,-0.005574375124422364
2020-06-15,-0.0063702746037141295
2020-06-16,0.0
2020-06-17,0.0
2020-06-18,0.0
2020-06-19,0.0
2020-06-20,0.0
2020-06-21,0.0
2020-06-22,0.0
2020-06-23,0.0
2020-06-24,0.0
2020-06-25,0.0
2020-06-26,0.0
2020-06-27,0.0
2020-06-28,0.0
2020-06-29,0.0
2020-06-30,0.0
2020-07-01,0.0
2020-07-02,0.0
2020-07-03,0.0
2020-07-04,0.0
2020-07-05,0.0
2020-07-06,0.0
2020-07-07,0.0
2020-07-08,-0.08
2020-07-09,-0.28357641848883275
2020-07-10,0.023947438920492153
2020-07-11,-0.019223003638974872
2020-07-12,-0.019223003638974872
2020-07-13,0.02744584186378952
2020-07-14,0.7835589592428248
2020-07-15,-0.11616921397988164
2020-07-16,0.39272624873892886
2020-07-17,0.2670967785579104
2020-07-18,-0.015225770851395665
2020-07-19,-0.015225770851395665
2020-07-20,0.4591464189368989
2020-07-21,0.10776444646789135
2020-07-22,-0.789800034500568
2020-07-23,-0.23068991484555612
2020-07-24,-0.18543839807015186
2020-07-25,-0.01678881821986555
2020-07-26,-0.01678881821986555
2020-07-27,1.1282263043181635
2020-07-28,0.973359624559539
2020-07-29,0.0
2020-07-30,0.0
2020-07-31,0.0
2020-08-01,0.0
2020-08-02,0.0
2020-08-03,0.0
2020-08-04,0.0
2020-08-05,0.0
2020-08-06,0.0
2020-08-07,0.0
2020-08-08,0.0
2020-08-09,0.0
2020-08-10,0.0
2020-08-11,0.0
2020-08-12,0.0
2020-08-13,0.0
2020-08-14,0.0
2020-08-15,0.0
2020-08-16,0.0
2020-08-17,0.0
2020-08-18,0.0
2020-08-19,0.0
2020-08-20,0.0
2020-08-21,0.0
2020-08-22,0.0
2020-08-23,0.0
2020-08-24,0.0
2020-08-25,0.0
2020-08-26,0.0
2020-08-27,0.0
2020-08-28,0.0
2020-08-29,0.0
2020-08-30,0.0
2020-08-31,0.0
2020-09-01,0.0
2020-09-02,0.0
2020-09-03,0.0
2020-09-04,0.0
2020-09-05,0.0
2020-09-06,0.0
2020-09-07,0.0
2020-09-08,0.0
2020-09-09,0.0
2020-09-10,0.0
2020-09-11,0.0
2020-09-12,0.0
2020-09-13,0.0
2020-09-14,0.0
2020-09-15,0.0
2020-09-16,0.0
2020-09-17,0.0
2020-09-18,0.0
2020-09-19,0.0
2020-09-20,0.0
2020-09-21,0.0
2020-09-22,0.0
2020-09-23,0.0
2020-09-24,0.0
2020-09-25,0.0
2020-09-26,0.0
2020-09-27,0.0
2020-09-28,0.0
2020-09-29,0.0
2020-09-30,0.0
2020-10-01,0.0
2020-10-02,0.0
2020-10-03,0.0
2020-10-04,0.0
2020-10-05,0.0
2020-10-06,0.0
2020-10-07,0.0
2020-10-08,0.0
2020-10-09,0.0
2020-10-10,0.0
2020-10-11,0.0
2020-10-12,0.0
2020-10-13,0.0
2020-10-14,0.0
2020-10-15,0.0
2020-10-16,0.0
2020-10-17,0.0
2020-10-18,0.0
2020-10-19,0.0
2020-10-20,0.0
2020-10-21,0.0
2020-10-22,0.0
2020-10-23,0.0
2020-10-24,0.0
2020-10-25,0.0
2020-10-26,0.0
2020-10-27,0.0
2020-10-28,0.0
2020-10-29,0.0
2020-10-30,0.0
2020-10-31,0.0
2020-11-01,0.0
2020-11-02,0.0
2020-11-03,0.0
2020-11-04,0.0
2020-11-05,0.0
2020-11-06,0.0
2020-11-07,0.0
2020-11-08,0.0
2020-11-09,0.0
2020-11-10,0.0
2020-11-11,0.0
2020-11-12,0.0
2020-11-13,0.0
2020-11-14,0.0
2020-11-15,0.0
2020-11-16,0.0
2020-11-17,0.0
2020-11-18,0.0
2020-11-19,0.0
2020-11-20,0.0
2020-11-21,0.0
2020-11-22,0.0
2020-11-23,0.0
2020-11-24,0.0
2020-11-25,0.0
2020-11-26,0.0
2020-11-27,0.0
2020-11-28,0.0
2020-11-29,0.0
2020-11-30,0.0
2020-12-01,0.0
2020-12-02,0.0
2020-12-03,0.0
2020-12-04,0.0
2020-12-05,0.0
2020-12-06,0.0
2020-12-07,0.0
2020-12-08,0.0
2020-12-09,0.0
2020-12-10,0.0
2020-12-11,0.0
2020-12-12,0.0
2020-12-13,0.0
2020-12-14,0.0
2020-12-15,0.0
2020-12-16,0.0
2020-12-17,0.0
2020-12-18,0.0
2020-12-19,0.0
2020-12-20,0.0
2020-12-21,0.0
2020-12-22,0.0
2020-12-23,0.0
2020-12-24,0.0
2020-12-25,0.0
2020-12-26,0.0
2020-12-27,0.0
2020-12-28,0.0
2020-12-29,0.0
2020-12-30,0.0
2020-12-31,0.0
2021-01-01,0.0
2021-01-02,0.0
2021-01-03,0.0
2021-01-04,0.0
2021-01-05,0.0
2021-01-06,0.0
2021-01-07,0.0
2021-01-08,0.0
2021-01-09,0.0
2021-01-10,0.0
2021-01-11,0.0
2021-01-12,0.0
2021-01-13,0.0
2021-01-14,0.0
2021-01-15,0.0
2021-01-16,0.0
2021-01-17,0.0
2021-01-18,0.0
2021-01-19,0.0
2021-01-20,0.0
2021-01-21,0.0
2021-01-22,0.0
2021-01-23,0.0
2021-01-24,0.0
2021-01-25,0.0
2021-01-26,0.0
2021-01-27,0.0
2021-01-28,0.0
2021-01-29,0.0
2021-01-30,0.0
2021-01-31,0.0
2021-02-01,0.0
2021-02-02,0.0
2021-02-03,0.0
2021-02-04,0.0
2021-02-05,0.0
2021-02-06,0.0
2021-02-07,0.0
2021-02-08,0.0
2021-02-09,0.0
2021-02-10,0.0
2021-02-11,0.0
2021-02-12,0.0
2021-02-13,0.0
2021-02-14,0.0
2021-02-15,0.0
2021-02-16,0.0
2021-02-17,0.0
2021-02-18,0.0
2021-02-19,0.0
2021-02-20,0.0
2021-02-21,0.0
2021-02-22,0.0
2021-02-23,0.0
2021-02-24,0.0
2021-02-25,0.0
2021-02-26,0.0
2021-02-27,0.0
2021-02-28,0.0
2021-03-01,0.0
2021-03-02,0.0
2021-03-03,0.0
2021-03-04,0.0
2021-03-05,0.0
2021-03-06,0.0
2021-03-07,0.0
2021-03-08,0.0
2021-03-09,0.0
2021-03-10,0.0
2021-03-11,0.0
2021-03-12,0.0
2021-03-13,0.0
2021-03-14,0.0
2021-03-15,0.0
2021-03-16,0.0
2021-03-17,0.0
2021-03-18,0.0
2021-03-19,0.0
2021-03-20,0.0
2021-03-21,0.0
2021-03-22,0.0
2021-03-23,0.0
2021-03-24,0.0
2021-03-25,0.0
2021-03-26,0.0
2021-03-27,0.0
2021-03-28,0.0
2021-03-29,0.0
2021-03-30,0.0
2021-03-31,0.0
2021-04-01,0.0
2021-04-02,0.0
2021-04-03,0.0
2021-04-04,0.0
2021-04-05,0.0
2021-04-06,0.0
2021-04-07,0.0
2021-04-08,0.0
2021-04-09,0.0
2021-04-10,0.0
2021-04-11,0.0
2021-04-12,0.0
2021-04-13,0.0
2021-04-14,0.0
2021-04-15,0.0
2021-04-16,0.0
2021-04-17,0.0
2021-04-18,0.0
2021-04-19,0.0
2021-04-20,0.0
2021-04-21,0.0
2021-04-22,0.0
2021-04-23,0.0
2021-04-24,0.0
2021-04-25,0.0
2021-04-26,0.0
2021-04-27,0.0
2021-04-28,0.0
2021-04-29,0.0
2021-04-30,0.0
2021-05-01,0.0
2021-05-02,0.0
2021-05-03,0.0
2021-05-04,0.0
2021-05-05,0.0
2021-05-06,0.0
2021-05-07,0.0
2021-05-08,0.0
2021-05-09,0.0
2021-05-10,0.0
2021-05-11,0.0
2021-05-12,0.0
2021-05-13,0.0
2021-05-14,0.0
2021-05-15,0.0
2021-05-16,0.0
2021-05-17,0.0
2021-05-18,0.0
2021-05-19,0.0
2021-05-20,0.0
2021-05-21,0.0
2021-05-22,0.0
2021-05-23,0.0
2021-05-24,0.0
2021-05-25,0.0
2021-05-26,0.0
2021-05-27,0.0
2021-05-28,0.0
2021-05-29,0.0
2021-05-30,0.0
2021-05-31,0.0
2021-06-01,0.0
2021-06-02,0.0
2021-06-03,0.0
2021-06-04,0.0
2021-06-05,0.0
2021-06-06,0.0
2021-06-07,0.0
2021-06-08,0.0
2021-06-09,0.0
2021-06-10,0.0
2021-06-11,0.0
2021-06-12,0.0
2021-06-13,0.0
2021-06-14,0.0
2021-06-15,0.0
2021-06-16,0.0
2021-06-17,0.0
2021-06-18,0.0
2021-06-19,0.0
2021-06-20,0.0
2021-06-21,0.0
2021-06-22,0.0
2021-06-23,0.0
2021-06-24,0.0
2021-06-25,0.0
2021-06-26,0.0
2021-06-27,0.0
2021-06-28,0.0
2021-06-29,0.0
2021-06-30,0.0
2021-07-01,0.0
2021-07-02,0.0
2021-07-03,0.0
2021-07-04,0.0
2021-07-05,0.0
2021-07-06,0.0
2021-07-07,0.0
2021-07-08,0.0
2021-07-09,0.0
2021-07-10,0.0
2021-07-11,0.0
2021-07-12,0.0
2021-07-13,0.0
2021-07-14,0.0
2021-07-15,0.0
2021-07-16,0.0
2021-07-17,0.0
2021-07-18,0.0
2021-07-19,0.0
2021-07-20,0.0
2021-07-21,0.0
2021-07-22,0.0
2021-07-23,0.0
2021-07-24,0.0
2021-07-25,0.0
2021-07-26,0.0
2021-07-27,0.0
2021-07-28,0.0
2021-07-29,0.0
2021-07-30,0.0
2021-07-31,0.0
2021-08-01,0.0
2021-08-02,0.0
2021-08-03,0.0
2021-08-04,0.0
2021-08-05,0.0
2021-08-06,0.0
2021-08-07,0.0
2021-08-08,0.0
2021-08-09,0.0
2021-08-10,0.0
2021-08-11,0.0
2021-08-12,0.0
2021-08-13,0.0
2021-08-14,0.0
2021-08-15,0.0
2021-08-16,0.0
2021-08-17,0.0
2021-08-18,0.0
2021-08-19,0.0
2021-08-20,0.0
2021-08-21,0.0
2021-08-22,0.0
2021-08-23,0.0
2021-08-24,0.0
2021-08-25,0.0
2021-08-26,0.0
2021-08-27,0.0
2021-08-28,0.0
2021-08-29,0.0
2021-08-30,0.0
2021-08-31,0.0
2021-09-01,0.0
2021-09-02,0.0
2021-09-03,0.0
2021-09-04,0.0
2021-09-05,0.0
2021-09-06,0.0
2021-09-07,0.0
2021-09-08,0.0
2021-09-09,0.0
2021-09-10,0.0
2021-09-11,0.0
2021-09-12,0.0
2021-09-13,0.0
2021-09-14,0.0
2021-09-15,0.0
2021-09-16,0.0
2021-09-17,0.0
2021-09-18,0.0
2021-09-19,0.0
2021-09-20,0.0
2021-09-21,0.0
2021-09-22,0.0
2021-09-23,0.0
2021-09-24,0.0
2021-09-25,0.0
2021-09-26,0.0
2021-09-27,0.0
2021-09-28,0.0
2021-09-29,0.0
2021-09-30,0.0
2021-10-01,0.0
2021-10-02,0.0
2021-10-03,0.0
2021-10-04,0.0
2021-10-05,0.0
2021-10-06,0.0
2021-10-07,0.0
2021-10-08,0.0
2021-10-09,0.0
2021-10-10,0.0
2021-10-11,0.0
2021-10-12,0.0
2021-10-13,0.0
2021-10-14,0.0
2021-10-15,0.0
2021-10-16,0.0
2021-10-17,0.0
2021-10-18,0.0
2021-10-19,0.0
2021-10-20,0.0
2021-10-21,0.0
2021-10-22,0.0
2021-10-23,0.0
2021-10-24,0.0
2021-10-25,0.0
2021-10-26,0.0
2021-10-27,0.0
2021-10-28,0.0
2021-10-29,0.0
2021-10-30,0.0
2021-10-31,0.0
2021-11-01,0.0
2021-11-02,0.0
2021-11-03,0.0
2021-11-04,0.0
2021-11-05,0.0
2021-11-06,0.0
2021-11-07,0.0
2021-11-08,0.0
2021-11-09,0.0
2021-11-10,0.0
2021-11-11,0.0
2021-11-12,0.0
2021-11-13,0.0
2021-11-14,0.0
2021-11-15,0.0
2021-11-16,0.0
2021-11-17,0.0
2021-11-18,0.0
2021-11-19,0.0
2021-11-20,0.0
2021-11-21,0.0
2021-11-22,0.0
2021-11-23,0.0
2021-11-24,0.0
2021-11-25,0.0
2021-11-26,0.0
2021-11-27,0.0
2021-11-28,0.0
2021-11-29,0.0
2021-11-30,0.0
2021-12-01,0.0
2021-12-02,0.0
2021-12-03,0.0
2021-12-04,0.0
2021-12-05,0.0
2021-12-06,0.0
2021-12-07,0.0
2021-12-08,0.0
2021-12-09,0.0
2021-12-10,0.0
2021-12-11,0.0
2021-12-12,0.0
2021-12-13,0.0
2021-12-14,0.0
2021-12-15,0.0
2021-12-16,0.0
2021-12-17,0.0
2021-12-18,0.0
2021-12-19,0.0
2021-12-20,0.0
2021-12-21,0.0
2021-12-22,0.0
2021-12-23,0.0
2021-12-24,0.0
2021-12-25,0.0
2021-12-26,0.0
2021-12-27,0.0
2021-12-28,0.0
2021-12-29,0.0
2021-12-30,0.0
2021-12-31,0.0
2022-01-01,0.0
2022-01-02,0.0
2022-01-03,0.0
2022-01-04,0.0
2022-01-05,0.0
2022-01-06,0.0
2022-01-07,0.0
2022-01-08,0.0
2022-01-09,0.0
2022-01-10,0.0
2022-01-11,0.0
2022-01-12,0.0
2022-01-13,0.0
2022-01-14,0.0
2022-01-15,0.0
2022-01-16,0.0
2022-01-17,0.0
2022-01-18,0.0
2022-01-19,0.0
2022-01-20,0.0
2022-01-21,0.0
2022-01-22,0.0
2022-01-23,0.0
2022-01-24,0.0
2022-01-25,0.0
2022-01-26,0.0
2022-01-27,0.0
2022-01-28,0.0
2022-01-29,0.0
2022-01-30,0.0
2022-01-31,0.0
2022-02-01,0.0
2022-02-02,0.0
2022-02-03,0.0
2022-02-04,0.0
2022-02-05,0.0
2022-02-06,0.0
2022-02-07,0.0
2022-02-08,0.0
2022-02-09,0.0
2022-02-10,0.0
2022-02-11,0.0
2022-02-12,0.0
2022-02-13,0.0
2022-02-14,0.0
2022-02-15,0.0
2022-02-16,0.0
2022-02-17,0.0
2022-02-18,0.0
2022-02-19,0.0
2022-02-20,0.0
2022-02-21,0.0
2022-02-22,0.0
2022-02-23,0.0
2022-02-24,0.0
2022-02-25,0.0
2022-02-26,0.0
2022-02-27,0.0
2022-02-28,0.0
2022-03-01,0.0
2022-03-02,0.0
2022-03-03,0.0
2022-03-04,0.0
2022-03-05,0.0
2022-03-06,0.0
2022-03-07,0.0
2022-03-08,0.0
2022-03-09,0.0
2022-03-10,0.0
2022-03-11,0.0
2022-03-12,0.0
2022-03-13,0.0
2022-03-14,0.0
2022-03-15,0.0
2022-03-16,-0.08
2022-03-17,0.2023775821621557
2022-03-18,0.4048919892271537
2022-03-19,-0.014720513720318516
2022-03-20,-0.014720513720318516
2022-03-21,-0.8227540860987688
2022-03-22,0.0735451484081584
2022-03-23,-0.08256302137847733
2022-03-24,-0.16668849946821834
2022-03-25,-0.15693237036304084
2022-03-26,-0.017692284608336512
2022-03-27,-0.017692284608336512
2022-03-28,0.7391857578119375
2022-03-29,-1.1458716031335208
2022-03-30,0.4015662098275511
2022-03-31,0.8339161273253021
2022-04-01,-0.8989805007593413
2022-04-02,-0.0176518506188655
2022-04-03,-0.0176518506188655
2022-04-04,-0.2142010502715673
2022-04-05,-0.46724387228301933
2022-04-06,0.0
2022-04-07,0.0
2022-04-08,0.0
2022-04-09,0.0
2022-04-10,0.0
2022-04-11,0.0
2022-04-12,-0.08
2022-04-13,0.13740116041477296
2022-04-14,0.05940282330213488
2022-04-15,-0.02312289689211583
2022-04-16,-0.02312289689211583
2022-04-17,-0.02312289689211583
2022-04-18,-0.3025294586627166
2022-04-19,0.0
2022-04-20,0.0
2022-04-21,0.0
2022-04-22,0.0
2022-04-23,0.0
2022-04-24,0.0
2022-04-25,0.0
2022-04-26,-0.08
2022-04-27,0.03912079021433506
2022-04-28,-0.1773531483115092
2022-04-29,0.2494953194783406
2022-04-30,-0.030587736711400994
2022-05-01,-0.030587736711400994
2022-05-02,-0.47975103485514714
2022-05-03,-0.3959253237549473
2022-05-04,-0.08
2022-05-05,0.17410921175008784
2022-05-06,-0.15057070513429668
2022-05-07,-0.0333077673713514
2022-05-08,-0.0333077673713514
2022-05-09,-0.025264677906189893
2022-05-10,-0.31433647908091816
2022-05-11,0.21522417183524667
2022-05-12,0.27749188913862805
2022-05-13,0.5378021595927239
2022-05-14,-0.030932531462133466
2022-05-15,-0.030932531462133466
2022-05-16,0.3420723975094854
2022-05-17,-0.16901817979554215
2022-05-18,-0.04834636561211547
2022-05-19,-0.046018184854007126
2022-05-20,0.47321367961318356
2022-05-21,-0.028983133656411766
2022-05-22,-0.028983133656411766
2022-05-23,0.33442362081084503
2022-05-24,0.15131563280906207
2022-05-25,-0.08
2022-05-26,-0.1866957870472215
2022-05-27,0.4874033010032641
2022-05-28,-0.02744854391129792
2022-05-29,-0.02744854391129792
2022-05-30,-0.02744854391129792
2022-05-31,0.42406436280913473
2022-06-01,-3.799266637823786
2022-06-02,0.12383561609130372
2022-06-03,-0.35121078684852414
2022-06-04,-0.03707756491894396
2022-06-05,-0.03707756491894396
2022-06-06,-0.2500961508944364
2022-06-07,-0.3061501006555974
2022-06-08,-0.17023320616872722
2022-06-09,0.09828417852036178
2022-06-10,0.12937210306344232
2022-06-11,-0.03793211681161341
2022-06-12,-0.03793211681161341
2022-06-13,-0.3646084434766249
2022-06-14,-1.1032695846529226
2022-06-15,0.0
2022-06-16,0.0
2022-06-17,0.0
2022-06-18,0.0
2022-06-19,-0.08
2022-06-20,-0.02533183606034156
2022-06-21,-0.03428366718499373
2022-06-22,-0.027348309757874684
2022-06-23,0.13602325535756019
2022-06-24,-0.22681925321755667
2022-06-25,-0.025474390784387627
2022-06-26,-0.025474390784387627
2022-06-27,-0.15568075691066785
2022-06-28,-0.04427086347679608
2022-06-29,0.05799009151781866
2022-06-30,-0.07792094443401663
2022-07-01,0.048031061393274316
2022-07-02,-0.025594067864971773
2022-07-03,-0.025594067864971773
2022-07-04,-0.025594067864971773
2022-07-05,-0.22254607170393909
2022-07-06,0.1480647204959864
2022-07-07,-0.008620201001953404
2022-07-08,-0.011813503015479062
2022-07-09,-0.10557167002065741
2022-07-10,0.0
2022-07-11,0.0
2022-07-12,0.0
2022-07-13,0.0
2022-07-14,0.0
2022-07-15,0.0
2022-07-16,0.0
2022-07-17,0.0
2022-07-18,-0.08
2022-07-19,0.3244255318167999
2022-07-20,-0.476664954090307
2022-07-21,-0.2905203859875841
2022-07-22,0.2504484173637019
2022-07-23,-0.03728538824882261
2022-07-24,-0.03728538824882261
2022-07-25,-0.8141145560514783
2022-07-26,-0.5853580975823967
2022-07-27,-1.0966747993119186
2022-07-28,0.588032351014659
2022-07-29,0.24010194527211637
2022-07-30,-0.04134174141029134
2022-07-31,-0.04134174141029134
2022-08-01,-2.4994846485357236
2022-08-02,0.14426090926343513
2022-08-03,-0.699666000338518
2022-08-04,-0.43172028422528796
2022-08-05,-0.21118177224608764
2022-08-06,-0.05092837186278871
2022-08-07,-0.13092837186278872
2022-08-08,0.0
2022-08-09,0.0
2022-08-10,-0.08
2022-08-11,-0.04412449730159092
2022-08-12,0.07940676910274094
2022-08-13,-0.018931266657187525
2022-08-14,-0.018931266657187525
2022-08-15,-0.01806657285385587
2022-08-16,-0.11888428756049858
2022-08-17,-0.0020316040896159147
2022-08-18,0.027648055216666866
2022-08-19,0.0858850748507838
2022-08-20,-0.018737905805780844
2022-08-21,-0.018737905805780844
2022-08-22,-0.005871061123815274
2022-08-23,0.09940906782813791
2022-08-24,0.12025023101919931
2022-08-25,-0.04984973581459478
2022-08-26,0.17768359527106534
2022-08-27,-0.017537053266974575
2022-08-28,-0.017537053266974575
2022-08-29,-0.017900792205749187
2022-08-30,-0.2861185895348066
2022-08-31,-0.08
2022-09-01,-0.9345940492157003
2022-09-02,0.2668113949508361
2022-09-03,-0.04749324705393406
2022-09-04,-0.04749324705393406
2022-09-05,-0.04749324705393406
2022-09-06,0.03548174789701189
2022-09-07,-0.0783501838219047
2022-09-08,-0.12329252784218174
2022-09-09,-0.32163344814777717
2022-09-10,-0.04831908742007606
2022-09-11,-0.04831908742007606
2022-09-12,0.07261821712335403
2022-09-13,-1.18453051596812
2022-09-14,-1.2287772904973278
2022-09-15,0.30986294852847174
2022-09-16,-0.35003266903016866
2022-09-17,-0.05420729680876095
2022-09-18,-0.05420729680876095
2022-09-19,0.0682286985259401
2022-09-20,0.7097891694068923
2022-09-21,-0.08
2022-09-22,0.27000316809726166
2022-09-23,-1.0369745893827402
2022-09-24,-0.03803312957095579
2022-09-25,-0.03803312957095579
2022-09-26,0.4538719560745907
2022-09-27,0.12177388030055933
2022-09-28,0.23004004708251674
2022-09-29,-0.5783591252503065
2022-09-30,0.6539829677069435
2022-10-01,-0.03508372020319757
2022-10-02,-0.03508372020319757
2022-10-03,-3.992779871211399
2022-10-04,-0.15249306153607106
2022-10-05,-0.39554776051300383
2022-10-06,-0.17476108708249904
2022-10-07,-0.1634225247720386
2022-10-08,-0.04798278061488673
2022-10-09,-0.04798278061488673
2022-10-10,-0.5315025230229853
2022-10-11,0.11481586220618491
2022-10-12,-0.08
2022-10-13,-0.11070010304238022
2022-10-14,-0.17178995407928535
2022-10-15,-0.017934520644756917
2022-10-16,-0.017934520644756917
2022-10-17,0.08697267068814118
2022-10-18,-0.04918729927225615
2022-10-19,-0.10233633892851693
2022-10-20,-0.05458597541309814
2022-10-21,0.05872053292071484
2022-10-22,-0.01785439297901357
2022-10-23,-0.01785439297901357
2022-10-24,-0.07285872149315314
2022-10-25,-0.09536121371757844
2022-10-26,0.025914655974376775
2022-10-27,-0.12444278284082134
2022-10-28,-0.05566801992755875
2022-10-29,-0.018496613902602155
2022-10-30,-0.018496613902602155
2022-10-31,0.011628249054713064
2022-11-01,-0.0155938191661351
2022-11-02,-0.08
2022-11-03,-0.19100686557894414
2022-11-04,0.6430869125488853
2022-11-05,-0.07076468316629499
2022-11-06,-0.07076468316629499
2022-11-07,-0.011478995912605594
2022-11-08,0.4566607058298918
2022-11-09,-0.28116012609851027
2022-11-10,0.5044080207703708
2022-11-11,0.15011740152670003
2022-11-12,-0.06753222867849443
2022-11-13,-0.06753222867849443
2022-11-14,0.37971180076988653
2022-11-15,-1.6172743135963759
2022-11-16,-0.7740538485262529
2022-11-17,0.43145697560999396
2022-11-18,0.1517238792226871
2022-11-19,-0.07052485952993687
2022-11-20,-0.07052485952993687
2022-11-21,-0.9905806384769099
2022-11-22,0.027308176502148326
2022-11-23,-0.08
2022-11-24,-0.07185135701968427
2022-11-25,0.05236874276776593
2022-11-26,-0.07150725702027305
2022-11-27,-0.07150725702027305
2022-11-28,-0.6263069167484603
2022-11-29,-0.47581712647886537
2022-11-30,2.3421052417671806
2022-12-01,-1.1614456585260087
2022-12-02,-0.1492528708887169
2022-12-03,-0.07071513135218635
2022-12-04,-0.07071513135218635
2022-12-05,-0.648034617021582
2022-12-06,-0.05620347566027635
2022-12-07,0.154089666822508
2022-12-08,-0.021395374981130658
2022-12-09,0.05964877680691179
2022-12-10,-0.07114019954825994
2022-12-11,-0.07114019954825994
2022-12-12,-0.16409866525702294
2022-12-13,0.4849473780711298
2022-12-14,0.0
2022-12-15,0.0
2022-12-16,0.0
2022-12-17,0.0
2022-12-18,0.0
2022-12-19,0.0
2022-12-20,0.0
2022-12-21,0.0
2022-12-22,0.0
2022-12-23,0.0
2022-12-24,0.0
2022-12-25,0.0
2022-12-26,0.0
2022-12-27,0.0
2022-12-28,0.0
2022-12-29,0.0
2022-12-30,0.0
2023-01-01,0.0
2023-01-02,0.0
2023-01-03,0.0
2023-01-04,0.0
2023-01-05,0.0
2023-01-06,0.0
2023-01-07,0.0
2023-01-08,0.0
2023-01-09,0.0
2023-01-10,0.0
2023-01-11,0.0
2023-01-12,0.0
2023-01-13,0.0
2023-01-14,0.0
2023-01-15,0.0
2023-01-16,0.0
2023-01-17,0.0
2023-01-18,0.0
2023-01-19,0.0
2023-01-20,0.0
2023-01-21,0.0
2023-01-22,0.0
2023-01-23,0.0
2023-01-24,0.0
2023-01-25,0.0
2023-01-26,0.0
2023-01-27,0.0
2023-01-28,0.0
2023-01-29,0.0
2023-01-30,0.0
2023-01-31,0.0
2023-02-01,0.0
2023-02-02,0.0
2023-02-03,0.0
2023-02-04,0.0
2023-02-05,-0.08
2023-02-06,0.12936469758041008
2023-02-07,-0.16118368948989364
2023-02-08,-0.4759272313117495
2023-02-09,0.07087273957099044
2023-02-10,0.029032101695075016
2023-02-11,-0.07550035941787887
2023-02-12,-0.07550035941787887
2023-02-13,-0.0722160684912016
2023-02-14,-0.21173697143584758
2023-02-15,-0.37419993815702884
2023-02-16,-0.14471927275953184
2023-02-17,0.06446569075745417
2023-02-18,-0.0764919596415598
2023-02-19,-0.0764919596415598
2023-02-20,-0.0764919596415598
2023-02-21,-0.19189206830676817
2023-02-22,-0.25800152757540373
2023-02-23,-0.3019028507204891
2023-02-24,-0.22812406573637922
2023-02-25,-0.15835170400964932
2023-02-26,-0.08
2023-02-27,0.21018735650945888
2023-02-28,0.43544492417914515
2023-03-01,-0.2781247579225675
2023-03-02,-0.3166207063089377
2023-03-03,0.13495301802223358
2023-03-04,-0.0767674330615409
2023-03-05,-0.0767674330615409
2023-03-06,-0.0767674330615409
2023-03-07,-0.6036197953680171
2023-03-08,-0.43641461811900456
2023-03-09,0.33694878285154384
2023-03-10,0.5778156349123901
2023-03-11,-0.07624940089756417
2023-03-12,-0.07624940089756417
2023-03-13,1.1107216780294267
2023-03-14,-0.15014949787526388
2023-03-15,-0.2693669433088218
2023-03-16,-0.029491464151370786
2023-03-17,0.6062593570633313
2023-03-18,-0.15171290789400252
2023-03-19,0.0
2023-03-20,0.0
2023-03-21,0.0
2023-03-22,0.0
2023-03-23,0.0
2023-03-24,0.0
2023-03-25,0.0
2023-03-26,0.0
2023-03-27,0.0
2023-03-28,0.0
2023-03-29,0.0
2023-03-30,0.0
2023-03-31,0.0
2023-04-01,0.0
2023-04-02,0.0
2023-04-03,0.0
2023-04-04,0.0
2023-04-05,0.0
2023-04-06,0.0
2023-04-07,0.0
2023-04-08,0.0
2023-04-09,0.0
2023-04-10,0.0
2023-04-11,0.0
2023-04-12,0.0
2023-04-13,0.0
2023-04-14,0.0
2023-04-15,0.0
2023-04-16,0.0
2023-04-17,0.0
2023-04-18,0.0
2023-04-19,0.0
2023-04-20,0.0
2023-04-21,0.0
2023-04-22,0.0
2023-04-23,0.0
2023-04-24,0.0
2023-04-25,0.0
2023-04-26,0.0
2023-04-27,0.0
2023-04-28,0.0
2023-04-29,0.0
2023-04-30,0.0
2023-05-01,0.0
2023-05-02,0.0
2023-05-03,0.0
2023-05-04,0.0
2023-05-05,0.0
2023-05-06,0.0
2023-05-07,0.0
2023-05-08,0.0
2023-05-09,0.0
2023-05-10,0.0
2023-05-11,0.0
2023-05-12,0.0
2023-05-13,0.0
2023-05-14,0.0
2023-05-15,0.0
2023-05-16,0.0
2023-05-17,0.0
2023-05-18,0.0
2023-05-19,0.0
2023-05-20,0.0
2023-05-21,0.0
2023-05-22,0.0
2023-05-23,0.0
2023-05-24,0.0
2023-05-25,0.0
2023-05-26,0.0
2023-05-27,0.0
2023-05-28,0.0
2023-05-29,0.0
2023-05-30,0.0
2023-05-31,0.0
2023-06-01,0.0
2023-06-02,0.0
2023-06-03,0.0
2023-06-04,0.0
2023-06-05,0.0
2023-06-06,0.0
2023-06-07,0.0
2023-06-08,0.0
2023-06-09,0.0
2023-06-10,0.0
2023-06-11,0.0
2023-06-12,0.0
2023-06-13,0.0
2023-06-14,0.0
2023-06-15,0.0
2023-06-16,0.0
2023-06-17,0.0
2023-06-18,0.0
2023-06-19,0.0
2023-06-20,0.0
2023-06-21,0.0
2023-06-22,0.0
2023-06-23,0.0
2023-06-24,0.0
2023-06-25,0.0
2023-06-26,0.0
2023-06-27,0.0
2023-06-28,0.0
2023-06-29,0.0
2023-06-30,0.0
2023-07-01,0.0
2023-07-02,0.0
2023-07-03,0.0
2023-07-04,0.0
2023-07-05,0.0
2023-07-06,0.0
2023-07-07,0.0
2023-07-08,0.0
2023-07-09,0.0
2023-07-10,0.0
2023-07-11,0.0
2023-07-12,0.0
2023-07-13,0.0
2023-07-14,0.0
2023-07-15,0.0
2023-07-16,0.0
2023-07-17,0.0
2023-07-18,0.0
2023-07-19,0.0
2023-07-20,0.0
2023-07-21,0.0
2023-07-22,0.0
2023-07-23,0.0
2023-07-24,0.0
2023-07-25,0.0
2023-07-26,0.0
2023-07-27,0.0
2023-07-28,0.0
2023-07-29,0.0
2023-07-30,0.0
2023-07-31,0.0
2023-08-01,0.0
2023-08-02,0.0
2023-08-03,0.0
2023-08-04,0.0
2023-08-05,0.0
2023-08-06,0.0
2023-08-07,0.0
2023-08-08,0.0
2023-08-09,0.0
2023-08-10,0.0
2023-08-11,0.0
2023-08-12,0.0
2023-08-13,0.0
2023-08-14,0.0
2023-08-15,0.0
2023-08-16,0.0
2023-08-17,0.0
2023-08-18,0.0
2023-08-19,0.0
2023-08-20,0.0
2023-08-21,0.0
2023-08-22,0.0
2023-08-23,0.0
2023-08-24,0.0
2023-08-25,0.0
2023-08-26,0.0
2023-08-27,0.0
2023-08-28,0.0
2023-08-29,0.0
2023-08-30,0.0
2023-08-31,0.0
2023-09-01,0.0
2023-09-02,0.0
2023-09-03,0.0
2023-09-04,0.0
2023-09-05,0.0
2023-09-06,0.0
2023-09-07,0.0
2023-09-08,0.0
2023-09-09,0.0
2023-09-10,0.0
2023-09-11,0.0
2023-09-12,0.0
2023-09-13,0.0
2023-09-14,0.0
2023-09-15,0.0
2023-09-16,0.0
2023-09-17,0.0
2023-09-18,0.0
2023-09-19,0.0
2023-09-20,0.0
2023-09-21,0.0
2023-09-22,0.0
2023-09-23,0.0
2023-09-24,0.0
2023-09-25,0.0
2023-09-26,0.0
2023-09-27,0.0
2023-09-28,0.0
2023-09-29,0.0
2023-10-01,0.0
2023-10-02,0.0
2023-10-03,0.0
2023-10-04,0.0
2023-10-05,0.0
2023-10-06,0.0
2023-10-07,0.0
2023-10-08,0.0
2023-10-09,0.0
2023-10-10,0.0
2023-10-11,0.0
2023-10-12,0.0
2023-10-13,0.0
2023-10-14,0.0
2023-10-15,0.0
2023-10-16,0.0
2023-10-17,0.0
2023-10-18,0.0
2023-10-19,0.0
2023-10-20,0.0
2023-10-21,0.0
2023-10-22,0.0
2023-10-23,0.0
2023-10-24,0.0
2023-10-25,0.0
2023-10-26,0.0
2023-10-27,0.0
2023-10-28,0.0
2023-10-29,0.0
2023-10-30,0.0
2023-10-31,0.0
2023-11-01,0.0
2023-11-02,0.0
2023-11-03,0.0
2023-11-04,0.0
2023-11-05,0.0
2023-11-06,0.0
2023-11-07,0.0
2023-11-08,0.0
2023-11-09,0.0
2023-11-10,0.0
2023-11-11,0.0
2023-11-12,0.0
2023-11-13,0.0
2023-11-14,0.0
2023-11-15,0.0
2023-11-16,0.0
2023-11-17,0.0
2023-11-18,0.0
2023-11-19,0.0
2023-11-20,0.0
2023-11-21,0.0
2023-11-22,0.0
2023-11-23,0.0
2023-11-24,0.0
2023-11-25,0.0
2023-11-26,0.0
2023-11-27,0.0
2023-11-28,0.0
2023-11-29,0.0
2023-11-30,0.0
2023-12-01,0.0
2023-12-02,0.0
2023-12-03,0.0
2023-12-04,0.0
2023-12-05,0.0
2023-12-06,0.0
2023-12-07,0.0
2023-12-08,0.0
2023-12-09,0.0
2023-12-10,0.0
2023-12-11,0.0
2023-12-12,0.0
2023-12-13,0.0
2023-12-14,0.0
2023-12-15,0.0
2023-12-16,0.0
2023-12-17,0.0
2023-12-18,0.0
2023-12-19,0.0
2023-12-20,0.0
2023-12-21,0.0
2023-12-22,0.0
2023-12-23,0.0
2023-12-24,0.0
2023-12-25,0.0
2023-12-26,0.0
2023-12-27,0.0
2023-12-28,0.0
2023-12-29,0.0
2023-12-30,0.0
2023-12-31,0.0
2024-01-01,0.0
2024-01-02,0.0
2024-01-03,0.0
2024-01-04,0.0
2024-01-05,0.0
2024-01-06,0.0
2024-01-07,0.0
2024-01-08,0.0
2024-01-09,0.0
2024-01-10,0.0
2024-01-11,0.0
2024-01-12,0.0
2024-01-13,0.0
2024-01-14,0.0
2024-01-15,0.0
2024-01-16,0.0
2024-01-17,0.0
2024-01-18,0.0
2024-01-19,0.0
2024-01-20,0.0
2024-01-21,0.0
2024-01-22,0.0
2024-01-23,0.0
2024-01-24,0.0
2024-01-25,0.0
2024-01-26,0.0
2024-01-27,0.0
2024-01-28,0.0
2024-01-29,0.0
2024-01-30,0.0
2024-01-31,0.0
2024-02-01,0.0
2024-02-02,0.0
2024-02-03,0.0
2024-02-04,0.0
2024-02-05,0.0
2024-02-06,0.0
2024-02-07,0.0
2024-02-08,0.0
2024-02-09,0.0
2024-02-10,0.0
2024-02-11,0.0
2024-02-12,0.0
2024-02-13,0.0
2024-02-14,0.0
2024-02-15,0.0
2024-02-16,0.0
2024-02-17,0.0
2024-02-18,0.0
2024-02-19,0.0
2024-02-20,0.0
2024-02-21,0.0
2024-02-22,0.0
2024-02-23,0.0
2024-02-24,0.0
2024-02-25,0.0
2024-02-26,0.0
2024-02-27,0.0
2024-02-28,0.0
2024-02-29,0.0
2024-03-01,0.0
2024-03-03,0.0
2024-03-04,0.0
2024-03-05,0.0
2024-03-06,0.0
2024-03-07,0.0
2024-03-08,0.0
2024-03-09,0.0
2024-03-10,0.0
2024-03-11,0.0
2024-03-12,0.0
2024-03-13,0.0
2024-03-14,0.0
2024-03-15,0.0
2024-03-16,0.0
2024-03-17,0.0
2024-03-18,0.0
2024-03-19,0.0
2024-03-20,0.0
2024-03-21,0.0
2024-03-22,0.0
2024-03-23,0.0
2024-03-24,0.0
2024-03-25,0.0
2024-03-26,0.0
2024-03-27,0.0
2024-03-28,0.0
2024-03-29,0.0
2024-03-30,0.0
2024-03-31,0.0
2024-04-01,0.0
2024-04-02,0.0
2024-04-03,0.0
2024-04-04,0.0
2024-04-05,0.0
2024-04-06,0.0
2024-04-07,0.0
2024-04-08,0.0
2024-04-09,0.0
2024-04-10,0.0
2024-04-11,0.0
2024-04-12,0.0
2024-04-13,0.0
2024-04-14,0.0
2024-04-15,0.0
2024-04-16,0.0
2024-04-17,0.0
2024-04-18,0.0
2024-04-19,0.0
2024-04-20,0.0
2024-04-21,0.0
2024-04-22,0.0
2024-04-23,0.0
2024-04-24,0.0
2024-04-25,0.0
2024-04-26,0.0
2024-04-27,0.0
2024-04-28,0.0
2024-04-29,0.0
2024-04-30,0.0
2024-05-01,0.0
2024-05-02,0.0
2024-05-03,0.0
2024-05-04,0.0
2024-05-05,0.0
2024-05-06,0.0
2024-05-07,0.0
2024-05-08,0.0
2024-05-09,0.0
2024-05-10,0.0
2024-05-11,0.0
2024-05-12,0.0
2024-05-13,0.0
2024-05-14,0.0
2024-05-15,0.0
2024-05-16,0.0
2024-05-17,0.0
2024-05-18,0.0
2024-05-19,0.0
2024-05-20,0.0
2024-05-21,0.0
2024-05-22,0.0
2024-05-23,0.0
2024-05-24,0.0
2024-05-25,0.0
2024-05-26,0.0
2024-05-27,0.0
2024-05-28,0.0
2024-05-29,0.0
2024-05-30,0.0
2024-05-31,0.0
2024-06-01,0.0
2024-06-02,0.0
2024-06-03,0.0
2024-06-04,0.0
2024-06-05,0.0
2024-06-06,0.0
2024-06-07,0.0
2024-06-08,0.0
2024-06-09,0.0
2024-06-10,0.0
2024-06-11,0.0
2024-06-12,0.0
2024-06-13,0.0
2024-06-14,0.0
2024-06-15,0.0
2024-06-16,0.0
2024-06-17,0.0
2024-06-18,0.0
2024-06-19,0.0
2024-06-20,0.0
2024-06-21,0.0
2024-06-22,0.0
2024-06-23,0.0
2024-06-24,0.0
2024-06-25,0.0
2024-06-26,0.0
2024-06-27,0.0
2024-06-28,0.0
2024-06-29,0.0
2024-06-30,0.0
2024-07-01,0.0
2024-07-02,0.0
2024-07-03,0.0
2024-07-04,0.0
2024-07-05,0.0
2024-07-06,0.0
2024-07-07,0.0
2024-07-08,0.0
2024-07-09,0.0
2024-07-10,0.0
2024-07-11,0.0
2024-07-12,0.0
2024-07-13,0.0
2024-07-14,0.0
2024-07-15,0.0
2024-07-16,0.0
2024-07-17,0.0
2024-07-18,0.0
2024-07-19,0.0
2024-07-20,0.0
2024-07-21,0.0
2024-07-22,0.0
2024-07-23,0.0
2024-07-24,0.0
2024-07-25,0.0
2024-07-26,0.0
2024-07-27,0.0
2024-07-28,0.0
2024-07-29,0.0
2024-07-30,0.0
2024-07-31,0.0
2024-08-01,0.0
2024-08-02,0.0
2024-08-03,0.0
2024-08-04,0.0
2024-08-05,0.0
2024-08-06,0.0
2024-08-07,0.0
2024-08-08,0.0
2024-08-09,0.0
2024-08-10,0.0
2024-08-11,0.0
2024-08-12,0.0
2024-08-13,0.0
2024-08-14,-0.08
2024-08-15,0.3494062928205435
2024-08-16,-0.05413771451200716
2024-08-17,0.0633168691022251
2024-08-18,0.0633168691022251
2024-08-19,-0.06732131905906263
2024-08-20,-0.020671973802225727
2024-08-21,0.2877814360304758
2024-08-22,0.14612982374968655
2024-08-23,0.2877471714833051
2024-08-24,0.06419705495579756
2024-08-25,0.06419705495579756
2024-08-26,0.08107791706332221
2024-08-27,-0.11155328161519529
2024-08-28,0.10296055475897742
2024-08-29,-0.04248063276409583
2024-08-30,-0.1338365221883363
2024-08-31,0.06302401901400222
2024-09-01,0.06302401901400222
2024-09-02,0.06302401901400222
2024-09-03,0.2240748879966742
2024-09-04,0.0
2024-09-05,0.0
2024-09-06,0.0
2024-09-07,0.0
2024-09-08,0.0
2024-09-09,0.0
2024-09-10,0.0
2024-09-11,0.0
2024-09-12,0.0
2024-09-13,0.0
2024-09-14,0.0
2024-09-15,0.0
2024-09-16,0.0
2024-09-17,0.0
2024-09-18,0.0
2024-09-19,0.0
2024-09-20,0.0
2024-09-21,0.0
2024-09-22,0.0
2024-09-23,0.0
2024-09-24,0.0
2024-09-25,-0.08
2024-09-26,0.5490243388783973
2024-09-27,-0.4550720131891463
2024-09-28,0.0762753527414571
2024-09-29,0.0762753527414571
2024-09-30,-0.41834576093499676
2024-10-01,-1.8007549679124222
2024-10-02,-0.08
2024-10-03,0.007335804235481455
2024-10-04,0.0
2024-10-05,-0.08
2024-10-06,0.05859609766913093
2024-10-07,0.2577468341241306
2024-10-08,0.026549858731965602
2024-10-09,0.13537337849683195
2024-10-10,0.41829690191249796
2024-10-11,-0.14842329182428313
2024-10-12,0.05968532230370119
2024-10-13,0.05968532230370119
2024-10-14,0.1461748535400597
2024-10-15,0.04451283741218132
2024-10-16,0.05184643908953829
2024-10-17,0.20361515206918368
2024-10-18,0.24204325032913118
2024-10-19,0.06076172665818228
2024-10-20,0.06076172665818228
2024-10-21,0.169432641091865
2024-10-22,-0.01658139183559299
2024-10-23,0.12493010457040482
2024-10-24,-0.09525070665921426
2024-10-25,0.02479083218818698
2024-10-26,0.0
2024-10-27,0.0
2024-10-28,0.0
2024-10-29,0.0
2024-10-30,0.0
2024-10-31,0.0
2024-11-01,0.0
2024-11-02,0.0
2024-11-03,0.0
2024-11-04,0.0
2024-11-05,0.0
2024-11-06,0.0
2024-11-07,0.0
2024-11-08,0.0
2024-11-09,0.0
2024-11-10,0.0
2024-11-11,0.0
2024-11-12,0.0
2024-11-13,0.0
2024-11-14,0.0
2024-11-15,0.0
2024-11-16,0.0
2024-11-17,0.0
2024-11-18,0.0
2024-11-19,0.0
2024-11-20,0.0
2024-11-21,0.0
2024-11-22,0.0
2024-11-23,0.0
2024-11-24,0.0
2024-11-25,0.0
2024-11-26,0.0
2024-11-27,0.0
2024-11-28,0.0
2024-11-29,0.0
2024-11-30,0.0
2024-12-01,0.0
2024-12-02,-0.08
2024-12-03,-0.09316697287602105
2024-12-04,-0.08
2024-12-05,0.15857863957628948
2024-12-06,0.0
2024-12-07,0.0
2024-12-08,-0.08
2024-12-09,-0.09781882048206869
2024-12-10,-0.08
2024-12-11,-0.5543957984401626
2024-12-12,-0.08
2024-12-13,0.2850392961314929
2024-12-14,0.02075620719356058
2024-12-15,0.02075620719356058
2024-12-16,0.03703311604070611
2024-12-17,0.11343217287892324
2024-12-18,0.221717315662932
2024-12-19,0.04956961821812192
2024-12-20,-0.0878430641884549
2024-12-21,0.021387755273099076
2024-12-22,0.021387755273099076
2024-12-23,0.2129649044908851
2024-12-24,0.10615377129920638
2024-12-25,0.022151778765121297
2024-12-26,0.1775407481585222
2024-12-27,0.1261585750399139
2024-12-28,0.02286913423689349
2024-12-29,0.02286913423689349
2024-12-30,0.2801004142049525
2024-12-31,0.25817973748725137
2025-01-01,0.0
2025-01-02,0.0
2025-01-03,0.0
2025-01-04,0.0
2025-01-05,0.0
2025-01-06,0.0
2025-01-07,0.0
2025-01-08,0.0
2025-01-09,0.0
2025-01-10,0.0
2025-01-11,0.0
2025-01-12,0.0
2025-01-13,-0.08
2025-01-14,-0.1867365227920872
2025-01-15,1.0040613158217346
2025-01-16,0.0
2025-01-17,0.0
2025-01-18,0.0
2025-01-19,0.0
2025-01-20,0.0
2025-01-21,0.0
2025-01-22,0.0
2025-01-23,0.0
2025-01-24,0.0
2025-01-25,0.0
2025-01-26,0.0
2025-01-27,0.0
2025-01-28,0.0
2025-01-29,0.0
2025-01-30,-0.08
2025-01-31,0.20218573268836101
2025-02-01,0.028392295845346967
2025-02-02,0.028392295845346967
2025-02-03,0.5858774246634988
2025-02-04,0.31607227267178883
2025-02-05,0.1862070571839506
2025-02-06,0.22850920613095177
2025-02-07,0.25471503450543576
2025-02-08,0.032324308280779465
2025-02-09,0.032324308280779465
2025-02-10,0.10818604712706542
2025-02-11,0.39662612338510334
2025-02-12,0.0
2025-02-13,0.0
2025-02-14,0.0
2025-02-15,0.0
2025-02-16,0.0
2025-02-17,0.0
2025-02-18,0.0
2025-02-19,0.0
2025-02-20,0.0
2025-02-21,0.0
2025-02-22,0.0
2025-02-23,0.0
2025-02-24,0.0
2025-02-25,0.0
2025-02-26,0.0
2025-02-27,0.0
2025-02-28,0.0
2025-03-01,0.0
2025-03-02,0.0
2025-03-03,0.0
2025-03-04,0.0
2025-03-05,0.0
2025-03-06,0.0
2025-03-07,0.0
2025-03-08,0.0
2025-03-09,0.0
2025-03-10,0.0
2025-03-11,0.0
2025-03-12,0.0
2025-03-13,0.0
2025-03-14,0.0
2025-03-15,0.0
2025-03-16,0.0
2025-03-17,0.0
2025-03-18,0.0
2025-03-19,0.0
2025-03-20,0.0
2025-03-21,0.0
2025-03-22,0.0
2025-03-23,0.0
2025-03-24,0.0
2025-03-25,0.0
2025-03-26,0.0
2025-03-27,0.0
2025-03-28,0.0
2025-03-29,0.0
2025-03-30,0.0
2025-03-31,0.0
2025-04-01,-0.08
2025-04-02,0.44445630404254227
2025-04-03,0.2789166569673041
2025-04-04,-0.2672367671294391
2025-04-05,0.04516041277516439
2025-04-06,0.04516041277516439
2025-04-07,0.04981067157644613
2025-04-08,0.35342178509453565
2025-04-09,0.08102644592089722
2025-04-10,-0.15521416658844112
2025-04-11,0.4404073275489984
2025-04-12,0.04666013763229794
2025-04-13,0.04666013763229794
2025-04-14,-0.28899296563278176
2025-04-15,0.15789026997672645
2025-04-16,0.46978210988074104
2025-04-17,0.13939187378664428
2025-04-18,0.04747017895054472
2025-04-19,0.04747017895054472
2025-04-20,0.04747017895054472
2025-04-21,-0.16919506555926148
2025-04-22,0.0
2025-04-23,0.0
2025-04-24,0.0
2025-04-25,0.0
2025-04-26,0.0
2025-04-27,0.0
2025-04-28,0.0
2025-04-29,0.0
2025-04-30,0.0
2025-05-01,0.0
2025-05-02,0.0
2025-05-03,0.0
2025-05-04,0.0
2025-05-05,0.0
2025-05-06,0.0
2025-05-07,0.0
2025-05-08,0.0
2025-05-09,0.0
2025-05-10,0.0
2025-05-11,0.0
2025-05-12,0.0
2025-05-13,0.0
2025-05-14,0.0
2025-05-15,0.0
2025-05-16,0.0
2025-05-17,0.0
2025-05-18,0.0
2025-05-19,0.0
2025-05-20,0.0
2025-05-21,0.0
2025-05-22,0.0
2025-05-23,0.0
2025-05-24,0.0
2025-05-25,0.0
2025-05-26,0.0
2025-05-27,0.0
2025-05-28,0.0
2025-05-29,-0.08
2025-05-30,0.0013438237446784795
2025-05-31,0.06828309501244814
2025-06-01,0.06828309501244814
2025-06-02,0.27305110094500296
2025-06-03,0.30737361040339556
2025-06-04,0.1763686953038292
2025-06-05,0.06846307466012908
2025-06-06,0.37581652822166545
2025-06-07,0.07065101236063541
2025-06-08,0.07065101236063541
2025-06-09,-0.1748275518638366
2025-06-10,0.2483573529162339
2025-06-11,-0.023312264997204984
2025-06-12,-0.5468783642769385
2025-06-13,-0.11523299178488076
2025-06-14,0.06798707214778234
2025-06-15,0.06798707214778234
2025-06-16,0.32295102705660195
2025-06-17,0.14439333139869964
2025-06-18,-0.10962135894397683
2025-06-19,-0.08
2025-06-20,0.14218606878313544
2025-06-21,0.06883387407556107
2025-06-22,0.06883387407556107
2025-06-23,0.0007643702658751139
2025-06-24,0.5228030882287519
2025-06-25,0.18348098788491024
2025-06-26,0.03311864640668183
2025-06-27,0.5351414850794753
2025-06-28,0.07140338323149614
2025-06-29,0.07140338323149614
2025-06-30,-0.08523418639878176
2025-07-01,-0.25102028151415334
2025-07-02,0.08659153885583303
2025-07-03,0.3803773042284606
2025-07-04,0.07098272027078892
2025-07-05,0.07098272027078892
2025-07-06,0.07098272027078892
2025-07-07,-0.019770458857239423
2025-07-08,0.17787915286642375
2025-07-09,-0.3169891348400336
2025-07-10,0.0
2025-07-11,0.0
2025-07-12,0.0
2025-07-13,0.0
2025-07-14,0.0
2025-07-15,0.0
2025-07-16,0.0
2025-07-17,0.0
2025-07-18,0.0
2025-07-19,0.0
2025-07-20,0.0
2025-07-21,-0.08
2025-07-22,0.7795705319237378
2025-07-23,0.5923081236561911
2025-07-24,0.5273706646877703
2025-07-25,0.27867071297239876
2025-07-26,0.07317058298662041
2025-07-27,0.07317058298662041
2025-07-28,0.1850379716084387
2025-07-29,0.4219433852546351
2025-07-30,0.5028713365981133
2025-07-31,0.0
2025-08-01,0.0
2025-08-02,0.0
2025-08-03,0.0
2025-08-04,0.0
2025-08-05,0.0
2025-08-06,0.0
2025-08-07,0.0
2025-08-08,0.0
2025-08-09,0.0
2025-08-10,0.0
2025-08-11,0.0
2025-08-12,0.0
2025-08-13,0.0
2025-08-14,0.0
2025-08-15,0.0
2025-08-16,0.0
2025-08-17,0.0
2025-08-18,0.0
2025-08-19,-0.08
2025-08-20,-0.1505407100561598
2025-08-21,0.48591721313972847
2025-08-22,-0.29289529980963325
2025-08-23,0.06797053477317537
2025-08-24,0.06797053477317537
2025-08-25,0.1661722051021738
2025-08-26,0.7712825596649535
2025-08-27,0.04480742235624932
2025-08-28,0.06036212337054213
2025-08-29,0.12061041662115748
2025-08-30,0.0702326377142948
2025-08-31,0.0702326377142948
2025-09-01,0.0702326377142948
2025-09-02,-0.12499249914239995
2025-09-03,-0.14686512570518057
2025-09-04,0.2698957472754022
2025-09-05,-0.33877079774073743
2025-09-07,0.06851685561417337
2025-09-08,-0.43298407436778275
2025-09-09,-0.04471172254068649
2025-09-10,0.0
2025-09-11,0.0
2025-09-12,-0.08
2025-09-13,0.06742957085596604
2025-09-14,0.06742957085596604
2025-09-15,0.1866636123292566
2025-09-16,0.11082963274821653
2025-09-17,0.28361865845160794
2025-09-18,0.16704236609147483
2025-09-19,0.05088102884017716
2025-09-20,0.06870031906456948
2025-09-21,0.06870031906456948
2025-09-22,0.021532227952855545
2025-09-23,0.7809772345246403
2025-09-24,1.636552497038879
2025-09-25,0.0
2025-09-26,0.0
2025-09-27,0.0
2025-09-28,0.0
2025-09-29,0.0
2025-09-30,0.0
2025-10-01,0.0
2025-10-02,0.0
2025-10-03,0.0
2025-10-04,0.0
2025-10-05,0.0
2025-10-06,0.0
2025-10-07,0.0
2025-10-08,0.0
2025-10-09,0.0
2025-10-10,0.0
2025-10-11,0.0
2025-10-12,0.0
2025-10-13,0.0
2025-10-14,0.0
2025-10-15,0.0
2025-10-16,0.0
2025-10-17,0.0
2025-10-18,0.0
2025-10-19,0.0
2025-10-20,0.0
2025-10-21,0.0
2025-10-22,0.0
2025-10-23,0.0
2025-10-24,0.0
2025-10-25,0.0
2025-10-26,0.0
2025-10-27,0.0
2025-10-28,0.0
2025-10-29,0.0
2025-10-30,0.0
2025-10-31,0.0
2025-11-01,0.0
2025-11-02,0.0
2025-11-03,0.0
2025-11-04,0.0
2025-11-05,0.0
2025-11-06,0.0
2025-11-07,0.0
2025-11-08,0.0
2025-11-09,0.0
2025-11-10,0.0
2025-11-11,0.0
2025-11-12,0.0
2025-11-13,0.0
2025-11-14,0.0
2025-11-15,0.0
2025-11-16,0.0
2025-11-17,0.0
2025-11-18,0.0
2025-11-19,0.0
2025-11-20,0.0
2025-11-21,0.0
2025-11-22,0.0
2025-11-23,0.0
2025-11-24,0.0
2025-11-25,0.0
2025-11-26,0.0
2025-11-27,0.0
2025-11-28,0.0
2025-11-29,0.0
2025-11-30,0.0
2025-12-01,-0.08
2025-12-02,0.12917542605171997
2025-12-03,8.310049875669134e-05
2025-12-04,-0.13600797217211413
2025-12-05,0.2263824313363685
2025-12-06,0.039888895223983645
2025-12-07,0.039888895223983645
2025-12-08,0.17330041656627923
2025-12-09,0.11727358311855683
2025-12-10,-0.060623886934332946
2025-12-11,-0.02688491970276298
2025-12-12,0.12644929381052655
2025-12-13,0.04024539840032672
2025-12-14,0.04024539840032672
2025-12-15,0.06287993981498424
2025-12-16,-0.041529841673108456
2025-12-17,-0.09753638581005615
2025-12-18,-0.02033565587830155
2025-12-19,0.010581461756225857
2025-12-20,0.03945368247602725
2025-12-21,-0.04054631752397275
2025-12-22,-0.08
2025-12-23,0.019280637575745094
2025-12-24,0.0071655805218411445
2025-12-25,0.060790799848832636
2025-12-26,0.29064254372200005
2025-12-27,0.06142750828061426
2025-12-28,0.06142750828061426
2025-12-29,0.49504749511246965
2025-12-30,0.19126985710143296
2025-12-31,0.44067812616342067
2026-01-01,0.06403125974866025
2026-01-02,-0.2278745149424386
2026-01-03,0.0632226564946683
2026-01-04,0.0632226564946683
2026-01-05,-0.35559645824550856
2026-01-06,0.11199141845922847
2026-01-07,0.09415742009100193
2026-01-08,0.34569874599025807
2026-01-09,0.26753239976313103
2026-01-10,0.06364075584129913
2026-01-11,-0.016359244158700867
2026-01-12,0.0
2026-01-13,0.0
2026-01-14,0.0
2026-01-15,0.0
2026-01-16,0.0
2026-01-17,0.0
2026-01-18,0.0
2026-01-19,0.0
2026-01-20,0.0
2026-01-21,0.0
2026-01-22,0.0
2026-01-23,0.0
2026-01-24,0.0
2026-01-25,0.0
2026-01-26,0.0
2026-01-27,0.0
2026-01-28,-0.08
2026-01-29,-0.11531501722665272
2026-01-30,-0.6316931151201459
2026-01-31,0.05609087584824096
2026-02-01,0.05609087584824096
2026-02-02,2.032510320253434
2026-02-03,0.4015522612578851
2026-02-04,0.2376708120567496
2026-02-05,-0.46530947452290333
2026-02-06,0.7031408479618719
2026-02-07,0.0633066061464585
2026-02-08,0.0633066061464585
2026-02-09,0.33793735637692246
2026-02-10,0.04333224582778088
2026-02-11,0.1781148005377851
2026-02-12,0.15046554546525137
2026-02-13,-0.4482404651022567
2026-02-14,0.06314409920072242
2026-02-15,0.06314409920072242
2026-02-16,0.06314409920072242
2026-02-17,0.011905131352539108
2026-02-18,0.0
2026-02-19,0.0
2026-02-20,0.0
2026-02-21,0.0
2026-02-22,0.0
2026-02-23,0.0
2026-02-24,0.0
2026-02-25,0.0
2026-02-26,0.0
2026-02-27,0.0
