date,pnl_bp
2018-01-01,0.0
2018-01-02,0.0
2018-01-03,0.0
2018-01-04,0.0
2018-01-05,0.0
2018-01-06,0.0
2018-01-07,0.0
2018-01-08,0.0
2018-01-09,0.0
2018-01-10,0.0
2018-01-11,0.0
2018-01-12,0.0
2018-01-13,0.0
2018-01-14,0.0
2018-01-15,0.0
2018-01-16,0.0
2018-01-17,0.0
2018-01-18,0.0
2018-01-19,0.0
2018-01-20,0.0
2018-01-21,0.0
2018-01-22,0.0
2018-01-23,0.0
2018-01-24,0.0
2018-01-25,0.0
2018-01-26,0.0
2018-01-27,0.0
2018-01-28,0.0
2018-01-29,0.0
2018-01-30,0.0
2018-01-31,0.0
2018-02-01,0.0
2018-02-02,0.0
2018-02-03,0.0
2018-02-04,0.0
2018-02-05,0.0
2018-02-06,0.0
2018-02-07,0.0
2018-02-08,0.0
2018-02-09,0.0
2018-02-10,0.0
2018-02-11,0.0
2018-02-12,0.0
2018-02-13,0.0
2018-02-14,0.0
2018-02-15,0.0
2018-02-16,0.0
2018-02-17,0.0
2018-02-18,0.0
2018-02-19,0.0
2018-02-20,0.0
2018-02-21,0.0
2018-02-22,0.0
2018-02-23,0.0
2018-02-24,0.0
2018-02-25,0.0
2018-02-26,0.0
2018-02-27,0.0
2018-02-28,0.0
2018-03-01,0.0
2018-03-02,0.0
2018-03-03,0.0
2018-03-04,0.0
2018-03-05,0.0
2018-03-06,0.0
2018-03-07,0.0
2018-03-08,0.0
2018-03-09,0.0
2018-03-10,0.0
2018-03-11,0.0
2018-03-12,0.0
2018-03-13,0.0
2018-03-14,0.0
2018-03-15,0.0
2018-03-16,0.0
2018-03-17,0.0
2018-03-18,0.0
2018-03-19,0.0
2018-03-20,0.0
2018-03-21,0.0
2018-03-22,0.0
2018-03-23,0.0
2018-03-24,0.0
2018-03-25,0.0
2018-03-26,0.0
2018-03-27,0.0
2018-03-28,0.0
2018-03-29,0.0
2018-03-30,0.0
2018-03-31,0.0
2018-04-01,0.0
2018-04-02,0.0
2018-04-03,0.0
2018-04-04,0.0
2018-04-05,0.0
2018-04-06,0.0
2018-04-07,0.0
2018-04-08,0.0
2018-04-09,0.0
2018-04-10,0.0
2018-04-11,0.0
2018-04-12,0.0
2018-04-13,0.0
2018-04-14,0.0
2018-04-15,0.0
2018-04-16,0.0
2018-04-17,0.0
2018-04-18,0.0
2018-04-19,0.0
2018-04-20,0.0
2018-04-21,0.0
2018-04-22,0.0
2018-04-23,0.0
2018-04-24,0.0
2018-04-25,0.0
2018-04-26,0.0
2018-04-27,0.0
2018-04-28,0.0
2018-04-29,0.0
2018-04-30,0.0
2018-05-01,0.0
2018-05-02,0.0
2018-05-03,0.0
2018-05-04,0.0
2018-05-05,0.0
2018-05-06,0.0
2018-05-07,0.0
2018-05-08,0.0
2018-05-09,0.0
2018-05-10,0.0
2018-05-11,0.0
2018-05-12,0.0
2018-05-13,0.0
2018-05-14,0.0
2018-05-15,0.0
2018-05-16,0.0
2018-05-17,0.0
2018-05-18,0.0
2018-05-19,0.0
2018-05-20,0.0
2018-05-21,0.0
2018-05-22,0.0
2018-05-23,0.0
2018-05-24,0.0
2018-05-25,0.0
2018-05-26,0.0
2018-05-27,0.0
2018-05-28,0.0
2018-05-29,0.0
2018-05-30,0.0
2018-05-31,0.0
2018-06-01,0.0940354818272681
2018-06-02,-0.0018263277228808
2018-06-03,-0.0018263277228808
2018-06-04,0.0953211382460889
2018-06-05,-0.0094963370710683
2018-06-06,0.0209128290978668
2018-06-07,-0.0039366435228111
2018-06-08,0.039880814769629
2018-06-09,-0.0059984037515862
2018-06-10,-0.0009620883324219
2018-06-11,0.0867012367912926
2018-06-12,-0.0264138909017001
2018-06-13,0.0383339002309585
2018-06-14,0.0266751829612594
2018-06-15,-0.0327893991682432
2018-06-16,-8.822222171984279e-05
2018-06-17,-8.822222171984279e-05
2018-06-18,-0.0005413407714728
2018-06-19,0.0294742219766029
2018-06-20,-0.0643113650511315
2018-06-21,0.0070707269218094
2018-06-22,0.0049225114761257
2018-06-23,-0.001040993779143
2018-06-24,-0.001040993779143
2018-06-25,0.1053034856134672
2018-06-26,0.0355776886524366
2018-06-27,-0.0508928361617762
2018-06-28,-0.022346502095571
2018-06-29,0.0393035444601411
2018-06-30,-0.002186087159256
2018-07-01,-0.0012171537480768
2018-07-02,0.0791856400421443
2018-07-03,-0.0266607825388562
2018-07-04,0.008231218836552
2018-07-05,0.0242582775473248
2018-07-06,0.005237517737429
2018-07-07,-0.0008337051695336
2018-07-08,-0.0008337051695336
2018-07-09,0.0172691261357884
2018-07-10,0.0069116034111282
2018-07-11,-0.0183730675164289
2018-07-12,0.0277820327102417
2018-07-13,-0.0388430360815748
2018-07-14,-0.0008373921164864
2018-07-15,-0.0008373921164864
2018-07-16,0.0250965269507843
2018-07-17,0.0100468174145435
2018-07-18,0.0002193415054033
2018-07-19,0.0347435115936236
2018-07-20,-0.0059463477186147
2018-07-21,0.0003109296704394
2018-07-22,-0.0068917962706602
2018-07-23,-0.0114127496747679
2018-07-24,0.1026984684390944
2018-07-25,-0.0112947361270662
2018-07-26,0.0436296930367549
2018-07-27,-0.0031143646704516
2018-07-28,0.0001766462242576
2018-07-29,0.0001766462242576
2018-07-30,-0.0048068479148058
2018-07-31,-0.0005126429843032
2018-08-01,-0.0056234579829181
2018-08-02,0.0700139913870728
2018-08-03,-0.0029861090384629
2018-08-04,0.0001933030551777
2018-08-05,0.0001933030551777
2018-08-06,-0.0447335814379631
2018-08-07,0.0264830570280344
2018-08-08,0.0325018136949546
2018-08-09,-0.0329923907869283
2018-08-10,-0.0216675932800509
2018-08-11,-0.0003613915243169
2018-08-12,-0.0003613915243169
2018-08-13,0.0280221129677193
2018-08-14,0.0155839341714705
2018-08-15,0.0071099441791317
2018-08-16,0.0275491982782382
2018-08-17,0.0117011448717393
2018-08-18,-7.076085187338837e-05
2018-08-19,-7.076085187338837e-05
2018-08-20,-0.045228187880703
2018-08-21,0.0058700744152253
2018-08-22,-0.0081474036061931
2018-08-23,-0.1186967222748615
2018-08-24,-0.0116578494375767
2018-08-25,-0.0005601900648689
2018-08-26,-0.0005601900648689
2018-08-27,-0.0081508133559501
2018-08-28,0.1430317368860235
2018-08-29,-0.020390021771045
2018-08-30,0.0311896125127511
2018-08-31,0.0127613463693662
2018-09-01,0.0001042945769784
2018-09-02,0.0001042945769784
2018-09-03,-0.0147543872300616
2018-09-04,-0.0054055184212384
2018-09-05,-0.0026074472531224
2018-09-06,0.0269041378129485
2018-09-07,0.000172113190925
2018-09-08,0.0002065249936843
2018-09-09,0.0002065249936843
2018-09-10,0.0019922119625078
2018-09-11,-0.024264140675901
2018-09-12,-0.0037880005382298
2018-09-13,-0.0208177466358779
2018-09-14,-0.0126143065055228
2018-09-15,0.0003428065046834
2018-09-16,0.0003428065046834
2018-09-17,0.0132609619160954
2018-09-18,-0.1192818866677748
2018-09-19,-0.0150096436937119
2018-09-20,0.1052787844656984
2018-09-21,-0.0759723026734
2018-09-22,-0.0004786040277898
2018-09-23,-0.0004786040277898
2018-09-24,0.3015772931138809
2018-09-25,0.042939416969522
2018-09-26,-0.1520929609256496
2018-09-27,0.1315645915786996
2018-09-28,-0.0190227231986242
2018-09-29,8.200889270750536e-05
2018-09-30,8.200889270750536e-05
2018-10-01,-0.06816027890777143
2018-10-02,0.10350985618402521
2018-10-03,-0.07060117843028291
2018-10-04,-0.22517318489564206
2018-10-05,-0.18298833760395244
2018-10-06,-0.029594242499851996
2018-10-07,-0.029594242499851996
2018-10-08,-0.1840794499507939
2018-10-09,0.0018600307107880928
2018-10-10,-0.0029458282954023633
2018-10-11,0.09290593722385658
2018-10-12,0.09206781075475151
2018-10-13,-0.02926902396567175
2018-10-14,-0.02926902396567175
2018-10-15,-0.1300694468398037
2018-10-16,0.15739434407410963
2018-10-17,-0.057553450456794386
2018-10-18,-0.1809556063094717
2018-10-19,0.13150941881935996
2018-10-20,-0.029083948091034886
2018-10-21,-0.09773142183828924
2018-10-22,0.008228598014897448
2018-10-23,-0.07264637672115322
2018-10-24,-0.09249811981648985
2018-10-25,-0.23968790080416147
2018-10-26,0.21298901226028769
2018-10-27,-0.03577445577604083
2018-10-28,-0.03577445577604083
2018-10-29,-0.1304504984616126
2018-10-30,0.14887626699163586
2018-10-31,0.2824795745404395
2018-11-01,0.00477195081218308
2018-11-02,-0.1727578493090222
2018-11-03,-0.015004745889147691
2018-11-04,-0.015004745889147691
2018-11-05,-0.09321740795239161
2018-11-06,-0.078325694470765
2018-11-07,0.00742302634339542
2018-11-08,-0.007254494718633833
2018-11-09,0.0027893717531163563
2018-11-10,-0.015382148396097901
2018-11-11,-0.015382148396097901
2018-11-12,0.025464693502196385
2018-11-13,-0.013628992756303552
2018-11-14,0.016810019016332046
2018-11-15,-0.0442252456704755
2018-11-16,0.14829086132302705
2018-11-17,-0.015201293788924005
2018-11-18,-0.015201293788924005
2018-11-19,0.22186533721649182
2018-11-20,-0.07005732041862835
2018-11-21,0.0435594091369216
2018-11-22,-0.030186952620255794
2018-11-23,-0.12126154087645613
2018-11-24,-0.014875862922617287
2018-11-25,-0.016274955052779098
2018-11-26,-0.3722645238125061
2018-11-27,-0.2477942085637414
2018-11-28,0.33371220562800097
2018-11-29,0.16213171814966496
2018-11-30,0.4306211957556326
2018-12-01,-0.0072458140351469
2018-12-02,-0.0072458140351469
2018-12-03,-0.031485196176317315
2018-12-04,0.011130190907729327
2018-12-05,-0.06609243055867263
2018-12-06,-0.010478113648479618
2018-12-07,-0.008049760224526784
2018-12-08,-0.0007788357803048436
2018-12-09,-0.12834061315944092
2018-12-10,0.05442062562557753
2018-12-11,0.011403733197081314
2018-12-12,0.03143162397046474
2018-12-13,0.021495264283175653
2018-12-14,-0.024096573583595623
2018-12-15,-0.0006313158400640668
2018-12-16,-0.05578873053546793
2018-12-17,0.09613192448696874
2018-12-18,0.06197860523879259
2018-12-19,6.00086418718199e-05
2018-12-20,0.002137177358130893
2018-12-21,0.0029080409162833623
2018-12-22,-8.49101567411204e-06
2018-12-23,0.008577858467898276
2018-12-24,-0.0060104819143913125
2018-12-25,-9.827884720238858e-05
2018-12-26,-0.0011499033781167429
2018-12-27,-0.006786824476060736
2018-12-28,0.019294170988979936
2018-12-29,1.4491869819206453e-06
2018-12-30,0.0892234111289085
2018-12-31,0.0
2019-01-01,0.0
2019-01-02,-0.00439746626304068
2019-01-03,0.002982514498153158
2019-01-04,0.05354932977488509
2019-01-05,5.344143028001353e-06
2019-01-06,0.004855993734843177
2019-01-07,-0.007723612112863534
2019-01-08,-0.00543539655514042
2019-01-09,-0.006596552819549209
2019-01-10,-0.007515292896341943
2019-01-11,0.003337877554925686
2019-01-12,-0.008221667320866542
2019-01-13,-0.001385091958699759
2019-01-14,-0.04837264437627351
2019-01-15,0.06475549522751574
2019-01-16,0.010119203933791614
2019-01-17,0.02974120755880907
2019-01-18,0.0031372924927526684
2019-01-19,-0.008028236048039731
2019-01-20,-0.008028236048039731
2019-01-21,0.0023960999176611333
2019-01-22,0.09576841079254872
2019-01-23,-0.058711516904368634
2019-01-24,0.05084406728925635
2019-01-25,0.021328064969109523
2019-01-26,-0.007610207197198736
2019-01-27,-0.009399530201969155
2019-01-28,-0.04453830224755636
2019-01-29,-0.03759599435871918
2019-01-30,0.28276418718489166
2019-01-31,0.004306377829138354
2019-02-01,8.503012304630057e-05
2019-02-02,-5.930167884337718e-07
2019-02-03,-9.915622921239381e-05
2019-02-04,-0.0029040353847441048
2019-02-05,0.0007658791901759269
2019-02-06,0.0009074814454548155
2019-02-07,0.001992001752323047
2019-02-08,0.001363247785242705
2019-02-09,9.055104902421897e-06
2019-02-10,0.09840574165809476
2019-02-11,-0.0002666487687650086
2019-02-12,-0.0005088351988604185
2019-02-13,-0.0008717729962546642
2019-02-14,0.000995438757597553
2019-02-15,-0.000471170745171105
2019-02-16,5.090496680141208e-06
2019-02-17,0.0021472109687131397
2019-02-18,0.0
2019-02-19,0.0
2019-02-20,0.0
2019-02-21,0.0
2019-02-22,0.0
2019-02-23,0.0
2019-02-24,0.0
2019-02-25,0.0
2019-02-26,0.0
2019-02-27,0.0
2019-02-28,0.0
2019-03-01,0.0
2019-03-02,-0.008077542681964504
2019-03-03,0.10583795108737265
2019-03-04,-0.0721003274319095
2019-03-05,-0.02649133954847144
2019-03-06,0.027641493923088213
2019-03-07,0.051466296769012466
2019-03-08,0.020557642598875984
2019-03-09,-0.0035615862219955927
2019-03-10,0.0811427383189826
2019-03-11,0.01629779640080855
2019-03-12,0.04146488357133027
2019-03-13,0.037633293676369986
2019-03-14,-0.011523590522748213
2019-03-15,0.07775208014860299
2019-03-16,-0.0009614875917796698
2019-03-17,-0.0009614875917796698
2019-03-18,-0.01831633862340301
2019-03-19,0.03370014009187872
2019-03-20,0.01644143781943259
2019-03-21,0.12061861838876481
2019-03-22,-0.035238520238726256
2019-03-23,-0.0006249669346567763
2019-03-24,-0.0006249669346567763
2019-03-25,-0.017979817966280932
2019-03-26,0.05139151178062577
2019-03-27,-0.05259337127034968
2019-03-28,-0.07009244544074078
2019-03-29,-0.0262977325461904
2019-03-30,-0.000783987696143269
2019-03-31,0.019203518927758168
2019-04-01,-0.1427616770008717
2019-04-02,0.046159214953228805
2019-04-03,0.20797587541701953
2019-04-04,0.0
2019-04-05,0.0
2019-04-06,0.0
2019-04-07,0.0
2019-04-08,0.0
2019-04-09,0.0
2019-04-10,0.0
2019-04-11,0.0
2019-04-12,0.0
2019-04-13,-0.008946119529268754
2019-04-14,0.08598753996251585
2019-04-15,-0.08000831417287382
2019-04-16,-0.021774712354695615
2019-04-17,0.011054793523601742
2019-04-18,0.10063301220248183
2019-04-19,0.0004155354762326674
2019-04-20,0.0004155354762326674
2019-04-21,0.0008543433868594991
2019-04-22,0.001408476569673402
2019-04-23,0.025069865259500727
2019-04-24,0.0
2019-04-25,-0.008946119529268754
2019-04-26,0.07295738893364435
2019-04-27,0.00032782623293596433
2019-04-28,-0.006426222347868207
2019-04-29,-0.018163796266255115
2019-04-30,0.025209725191736518
2019-05-01,-0.044078587597224994
2019-05-02,0.012618698424750871
2019-05-03,0.009375155533819393
2019-05-04,0.00015979325877960666
2019-05-05,0.00023574021664430353
2019-05-06,0.06293703570746889
2019-05-07,0.0
2019-05-08,0.0
2019-05-09,0.0
2019-05-10,0.0
2019-05-11,0.0
2019-05-12,0.0
2019-05-13,-0.00607869265415189
2019-05-14,0.09763008699499617
2019-05-15,0.05532783277668218
2019-05-16,0.0
2019-05-17,0.0
2019-05-18,0.0
2019-05-19,0.0
2019-05-20,0.0
2019-05-21,0.0
2019-05-22,0.0
2019-05-23,0.0
2019-05-24,0.0
2019-05-25,0.0
2019-05-26,0.0
2019-05-27,0.0
2019-05-28,0.0
2019-05-29,0.0
2019-05-30,0.0
2019-05-31,-0.00607869265415189
2019-06-01,-0.0001254874880047
2019-06-02,-0.000373764633216
2019-06-03,0.0228399012618827
2019-06-04,0.0
2019-06-05,0.0
2019-06-06,-0.0010043597557119
2019-06-07,0.0015934598104381
2019-06-08,-1.1091159696929355e-05
2019-06-09,0.0003648685815899
2019-06-10,0.0166651788680987
2019-06-11,-0.0063693409532024
2019-06-12,0.0078389515938701
2019-06-13,0.0
2019-06-14,0.0
2019-06-15,0.0
2019-06-16,0.0
2019-06-17,0.0
2019-06-18,0.0
2019-06-19,0.0
2019-06-20,-0.0010043597557119
2019-06-21,-0.0126617192616218
2019-06-22,-0.0010043597557119
2019-06-23,-0.0152739941146899
2019-06-24,-0.0010043597557119
2019-06-25,0.0050231090153363
2019-06-26,-0.0125820664490201
2019-06-27,0.0004800471034058
2019-06-28,-0.0045747900254987
2019-06-29,-9.602071700985868e-05
2019-06-30,0.1313992322272162
2019-07-01,3.003829825057875
2019-07-02,0.0098039705005938
2019-07-03,-0.0076641100566191
2019-07-04,0.0164469801731933
2019-07-05,-0.0239854401550863
2019-07-06,-0.0001197075347925
2019-07-07,-0.0373799305152205
2019-07-08,0.6541670205004468
2019-07-09,-0.0018990689009368
2019-07-10,0.0773056835588571
2019-07-11,0.0
2019-07-12,0.0
2019-07-13,0.0
2019-07-14,0.0
2019-07-15,0.0
2019-07-16,0.0
2019-07-17,0.0
2019-07-18,0.0
2019-07-19,0.0
2019-07-20,0.0
2019-07-21,0.0
2019-07-22,0.0
2019-07-23,0.0
2019-07-24,0.0
2019-07-25,0.0
2019-07-26,0.0
2019-07-27,0.0
2019-07-28,0.0
2019-07-29,0.0
2019-07-30,-0.0054516481562381
2019-07-31,-0.0268378834610723
2019-08-01,0.0937349724004373
2019-08-02,0.0289500264126392
2019-08-03,-2.1764799709100994e-05
2019-08-04,0.1024272640148235
2019-08-05,0.0
2019-08-06,0.0
2019-08-07,0.0
2019-08-08,0.0
2019-08-09,-0.0056255823370826
2019-08-10,-0.0002835734805411
2019-08-11,-0.378276020277759
2019-08-12,0.0
2019-08-13,0.0
2019-08-14,0.0
2019-08-15,0.0
2019-08-16,0.0
2019-08-17,0.0
2019-08-18,0.0
2019-08-19,0.0
2019-08-20,0.0
2019-08-21,0.0
2019-08-22,0.0
2019-08-23,0.0
2019-08-24,0.0
2019-08-25,0.0
2019-08-26,0.0
2019-08-27,0.0
2019-08-28,0.0
2019-08-29,0.0
2019-08-30,0.0
2019-08-31,0.0
2019-09-01,0.029019581296518635
2019-09-02,0.05574069892398366
2019-09-03,-0.2837345743767736
2019-09-04,0.15950499458761302
2019-09-05,0.45643868950339944
2019-09-06,0.09990403533069507
2019-09-07,0.029645288077226398
2019-09-08,0.029645288077226398
2019-09-09,0.16182432691869328
2019-09-10,0.0
2019-09-11,0.0
2019-09-12,0.0
2019-09-13,0.0
2019-09-14,0.0
2019-09-15,0.0
2019-09-16,0.0
2019-09-17,-0.00710589277627882
2019-09-18,-0.0355541371202007
2019-09-19,-2.4673238806121212e-05
2019-09-20,0.01778940517950322
2019-09-21,2.4673238806515784e-05
2019-09-22,2.4673238806515784e-05
2019-09-23,2.467323880691036e-05
2019-09-24,0.017838751657116663
2019-09-25,-0.026647097911045838
2019-09-26,0.0979774313007056
2019-09-27,0.010979591268903056
2019-09-28,0.0
2019-09-29,-9.57850057515907e-05
2019-09-30,-0.0043461027641968075
2019-10-01,-0.023086175564823137
2019-10-02,0.00019400147533562916
2019-10-03,0.023538845673936295
2019-10-04,0.168393280590471
2019-10-05,0.0
2019-10-06,0.0
2019-10-07,-0.0186241416321258
2019-10-08,0.3316131885053521
2019-10-09,0.0
2019-10-10,-0.022699479106695463
2019-10-11,-0.0450947230384206
2019-10-12,-0.0016501242779432658
2019-10-13,-0.0016501242779432658
2019-10-14,-0.07042549671665072
2019-10-15,0.13356346691210783
2019-10-16,0.3253018479503802
2019-10-17,0.004369275578156785
2019-10-18,0.05584621563828447
2019-10-19,0.0
2019-10-20,0.0
2019-10-21,-0.0186241416321258
2019-10-22,-0.37009014778005644
2019-10-23,-0.0186241416321258
2019-10-24,-0.020564156385472217
2019-10-25,-0.0186241416321258
2019-10-26,-0.020628823543917124
2019-10-27,-0.0186241416321258
2019-10-28,0.06802985068401515
2019-10-29,-0.20719357565739982
2019-10-30,-0.0186241416321258
2019-10-31,0.09118069340728371
2019-11-01,0.007942402737737239
2019-11-02,-0.0006958600585932828
2019-11-03,-0.0006958600585932828
2019-11-04,-0.018020376000123302
2019-11-05,0.016580665534068003
2019-11-06,-0.03534489194165294
2019-11-07,-0.05967599881798497
2019-11-08,-0.006910610237064576
2019-11-09,-0.0005998793608562972
2019-11-10,-0.0005998793608562972
2019-11-11,-0.0005998793608562972
2019-11-12,-0.0005998793608564698
2019-11-13,-0.01792439530238611
2019-11-14,0.051325678114865235
2019-11-15,0.008158359307645524
2019-11-16,-0.00047990348868503087
2019-11-17,-0.00047990348868503087
2019-11-18,-0.035128935371745065
2019-11-19,-0.009238142157186853
2019-11-20,-0.03524891124391633
2019-11-21,0.016628655882936702
2019-11-22,-0.009310127680490006
2019-11-23,-0.0006718648841590363
2019-11-24,-0.0006718648841590363
2019-11-25,0.05130168294043119
2019-11-26,-0.0005278938375535236
2019-11-27,-0.0005278938375535236
2019-11-28,0.09650859157456197
2019-11-29,0.0
2019-11-30,0.0
2019-12-01,0.0
2019-12-02,-0.0193671778622753
2019-12-03,0.1925285771517161
2019-12-04,0.2222518153986803
2019-12-05,0.0
2019-12-06,0.0
2019-12-07,0.0
2019-12-08,0.0
2019-12-09,0.0
2019-12-10,0.0
2019-12-11,0.0
2019-12-12,0.0
2019-12-13,0.0
2019-12-14,0.0
2019-12-15,0.0
2019-12-16,0.0
2019-12-17,0.0
2019-12-18,-0.0193671778622753
2019-12-19,0.3152546174248155
2019-12-20,0.0005379771628409
2019-12-21,0.0005379771628409
2019-12-22,0.0005379771628409
2019-12-23,0.0490904161092395
2019-12-24,0.0006724714535512
2019-12-25,-0.2420897232784415
2019-12-26,0.0
2019-12-27,-0.7476537620582525
2019-12-28,-0.0193671778622753
2019-12-29,-0.0213845922229289
2019-12-30,-0.0193671778622753
2019-12-31,-0.0246124551999743
2020-01-01,0.016094958855671547
2020-01-02,0.23438556653693735
2020-01-03,0.023120804692047886
2020-01-04,0.019175255921844464
2020-01-05,0.019175255921844464
2020-01-06,-0.168811482349347
2020-01-07,-0.04683984141771623
2020-01-08,0.2156848135659499
2020-01-09,0.09366034036974373
2020-01-10,0.088245732877569
2020-01-11,0.01915940163392988
2020-01-12,-0.024623303107960577
2020-01-13,-0.08697347023336723
2020-01-14,0.14909188531992434
2020-01-15,-0.04378270474189046
2020-01-16,-0.07494399368400742
2020-01-17,0.19186810399786208
2020-01-18,0.018429526359536118
2020-01-19,0.018429526359536118
2020-01-20,0.018429526359536118
2020-01-21,0.02867879886580574
2020-01-22,0.023594405103030444
2020-01-23,-0.01858896888869023
2020-01-24,0.09746341337265488
2020-01-25,0.018588580582194324
2020-01-26,0.018588580582194324
2020-01-27,-0.004809179495113645
2020-01-28,-0.26907555679324685
2020-01-29,-0.4111869767886768
2020-01-30,0.07288081636929543
2020-01-31,-0.7652303469284039
2020-02-01,-0.02974080658467793
2020-02-02,0.008894537618776928
2020-02-03,0.5880587910045492
2020-02-04,0.07604273686918214
2020-02-05,-0.0073296417049503486
2020-02-06,-0.0717149785456159
2020-02-07,0.0022875581628958985
2020-02-08,0.01037996045013588
2020-02-09,0.01037996045013588
2020-02-10,0.06026527242323838
2020-02-11,-0.03149145849389465
2020-02-12,-0.05786249101228069
2020-02-13,-0.006600593977076196
2020-02-14,-0.13556942699777869
2020-02-15,0.009762405418833966
2020-02-16,0.009762405418833966
2020-02-17,0.009762405418833966
2020-02-18,0.09874119976322518
2020-02-19,-0.008373234448904325
2020-02-20,-0.00934162109891991
2020-02-21,-0.01955477131820213
2020-02-22,-0.02974080658467793
2020-02-23,0.011082577145932188
2020-02-24,-0.055255564164390446
2020-02-25,0.07432727603764658
2020-02-26,0.0278632180936033
2020-02-27,-0.056656491267343234
2020-02-28,-0.23367282049608815
2020-02-29,0.010255694630585848
2020-03-01,0.006186722112572727
2020-03-02,-0.20524808950122111
2020-03-03,-0.1567748215447082
2020-03-04,0.0
2020-03-05,0.0
2020-03-06,0.0
2020-03-07,0.0
2020-03-08,0.0
2020-03-09,0.0
2020-03-10,0.0
2020-03-11,0.0
2020-03-12,0.0
2020-03-13,0.0
2020-03-14,-0.017941067121327182
2020-03-15,-0.016670104255356186
2020-03-16,-0.017941067121327182
2020-03-17,-0.008648022750852358
2020-03-18,-0.06719387252282508
2020-03-19,-0.052988239782428344
2020-03-20,0.3241635133822784
2020-03-21,-0.0037121428519920775
2020-03-22,0.18839671803512884
2020-03-23,-0.17695035668335485
2020-03-24,-0.4039250723315534
2020-03-25,-0.1312908469293399
2020-03-26,1.5484464708483305
2020-03-27,1.0550781051762503
2020-03-28,-0.040538090846919436
2020-03-29,-0.02975583372209697
2020-03-30,0.3271200884641301
2020-03-31,0.11532520447640662
2020-04-01,0.36681614145583874
2020-04-02,0.1630428503896501
2020-04-03,-0.003153889793101654
2020-04-04,-0.0026018575201738987
2020-04-05,-0.0028969588773157936
2020-04-06,-0.05746297845232026
2020-04-07,0.03791213137318143
2020-04-08,0.05012191980961451
2020-04-09,0.00933781132825434
2020-04-10,-0.007590449674988291
2020-04-11,-0.00046886130051397237
2020-04-12,0.00018538227649287948
2020-04-13,0.002796328783029752
2020-04-14,-0.018751377350482074
2020-04-15,0.009627678172057952
2020-04-16,-0.018751888511389016
2020-04-17,-0.004323975691318661
2020-04-18,-0.0032283547063831895
2020-04-19,-0.002209864835439676
2020-04-20,0.08583002180153333
2020-04-21,0.0016645624037366063
2020-04-22,0.07343136640189493
2020-04-23,0.04219073341608681
2020-04-24,0.005575734710403725
2020-04-25,-0.000734814041493756
2020-04-26,-0.000734814041493756
2020-04-27,0.08242042069142148
2020-04-28,0.018094202281808133
2020-04-29,0.00905835726763956
2020-04-30,0.005858601075003355
2020-05-01,0.04386656365091461
2020-05-02,-0.0005555299890354407
2020-05-03,-0.006334442223568459
2020-05-04,-0.01701287316641463
2020-05-05,-0.04096890741304026
2020-05-06,0.1213142705200317
2020-05-07,-0.035188975773912695
2020-05-08,-0.019010361148469913
2020-05-09,-0.002121493504658608
2020-05-10,-0.014489045569595394
2020-05-11,-0.014430895208747008
2020-05-12,0.12263184846701032
2020-05-13,-0.01698903265972849
2020-05-14,-0.008497714536309084
2020-05-15,0.00027485615876006106
2020-05-16,-0.0015877239772392584
2020-05-17,-0.0015877239772392584
2020-05-18,-0.043100190970604274
2020-05-19,0.002432498257281779
2020-05-20,-0.047785502737266006
2020-05-21,-0.07071356895327346
2020-05-22,-0.14130374172702384
2020-05-23,-0.014492783360419311
2020-05-24,-0.01735168492283915
2020-05-25,-0.015222178975241148
2020-05-26,-0.2487889961616117
2020-05-27,-0.017025178817898078
2020-05-28,0.04490219653593297
2020-05-29,0.018303162998298098
2020-05-30,-0.0020197145189943307
2020-05-31,-0.00235771514980269
2020-06-01,0.1876270307338753
2020-06-02,-0.02012242119291936
2020-06-03,-0.0794960288927189
2020-06-04,-0.028616236840070655
2020-06-05,-0.035454138903929455
2020-06-06,-0.0016351303128775987
2020-06-07,-0.003418265626586519
2020-06-08,0.018891123404768544
2020-06-09,0.01612368520482415
2020-06-10,0.02794040632890337
2020-06-11,0.025711245326316516
2020-06-12,8.026406299400804e-05
2020-06-13,-0.0013614073289561898
2020-06-14,-0.0013614073289561898
2020-06-15,-0.0009712194761133898
2020-06-16,-0.008256160253357079
2020-06-17,-0.0005379523706773437
2020-06-18,0.12444005327700546
2020-06-19,0.0
2020-06-20,0.0
2020-06-21,0.0
2020-06-22,0.0
2020-06-23,0.0
2020-06-24,0.0
2020-06-25,0.0
2020-06-26,0.0
2020-06-27,0.0
2020-06-28,0.0
2020-06-29,0.0
2020-06-30,0.0
2020-07-01,0.0
2020-07-02,0.0
2020-07-03,0.0
2020-07-04,0.0
2020-07-05,0.0
2020-07-06,0.0
2020-07-07,0.0
2020-07-08,-0.007181249864178331
2020-07-09,-0.025455413959463845
2020-07-10,0.002149656781190039
2020-07-11,-0.0017255649033935982
2020-07-12,-0.0017255649033935982
2020-07-13,0.0024636931019574805
2020-07-14,0.07033665837047812
2020-07-15,-0.010428001901434105
2020-07-16,0.035253316505196225
2020-07-17,0.023976108809268298
2020-07-18,-0.0013667508107324438
2020-07-19,-0.0013667508107324438
2020-07-20,0.04121556448285715
2020-07-21,0.009673542707009972
2020-07-22,-0.07089689238106556
2020-07-23,-0.020708023995649506
2020-07-24,-0.016645993386934066
2020-07-25,-0.001507058732014052
2020-07-26,-0.001507058732014052
2020-07-27,0.1012759374330904
2020-07-28,0.08737423339581075
2020-07-29,0.0
2020-07-30,0.0
2020-07-31,0.0
2020-08-01,0.0
2020-08-02,0.0
2020-08-03,0.0
2020-08-04,0.0
2020-08-05,0.0
2020-08-06,0.0
2020-08-07,0.0
2020-08-08,0.0
2020-08-09,0.0
2020-08-10,0.0
2020-08-11,0.0
2020-08-12,0.0
2020-08-13,0.0
2020-08-14,0.0
2020-08-15,0.0
2020-08-16,0.0
2020-08-17,0.0
2020-08-18,0.0
2020-08-19,0.0
2020-08-20,0.0
2020-08-21,0.0
2020-08-22,0.0
2020-08-23,0.0
2020-08-24,0.0
2020-08-25,0.0
2020-08-26,0.0
2020-08-27,0.0
2020-08-28,0.0
2020-08-29,0.0
2020-08-30,0.0
2020-08-31,0.0
2020-09-01,0.0
2020-09-02,0.0
2020-09-03,0.0
2020-09-04,0.0
2020-09-05,0.0
2020-09-06,0.0
2020-09-07,0.0
2020-09-08,0.0
2020-09-09,0.0
2020-09-10,0.0
2020-09-11,0.0
2020-09-12,0.0
2020-09-13,0.0
2020-09-14,0.0
2020-09-15,0.0
2020-09-16,0.0
2020-09-17,0.0
2020-09-18,0.0
2020-09-19,0.0
2020-09-20,0.0
2020-09-21,0.0
2020-09-22,0.0
2020-09-23,0.0
2020-09-24,0.0
2020-09-25,0.0
2020-09-26,0.0
2020-09-27,0.0
2020-09-28,0.0
2020-09-29,0.0
2020-09-30,0.0
2020-10-01,0.0
2020-10-02,0.0
2020-10-03,0.0
2020-10-04,0.0
2020-10-05,0.0
2020-10-06,0.0
2020-10-07,0.0
2020-10-08,0.0
2020-10-09,0.0
2020-10-10,0.0
2020-10-11,0.0
2020-10-12,0.0
2020-10-13,0.0
2020-10-14,0.0
2020-10-15,0.0
2020-10-16,0.0
2020-10-17,0.0
2020-10-18,0.0
2020-10-19,0.0
2020-10-20,0.0
2020-10-21,0.0
2020-10-22,0.0
2020-10-23,0.0
2020-10-24,0.0
2020-10-25,0.0
2020-10-26,0.0
2020-10-27,0.0
2020-10-28,0.0
2020-10-29,0.0
2020-10-30,0.0
2020-10-31,0.0
2020-11-01,0.0006249999999999
2020-11-02,-0.400486111111111
2020-11-03,-0.1007638888888889
2020-11-04,0.0995138888888889
2020-11-05,0.1499305555555555
2020-11-06,0.2506249999999999
2020-11-07,0.000625
2020-11-08,0.000625
2020-11-09,0.000625
2020-11-10,-0.0644444444444444
2020-11-11,0.0
2020-11-12,0.0
2020-11-13,0.0
2020-11-14,0.0
2020-11-15,0.0
2020-11-16,0.0
2020-11-17,0.0
2020-11-18,0.0
2020-11-19,0.0
2020-11-20,0.0
2020-11-21,0.0
2020-11-22,0.0
2020-11-23,0.0
2020-11-24,0.0
2020-11-25,0.0
2020-11-26,0.0
2020-11-27,0.0
2020-11-28,0.0
2020-11-29,0.0
2020-11-30,0.0
2020-12-01,-0.0044803291449748
2020-12-02,0.3360739427636706
2020-12-03,0.0889976981829966
2020-12-04,-0.418587541630438
2020-12-05,-0.0016684614789489
2020-12-06,-0.0016684614789489
2020-12-07,0.7017405034763237
2020-12-08,-0.1303395564368761
2020-12-09,-0.4209933976532205
2020-12-10,0.0429219894192361
2020-12-11,-1.128648106348454
2020-12-12,-0.0376876004656713
2020-12-13,-0.0418319279196567
2020-12-14,-0.0387897513813202
2020-12-15,0.1641290269418889
2020-12-16,-0.1518330953828231
2020-12-17,9.348364239583932e-05
2020-12-18,-0.8764223619049115
2020-12-19,-0.0377284117295248
2020-12-20,-0.0425695672129536
2020-12-21,-0.0843528442811054
2020-12-22,-0.5010733176975044
2020-12-23,-0.0223537153714958
2020-12-24,0.7230077494221632
2020-12-25,-0.9275547330977926
2020-12-26,-0.037818894640551
2020-12-27,-0.0437254408063403
2020-12-28,-0.0368242034391778
2020-12-29,0.7060149840215131
2020-12-30,1.483048872856091
2020-12-31,0.0287642683013145
2021-01-01,-0.0117455889203387
2021-01-02,-0.0014484392890821
2021-01-03,0.9640507956753328
2021-01-04,0.0005814256878941
2021-01-05,0.0863551302093095
2021-01-06,0.0022704680765816
2021-01-07,-0.001852801286081
2021-01-08,-0.0001138913529836
2021-01-09,9.468341034361885e-06
2021-01-10,9.468341034361885e-06
2021-01-11,-0.00476025581912
2021-01-12,0.0107544996306837
2021-01-13,-0.0063690187594736
2021-01-14,0.0100390552463779
2021-01-15,0.0057811787253517
2021-01-16,-0.0001442020358026
2021-01-17,-0.0001646238412833
2021-01-18,0.0015563813820096
2021-01-19,0.0051739160527863
2021-01-20,-0.0180937635936086
2021-01-21,-4.725733186193676e-06
2021-01-22,0.0334301570606328
2021-01-23,-3.985232965883737e-05
2021-01-24,0.000311042572947
2021-01-25,0.0015150828184932
2021-01-26,0.0082365184182703
2021-01-27,-0.0044229143006734
2021-01-28,-0.0171174781673653
2021-01-29,-0.0008231519519776
2021-01-30,-7.331717790894116e-05
2021-01-31,-7.331717790894116e-05
2021-02-01,-0.005057017835127
2021-02-02,-0.0130549171755576
2021-02-03,-0.0106167103370896
2021-02-04,0.1010914528328659
2021-02-05,-0.0337814636699513
2021-02-06,-0.001960764661124
2021-02-07,-0.0021387917455543
2021-02-08,-0.0025760006312162
2021-02-09,-0.0538635477562466
2021-02-10,-0.0878774098376381
2021-02-11,0.0595575313376181
2021-02-12,0.0109727520914766
2021-02-13,-0.000160809128069
2021-02-14,0.0007180994006341
2021-02-15,0.0021110890968159
2021-02-16,0.0385198873872363
2021-02-17,0.0003944909738639
2021-02-18,-0.0367891708573238
2021-02-19,-0.0216426457140327
2021-02-20,-0.0019317923301224
2021-02-21,0.000706906006422
2021-02-22,0.0076585236118527
2021-02-23,0.0917628876317039
2021-02-24,0.033916762352357
2021-02-25,0.0249311261063373
2021-02-26,0.0870105695634736
2021-02-27,-5.2458410717604625e-05
2021-02-28,-0.0057713270894316
2021-03-01,0.0752090106446801
2021-03-02,-0.0422326514753286
2021-03-03,0.0587280785435907
2021-03-04,0.0110867766848986
2021-03-05,0.0006497043520733
2021-03-06,0.0012424679014297
2021-03-07,-2.07191330796658e-05
2021-03-08,0.1086545269629935
2021-03-09,-0.051201293092066
2021-03-10,0.210165975696463
2021-03-11,-0.0011320399311253
2021-03-12,-0.0009754176907953
2021-03-13,0.0
2021-03-14,0.0
2021-03-15,0.0
2021-03-16,0.0
2021-03-17,0.0
2021-03-18,0.0
2021-03-19,0.0
2021-03-20,0.0
2021-03-21,0.0
2021-03-22,-0.0080645303632892
2021-03-23,0.0019077654640656
2021-03-24,0.0273366577934351
2021-03-25,-0.00604699768039
2021-03-26,-0.0057098555082579
2021-03-27,-6.46842539555493e-05
2021-03-28,-6.46842539555493e-05
2021-03-29,-0.0092635692179977
2021-03-30,0.0160582781234981
2021-03-31,0.0261503097110455
2021-04-01,0.0571513640958118
2021-04-02,0.0009285227184036
2021-04-03,-0.0003081736046326
2021-04-04,-0.0051714834276513
2021-04-05,-0.0137043612731983
2021-04-06,0.0146170039867004
2021-04-07,0.0017015575976752
2021-04-08,-0.0133460981089364
2021-04-09,0.0053849776429376
2021-04-10,-0.0003318668124615
2021-04-11,-0.0003318668124615
2021-04-12,0.0049559989917312
2021-04-13,0.0086682749702568
2021-04-14,-0.0167038456017395
2021-04-15,0.018929014453137
2021-04-16,0.0182701784654206
2021-04-17,-0.0002330212606066
2021-04-18,-0.0002330212606066
2021-04-19,0.0256116180786477
2021-04-20,-0.0888586864549267
2021-04-21,-0.0395663656177256
2021-04-22,0.0267418552140955
2021-04-23,0.0567824765520927
2021-04-24,-0.0009732595759236
2021-04-25,-0.0009732595759236
2021-04-26,-0.0303622832459887
2021-04-27,0.0396684990114812
2021-04-28,-0.0119754962505223
2021-04-29,-0.0960915445835613
2021-04-30,0.1571017614776683
2021-05-01,-7.916365111175437e-05
2021-05-02,-7.916365111175437e-05
2021-05-03,-0.008885372728636
2021-05-04,0.0043508295664946
2021-05-05,0.0064440002036769
2021-05-06,-0.0022739384279444
2021-05-07,-0.0023865175419404
2021-05-08,-2.79603153896165e-05
2021-05-09,0.0006499185693259
2021-05-10,-0.0017390093784494
2021-05-11,0.0007013449337916
2021-05-12,-0.001270517239788
2021-05-13,0.0013745645199499
2021-05-14,-0.0023876309513609
2021-05-15,-3.487743154960212e-05
2021-05-16,-3.487743154960212e-05
2021-05-17,0.0005881298817707
2021-05-18,0.0016496949272599
2021-05-19,-0.0007020910858171
2021-05-20,0.0057670120981614
2021-05-21,-0.0032203176855206
2021-05-22,-2.317770866476074e-05
2021-05-23,5.8989428876528354e-05
2021-05-24,-0.0001754526080478
2021-05-25,0.0029241064854498
2021-05-26,-0.0006926007673199
2021-05-27,-0.0002123572554257
2021-05-28,0.0017287979828793
2021-05-29,0.0
2021-05-30,0.0
2021-05-31,0.0
2021-06-01,0.0
2021-06-02,0.0
2021-06-03,0.0
2021-06-04,0.0
2021-06-05,0.0
2021-06-06,0.0
2021-06-07,0.0
2021-06-08,0.0
2021-06-09,0.0
2021-06-10,0.0
2021-06-11,0.0
2021-06-12,0.0
2021-06-13,0.0
2021-06-14,0.0
2021-06-15,-0.004287728283876
2021-06-16,-0.021316201421911
2021-06-17,0.0411489568704804
2021-06-18,-0.0040304653725153
2021-06-19,0.000317990458814
2021-06-20,-0.0016969660042871
2021-06-21,0.0009835818435124
2021-06-22,0.0244387655345207
2021-06-23,0.0011687327233365
2021-06-24,-0.0036947542409016
2021-06-25,-0.0008269502420172
2021-06-26,-0.0001538168782902
2021-06-27,-0.0001538168782902
2021-06-28,-0.014679843993588
2021-06-29,0.0597322588993729
2021-06-30,0.0364571211752303
2021-07-01,-0.0278788777120535
2021-07-02,0.1468760254630915
2021-07-03,-0.0003942255794715
2021-07-04,-0.0003942255794715
2021-07-05,-0.059991479993643
2021-07-06,0.063886842909918
2021-07-07,0.0588787341336589
2021-07-08,-0.0066712877115225
2021-07-09,-0.0418094839114623
2021-07-10,-0.0003496859136744
2021-07-11,0.0013338937556656
2021-07-12,0.033843427850324
2021-07-13,-0.3016159121751717
2021-07-14,0.3072787481688531
2021-07-15,-0.0335768347145829
2021-07-16,0.0335209046042636
2021-07-17,-0.0002295512534534
2021-07-18,-0.0002295512534534
2021-07-19,0.0785394514117379
2021-07-20,0.0383643376925826
2021-07-21,-0.0715767970004128
2021-07-22,0.007517287959031
2021-07-23,-0.0013166164293355
2021-07-24,-0.0006579281805203
2021-07-25,-0.0006579281805203
2021-07-26,0.0527242794855161
2021-07-27,0.0739603015126602
2021-07-28,0.006896542237144
2021-07-29,-0.0299039671919321
2021-07-30,0.0197929531147034
2021-07-31,-0.0002735458792104
2021-08-01,-0.0059479112560788
2021-08-02,-0.04901139794843
2021-08-03,0.1537505974886801
2021-08-04,-0.1221064156145141
2021-08-05,0.0532007363187029
2021-08-06,-0.0170259377669637
2021-08-07,-2.513683556822145e-05
2021-08-08,-2.513683556822145e-05
2021-08-09,-0.0276112634739279
2021-08-10,-0.0425274566118486
2021-08-11,0.0898808861266426
2021-08-12,0.0702457128922776
2021-08-13,0.0143618007178807
2021-08-14,0.0001787556993855
2021-08-15,0.0001787556993855
2021-08-16,-0.017941477104894
2021-08-17,-0.0062714391347057
2021-08-18,0.0130786306294271
2021-08-19,-0.0054822299088424
2021-08-20,-0.0019726001682116
2021-08-21,0.0001868875562666
2021-08-22,0.0031192506491613
2021-08-23,-0.015942182234002
2021-08-24,0.0020355387027814
2021-08-25,-0.0132487635649143
2021-08-26,-0.0318012726042312
2021-08-27,0.0676334026945123
2021-08-28,-0.0001755018697358
2021-08-29,-0.0001755018697358
2021-08-30,0.0426772875799738
2021-08-31,0.068652095033187
2021-09-01,0.0366080307971471
2021-09-02,0.0044020920074807
2021-09-03,-0.0257592217401769
2021-09-04,-0.0001633491866548
2021-09-05,-0.0015170924461223
2021-09-06,0.0169442156316863
2021-09-07,-0.0083504584215575
2021-09-08,0.0143425535858321
2021-09-09,0.0001954490268239
2021-09-10,-0.0108665158936524
2021-09-11,-0.0001313693458882
2021-09-12,-0.00088946557119
2021-09-13,0.007490812701889
2021-09-14,0.0026763616739112
2021-09-15,-0.0015666671992807
2021-09-16,-0.0070560848664775
2021-09-17,-0.0089651553608703
2021-09-18,-0.0001523992411766
2021-09-19,-0.0025349873778394
2021-09-20,-0.0005651221861544
2021-09-21,-0.0119647654252693
2021-09-22,-0.0106437220029834
2021-09-23,0.0122769932741809
2021-09-24,-0.0126622831788985
2021-09-25,-0.0002386698567012
2021-09-26,-0.0005635682389735
2021-09-27,0.0112911724937791
2021-09-28,0.047865156063817
2021-09-29,0.0009996183318897
2021-09-30,0.0847903319572993
2021-10-01,-0.011988949783634
2021-10-02,-0.0010084100596032
2021-10-03,-0.0031113585440658
2021-10-04,0.0256587388160284
2021-10-05,-0.059582117587388
2021-10-06,-0.0022738979002835
2021-10-07,-0.0105493437731343
2021-10-08,-0.0010594091667198
2021-10-09,-0.0001469501768281
2021-10-10,-0.0026502478643885
2021-10-11,0.0186107526108513
2021-10-12,-0.0023389246985233
2021-10-13,-0.0201671997550201
2021-10-14,0.0029309220184546
2021-10-15,-0.0393360533244778
2021-10-16,-0.0003301601540095
2021-10-17,-0.0005833422502038
2021-10-18,0.0162376013113202
2021-10-19,0.0041890558352316
2021-10-20,-0.014431991918875
2021-10-21,-0.0534679434249702
2021-10-22,0.0547855311640793
2021-10-23,-0.0003060097204958
2021-10-24,-0.0011868435012047
2021-10-25,0.0530040465058032
2021-10-26,0.0147117977865908
2021-10-27,-0.0506707541753555
2021-10-28,0.0297190005056989
2021-10-29,-0.0729276805057219
2021-10-30,-0.0005190041250482
2021-10-31,0.0034231210342824
2021-11-01,0.014457742227323
2021-11-02,0.0186001259165447
2021-11-03,-0.0116134716029295
2021-11-04,0.0407422375004393
2021-11-05,0.0157876943675581
2021-11-06,-0.0008927923455783
2021-11-07,-7.11488327265026e-05
2021-11-08,0.0062771090892456
2021-11-09,0.0002015618792372
2021-11-10,0.0359649888757699
2021-11-11,-0.002746372343175
2021-11-12,-0.0238395166002293
2021-11-13,-0.0009038631556582
2021-11-14,-0.00095512197137
2021-11-15,0.0001891310351309
2021-11-16,0.0202343143045378
2021-11-17,0.0259341960651583
2021-11-18,-0.0126588483809412
2021-11-19,-0.0243301342511639
2021-11-20,-0.0181731932911745
2021-11-21,-0.0034839244810755
2021-11-22,-0.027387367913646
2021-11-23,0.0698377916373361
2021-11-24,-0.0207120245054836
2021-11-25,0.0067950995389864
2021-11-26,0.029885273784089
2021-11-27,-0.0003733070204489
2021-11-28,-0.0011163861288107
2021-11-29,0.0702740877205442
2021-11-30,0.0489546191271074
2021-12-01,0.0164186870444477
2021-12-02,-0.0341539743613888
2021-12-03,0.0737033677134197
2021-12-04,-0.0011449557905815
2021-12-05,-0.0058110140798759
2021-12-06,-0.0210054794430274
2021-12-07,0.1760505353527336
2021-12-08,-0.0033408466766237
2021-12-09,0.342050076019323
2021-12-10,0.0094438755682912
2021-12-11,-0.0003041287014725
2021-12-12,0.0048546918501682
2021-12-13,0.0904303201619764
2021-12-14,0.0359129287191038
2021-12-15,-0.047650813647879
2021-12-16,0.0364697704037698
2021-12-17,0.0055891812815498
2021-12-18,-0.0001886808023235
2021-12-19,-0.0189174771404079
2021-12-20,-0.0614955445305824
2021-12-21,-0.0228009843665803
2021-12-22,0.0021757368897602
2021-12-23,0.1336812579633209
2021-12-24,-0.0361135928495238
2021-12-25,-0.0001993494466439
2021-12-26,-0.0076949130169408
2021-12-27,0.0349090023764198
2021-12-28,-0.0020389052917141
2021-12-29,0.0906270599980247
2021-12-30,-0.003099495232199
2021-12-31,-0.043385456154504
2022-01-01,-0.0001642389426893
2022-01-02,-0.0323228484536628
2022-01-03,0.1540443168529448
2022-01-04,-0.0181259279189417
2022-01-05,0.075891169453217
2022-01-06,-0.0343910516378819
2022-01-07,0.1185206939575877
2022-01-08,-3.457732802821863e-05
2022-01-09,-0.0215156801808105
2022-01-10,-0.0074236104613965
2022-01-11,-0.0010056738488203
2022-01-12,-0.0191990742724971
2022-01-13,0.0153651252243783
2022-01-14,0.0272146044262279
2022-01-15,-3.754333936799111e-05
2022-01-16,-0.0004137642352019
2022-01-17,-0.003871910141646
2022-01-18,0.0019360364491145
2022-01-19,-0.0003901199164042
2022-01-20,0.0053543143619011
2022-01-21,0.0031046293250296
2022-01-22,-0.014846505965265
2022-01-23,0.0893629267778511
2022-01-24,0.2646559721441377
2022-01-25,0.0211611484262158
2022-01-26,-0.0684367778185798
2022-01-27,-0.0039305436680565
2022-01-28,0.0112115202486206
2022-01-29,-0.000251417009802
2022-01-30,-0.0022721890879754
2022-01-31,-0.0053296570643277
2022-02-01,-0.0204802393113944
2022-02-02,0.0591968375207349
2022-02-03,-0.0209418504454928
2022-02-04,0.2592880642997867
2022-02-05,-0.0004690317838803
2022-02-06,-0.0004690317838803
2022-02-07,-0.0003137851370958
2022-02-08,-0.0359020407508886
2022-02-09,-0.0351274606281448
2022-02-10,-0.3913161486534403
2022-02-11,0.0156677052888036
2022-02-12,-0.000579329705896
2022-02-13,-0.000579329705896
2022-02-14,-0.033474411253774
2022-02-15,-0.01481387960211
2022-02-16,-0.0008109746561338
2022-02-17,0.1374337293165914
2022-02-18,0.0571774230238063
2022-02-19,-0.0016258226906439
2022-02-20,-0.0002669801409549
2022-02-21,-0.0568505256996457
2022-02-22,0.0148180572342965
2022-02-23,0.0962794798548172
2022-02-24,0.2298490928987748
2022-02-25,-0.8965873227608009
2022-02-26,-0.000847401502167
2022-02-27,-0.0290291776637004
2022-02-28,1.7875654970266628
2022-03-01,-0.0064375240113613
2022-03-02,0.0656865430577533
2022-03-03,-0.0367255491392854
2022-03-04,0.0530929671342665
2022-03-05,-0.0013792277164346
2022-03-06,-0.0013792277164346
2022-03-07,0.1150274527818393
2022-03-08,0.3287257079054803
2022-03-09,0.0057729474027353
2022-03-10,-0.0332068443229684
2022-03-11,-0.0547130614599166
2022-03-12,-0.0009309042904273
2022-03-13,-0.0038772762358551
2022-03-14,-0.0049597091508339
2022-03-15,-0.0155367591434769
2022-03-16,-0.0156921900779872
2022-03-17,-0.0130838279455479
2022-03-18,-0.0177983069595314
2022-03-19,-0.0062689276296675
2022-03-20,-0.0075893575515599
2022-03-21,-0.0309896038323842
2022-03-22,-0.0055469415294811
2022-03-23,-0.0207752790598943
2022-03-24,-0.1077287212803524
2022-03-25,-0.0260128083465634
2022-03-26,-0.0018561980989847
2022-03-27,0.0002629343928494
2022-03-28,-0.0002639384985185
2022-03-29,-0.1139209912630911
2022-03-30,-0.0169634159900554
2022-03-31,-0.0874805618681791
2022-04-01,-0.510683729107799
2022-04-02,-0.010412255099322542
2022-04-03,-0.009152377020870874
2022-04-04,-0.12082587437721913
2022-04-05,-0.19643379281064274
2022-04-06,0.5311694911561905
2022-04-07,-0.00033886454722420933
2022-04-08,0.005370261123131669
2022-04-09,-0.0006723773212690674
2022-04-10,-0.0006723773212690674
2022-04-11,-0.0018579167117194542
2022-04-12,-0.024971437346758343
2022-04-13,-0.03387872766393604
2022-04-14,0.06654994696493825
2022-04-15,-0.4241381202090755
2022-04-16,-0.012329048854243914
2022-04-17,-0.012329048854243914
2022-04-18,-0.15771886136833496
2022-04-19,0.027393612938280836
2022-04-20,-0.012523208423133621
2022-04-21,-0.07072159592807031
2022-04-22,-0.002196743557013081
2022-04-23,-0.0015305106632364025
2022-04-24,-0.0015305106632364025
2022-04-25,-0.013080376075481008
2022-04-26,-0.07783395383336443
2022-04-27,0.011193877807382638
2022-04-28,0.22919442998171802
2022-04-29,0.08632986059231579
2022-04-30,-0.016144961091205678
2022-05-01,-0.016833602790044044
2022-05-02,-0.1960193587570136
2022-05-03,-0.21338767651058038
2022-05-04,-0.051248814405384924
2022-05-05,0.056403747326924776
2022-05-06,-0.08872472419906843
2022-05-07,-0.01825080119421286
2022-05-08,-0.027842994140970065
2022-05-09,-0.022698736829888416
2022-05-10,-0.19183964834623402
2022-05-11,0.08243244446145769
2022-05-12,0.11933755352921724
2022-05-13,0.28332562846726994
2022-05-14,-0.017208086408782318
2022-05-15,-0.017208086408782318
2022-05-16,0.23721012230435595
2022-05-17,-0.10648105970658553
2022-05-18,-0.044223103378374096
2022-05-19,-0.0037723022113441904
2022-05-20,0.2593251024163907
2022-05-21,-0.016027632351651836
2022-05-22,-0.016027632351651836
2022-05-23,0.18079783130037863
2022-05-24,0.042220277133430156
2022-05-25,-0.04291323668061834
2022-05-26,-0.0900060965077337
2022-05-27,0.33144783782184817
2022-05-28,-0.015879734489651284
2022-05-29,-0.015879734489651284
2022-05-30,-0.41527683336605364
2022-05-31,0.28531800893232895
2022-06-01,-1.1723567890644475
2022-06-02,0.00762086275764241
2022-06-03,-0.07235147578301439
2022-06-04,-0.012811941808935414
2022-06-05,-0.012811941808935414
2022-06-06,-0.07577448811040458
2022-06-07,-0.20553532714023903
2022-06-08,-0.05341343201944209
2022-06-09,-0.00028435853460597946
2022-06-10,0.051086838746705124
2022-06-11,-0.013700574827883137
2022-06-12,-0.013700574827883137
2022-06-13,-0.07813112793425589
2022-06-14,-0.27976888762468066
2022-06-15,-0.01105158313537624
2022-06-16,-0.037150015373837234
2022-06-17,0.022409978423305
2022-06-18,-0.0023400349629618743
2022-06-19,-0.02580400188965157
2022-06-20,-0.45856075437445665
2022-06-21,2.169709591856698
2022-06-22,-0.22338586296196147
2022-06-23,0.00598723419232608
2022-06-24,-0.11030172462802128
2022-06-25,-0.030398281060381664
2022-06-26,-0.028042825544491667
2022-06-27,0.10623534602643497
2022-06-28,-0.026876973498468702
2022-06-29,0.5576568657780228
2022-06-30,-0.044039431465480894
2022-07-01,0.0059565263438766825
2022-07-02,-0.012523482850022498
2022-07-03,-0.012592092077111443
2022-07-04,-0.05138668762946946
2022-07-05,0.0804068484979884
2022-07-06,0.07066265436241323
2022-07-07,-0.00836592818511801
2022-07-08,-0.0003047836881379211
2022-07-09,-0.04732343786311881
2022-07-10,-0.00028884764785658946
2022-07-11,-0.02032924491271335
2022-07-12,0.13150709327593132
2022-07-13,0.0
2022-07-14,0.0
2022-07-15,0.0
2022-07-16,0.0
2022-07-17,0.0
2022-07-18,-0.03666755276379247
2022-07-19,0.14615740881054146
2022-07-20,-0.21479082161416976
2022-07-21,-0.12802142838214858
2022-07-22,0.10895602754789824
2022-07-23,-0.016717004009069066
2022-07-24,-0.016717004009069066
2022-07-25,-0.33026685390824095
2022-07-26,-0.2612924536601728
2022-07-27,-0.488593670773115
2022-07-28,0.2619818428360549
2022-07-29,0.10697090046554693
2022-07-30,-0.018418690029606496
2022-07-31,-0.018418690029606496
2022-08-01,-1.0508389383980106
2022-08-02,0.04531864250395594
2022-08-03,-0.3005739929892082
2022-08-04,-0.18586463231073239
2022-08-05,-0.10035205316478193
2022-08-06,-0.020465536073122317
2022-08-07,-0.05255800941608173
2022-08-08,0.004935011599956544
2022-08-09,0.000661056657564362
2022-08-10,-0.04509262210421369
2022-08-11,-0.02925392798368771
2022-08-12,0.0193147444009647
2022-08-13,-0.010525583048665733
2022-08-14,-0.010525583048665733
2022-08-15,-0.014828512792664401
2022-08-16,-0.05990942337204417
2022-08-17,-0.003598492413247132
2022-08-18,-0.0103862800918398
2022-08-19,0.036032854939582096
2022-08-20,-0.010524596655431883
2022-08-21,-0.010524596655431883
2022-08-22,-0.0031354464616649815
2022-08-23,0.04627549642430871
2022-08-24,0.04565562411521669
2022-08-25,-0.023395851113091504
2022-08-26,0.06358404224891535
2022-08-27,-0.010023822597269505
2022-08-28,-0.009913758865411485
2022-08-29,-0.038175163232041544
2022-08-30,-0.12062996359007086
2022-08-31,-0.030316896162520278
2022-09-01,-0.18824797095509882
2022-09-02,0.01703354110494658
2022-09-03,-0.013738934633408816
2022-09-04,-0.013738934633408816
2022-09-05,0.019919625985191588
2022-09-06,-0.004759899003938294
2022-09-07,-0.07598913313171159
2022-09-08,-0.07590463986144749
2022-09-09,-0.11378259987227995
2022-09-10,-0.014242400513024927
2022-09-11,-0.014242400513024927
2022-09-12,-0.03395902220902924
2022-09-13,-0.11195691942579206
2022-09-14,-0.3389561421094964
2022-09-15,-0.052265547152987195
2022-09-16,-0.03017942005318009
2022-09-17,-0.015608538738294488
2022-09-18,-0.015608538738294488
2022-09-19,0.010583193584018272
2022-09-20,0.057428519441662065
2022-09-21,-0.05337206157468061
2022-09-22,0.02370168985714676
2022-09-23,-0.13334840379294927
2022-09-24,-0.013467250551340681
2022-09-25,-0.013467250551340681
2022-09-26,0.05337961781303361
2022-09-27,-0.028699368679709764
2022-09-28,-0.03801788775435251
2022-09-29,-0.08131753153055948
2022-09-30,-0.057324139683428824
2022-10-01,-0.0161750054271208
2022-10-02,-0.038139662759953556
2022-10-03,2.0339803940915093
2022-10-04,0.03808690494766788
2022-10-05,0.054565916925611566
2022-10-06,-0.07135562962164116
2022-10-07,0.07349936806288436
2022-10-08,-0.010534040634086412
2022-10-09,-0.010534040634086412
2022-10-10,-0.01010243794785115
2022-10-11,0.8492152251212443
2022-10-12,-0.1979729595512712
2022-10-13,-0.16971082027680273
2022-10-14,-0.01392355378802928
2022-10-15,-0.0014535906025363165
2022-10-16,-0.0014535906025363165
2022-10-17,0.007049123826274493
2022-10-18,-0.003986624309760693
2022-10-19,-0.00829434717051953
2022-10-20,-0.004424186319914508
2022-10-21,0.00475929167665983
2022-10-22,-0.0014470962654846175
2022-10-23,-0.0014470962654846175
2022-10-24,-0.014945214598752449
2022-10-25,-0.027743748862292326
2022-10-26,-0.006939644998566469
2022-10-27,0.356111784068493
2022-10-28,0.025185910489590735
2022-10-29,-0.0014991481891335208
2022-10-30,-0.0014991481891335208
2022-10-31,0.0009424680974020989
2022-11-01,-0.0057902118869292045
2022-11-02,-0.02970516369461939
2022-11-03,-0.07092362761023371
2022-11-04,0.23878752508915024
2022-11-05,-0.02627595621565837
2022-11-06,-0.02627595621565837
2022-11-07,-0.0042623181579227
2022-11-08,0.16956476274471707
2022-11-09,-0.10439884462695095
2022-11-10,0.18729403532328553
2022-11-11,0.05574077482201913
2022-11-12,-0.025075698844464336
2022-11-13,-0.025075698844464336
2022-11-14,0.14099251498310228
2022-11-15,-0.6005174778060445
2022-11-16,-0.2874174534865308
2022-11-17,0.16020625109600345
2022-11-18,0.05633728335865727
2022-11-19,-0.02618690621096016
2022-11-20,-0.02618690621096016
2022-11-21,-0.367817000233465
2022-11-22,0.010139923164973435
2022-11-23,-0.02970516369461939
2022-11-24,-0.026679454024378265
2022-11-25,0.019445275954973775
2022-11-26,-0.026551684689255405
2022-11-27,-0.026551684689255405
2022-11-28,-0.2325568685635671
2022-11-29,-0.1766778203844764
2022-11-30,0.8696577449590027
2022-12-01,-0.30235765693184535
2022-12-02,-0.10506039632343508
2022-12-03,-0.023749784093738926
2022-12-04,-0.023749784093738926
2022-12-05,-0.15533934033343721
2022-12-06,-0.06936852531497413
2022-12-07,0.037752499687245374
2022-12-08,0.05287436038440588
2022-12-09,0.020070792042687
2022-12-10,-0.023937459030055588
2022-12-11,-0.023937459030055588
2022-12-12,-0.06461568655522953
2022-12-13,0.5724598268931613
2022-12-14,0.0
2022-12-15,0.0
2022-12-16,0.0
2022-12-17,0.0
2022-12-18,0.0
2022-12-19,0.0
2022-12-20,0.0
2022-12-21,0.0
2022-12-22,0.0
2022-12-23,0.0
2022-12-24,0.0
2022-12-25,0.0
2022-12-26,0.0
2022-12-27,0.0
2022-12-28,0.0
2022-12-29,0.0
2022-12-30,0.0
2023-01-01,0.0
2023-01-02,0.0
2023-01-03,0.0
2023-01-04,0.0
2023-01-05,0.0
2023-01-06,0.0
2023-01-07,0.0
2023-01-08,0.0
2023-01-09,0.0
2023-01-10,0.0
2023-01-11,0.0
2023-01-12,0.0
2023-01-13,0.0
2023-01-14,0.0
2023-01-15,0.0
2023-01-16,0.0
2023-01-17,0.0
2023-01-18,0.0
2023-01-19,0.0
2023-01-20,0.0
2023-01-21,0.0
2023-01-22,0.0
2023-01-23,0.0
2023-01-24,0.0
2023-01-25,0.0
2023-01-26,0.0
2023-01-27,0.0
2023-01-28,0.0
2023-01-29,0.0
2023-01-30,0.0
2023-01-31,0.0
2023-02-01,-0.009567133287499138
2023-02-02,-0.0027123008959829683
2023-02-03,2.892420997592132
2023-02-04,0.0007603893130683126
2023-02-05,-0.014483989479426692
2023-02-06,0.1626617159755535
2023-02-07,0.07336397200427969
2023-02-08,-0.16646773487771122
2023-02-09,0.02329514850678132
2023-02-10,-0.01038844680009467
2023-02-11,-0.013198842672526585
2023-02-12,-0.013198842672526585
2023-02-13,0.004583278390464884
2023-02-14,0.14102913087103242
2023-02-15,-0.09530535771114429
2023-02-16,-0.0773824426624844
2023-02-17,0.382665124575206
2023-02-18,-0.012033353326380069
2023-02-19,-0.012033353326380069
2023-02-20,0.10049511401344906
2023-02-21,-0.036565942206796244
2023-02-22,-0.049163412692522494
2023-02-23,-0.057529017686465116
2023-02-24,-0.04347012087211744
2023-02-25,-0.030174666979501802
2023-02-26,-0.015244378792495005
2023-02-27,0.04005219600029227
2023-02-28,0.08297609209320193
2023-03-01,-0.2168920571001737
2023-03-02,-0.24691263311040615
2023-03-03,0.1052413956576572
2023-03-04,-0.05986610684854266
2023-03-05,-0.05986610684854266
2023-03-06,-0.05986610684854266
2023-03-07,-0.47072522454187465
2023-03-08,-0.34033239248255065
2023-03-09,0.26276522520306383
2023-03-10,0.4506021780185512
2023-03-11,-0.05946212605039938
2023-03-12,-0.05946212605039938
2023-03-13,0.8661821817410077
2023-03-14,-0.11709217730192463
2023-03-15,-0.2100623866980655
2023-03-16,-0.02299854343951527
2023-03-17,0.47278365317733945
2023-03-18,-0.11831138273184774
2023-03-19,0.0
2023-03-20,0.0
2023-03-21,0.0
2023-03-22,0.0
2023-03-23,0.0
2023-03-24,0.0
2023-03-25,0.0
2023-03-26,0.0
2023-03-27,0.0
2023-03-28,0.0
2023-03-29,0.0
2023-03-30,0.0
2023-03-31,0.0
2023-04-01,0.0
2023-04-02,0.0
2023-04-03,0.0
2023-04-04,-0.004092168949178397
2023-04-05,0.07520466149499172
2023-04-06,0.10699359548973575
2023-04-07,-0.015272943587374353
2023-04-08,-0.0005472957970124604
2023-04-09,-0.0005472957970124604
2023-04-10,-0.002120114946086254
2023-04-11,0.20009171103587542
2023-04-12,0.0
2023-04-13,0.0
2023-04-14,0.0
2023-04-15,0.0
2023-04-16,0.0
2023-04-17,0.0
2023-04-18,0.0
2023-04-19,0.0
2023-04-20,0.0
2023-04-21,0.0
2023-04-22,0.0
2023-04-23,0.0
2023-04-24,0.0
2023-04-25,0.0
2023-04-26,0.0
2023-04-27,0.0
2023-04-28,0.0
2023-04-29,0.0
2023-04-30,0.0
2023-05-01,0.0
2023-05-02,0.0
2023-05-03,-0.008328483378245108
2023-05-04,0.11989451567026799
2023-05-05,0.1443364943999561
2023-05-06,0.0
2023-05-07,0.0
2023-05-08,0.0
2023-05-09,0.0
2023-05-10,0.0
2023-05-11,0.0
2023-05-12,0.0
2023-05-13,0.0
2023-05-14,0.0
2023-05-15,0.0
2023-05-16,0.0
2023-05-17,0.0
2023-05-18,0.0
2023-05-19,0.0
2023-05-20,0.0
2023-05-21,0.0
2023-05-22,0.0
2023-05-23,-0.008328483378245108
2023-05-24,0.1713147009899835
2023-05-25,0.0
2023-05-26,0.0
2023-05-27,0.0
2023-05-28,0.0
2023-05-29,-0.008328483378245108
2023-05-30,-0.07576403942303887
2023-05-31,0.05363160535857195
2023-06-01,0.0646302723859442
2023-06-02,0.1474377673852757
2023-06-03,0.0
2023-06-04,0.0
2023-06-05,-0.0126129911339006
2023-06-06,0.0775999919688937
2023-06-07,-0.0579762592843749
2023-06-08,0.0615417174686508
2023-06-09,0.0072754488424102
2023-06-10,0.0
2023-06-11,0.0
2023-06-12,-0.0346628546694578
2023-06-13,1.8090114514233595
2023-06-14,0.0
2023-06-15,0.0
2023-06-16,0.0
2023-06-17,0.0
2023-06-18,0.0
2023-06-19,0.0
2023-06-20,0.0
2023-06-21,0.0
2023-06-22,0.0
2023-06-23,0.0
2023-06-24,0.0
2023-06-25,0.0
2023-06-26,-0.0126129911339006
2023-06-27,0.0873281930824604
2023-06-28,-0.005860010318814
2023-06-29,0.005074491550955
2023-06-30,0.026029724425609
2023-07-01,-0.0002393010901889
2023-07-02,-0.0002393010901889
2023-07-03,-0.0145400218613506
2023-07-04,0.0115764671120699
2023-07-05,-0.0538155239449916
2023-07-06,0.0399316241771829
2023-07-07,-0.024535319860767
2023-07-08,-0.0003499416894741
2023-07-09,-0.0003499416894741
2023-07-10,0.0179578582321675
2023-07-11,0.01366559319588
2023-07-12,-0.0383998768748292
2023-07-13,0.0187338383111046
2023-07-14,0.0483611706136396
2023-07-15,0.0
2023-07-16,0.0
2023-07-17,-0.0072641831388874
2023-07-18,0.0138047224782804
2023-07-19,-0.0091748146415654
2023-07-20,0.0385858779080015
2023-07-21,-0.0045209450896344
2023-07-22,-0.0001805956641473
2023-07-23,-0.0001805956641473
2023-07-24,0.0082419472339531
2023-07-25,-0.0158004306813988
2023-07-26,-0.0049536432207003
2023-07-27,-0.0548920016718669
2023-07-28,0.0691548973679179
2023-07-29,-0.0001726504638391
2023-07-30,-0.0001726504638391
2023-07-31,-0.0104162837182863
2023-08-01,0.0815184249795023
2023-08-02,-0.0078842440730998
2023-08-03,-0.0403029379520286
2023-08-04,-0.0130332532663414
2023-08-05,-0.0002890935242721
2023-08-06,-0.0002890935242721
2023-08-07,0.088258625229622
2023-08-08,0.1168272595274215
2023-08-09,-0.0377101855269083
2023-08-10,0.1974663706563386
2023-08-11,0.0003541346581301
2023-08-12,-0.0001545113028204
2023-08-13,-0.0001545113028204
2023-08-14,-0.0039131593778211
2023-08-15,0.02139113616432
2023-08-16,-0.0221774012253202
2023-08-17,-0.0087280551963367
2023-08-18,0.005675607540333
2023-08-19,-0.0001738210105973
2023-08-20,-0.0001738210105973
2023-08-21,0.0078960389113369
2023-08-22,-0.0064543371056168
2023-08-23,-0.0078048274905222
2023-08-24,0.0997085831601114
2023-08-25,-0.0245140754835843
2023-08-26,-0.0002393705694799
2023-08-27,-0.0002393705694799
2023-08-28,-0.0768330605918684
2023-08-29,0.1209502421537253
2023-08-30,-0.1565202407077294
2023-08-31,0.1283485204635207
2023-09-01,0.0156088365456549
2023-09-02,-0.0006655591578493
2023-09-03,-0.0006655591578493
2023-09-04,0.007175002283812
2023-09-05,0.0959866231180964
2023-09-06,-0.0273702990523621
2023-09-07,0.0128156738024465
2023-09-08,-0.0133902244383948
2023-09-09,-0.0007810944209164
2023-09-10,-0.0007810944209164
2023-09-11,0.0580107544206962
2023-09-12,-0.0511601209378305
2023-09-13,0.0289416291285641
2023-09-14,-0.0242621831435197
2023-09-15,0.0649631442756028
2023-09-16,-0.0005592992080784
2023-09-17,-0.0005592992080784
2023-09-18,-0.0811484214015978
2023-09-19,0.0211884190312059
2023-09-20,0.0768279853684393
2023-09-21,-0.0155304760746409
2023-09-22,-0.0057589776522156
2023-09-23,-0.000562907590066
2023-09-24,-0.000562907590066
2023-09-25,0.0195843729583134
2023-09-26,-0.0542621266531701
2023-09-27,0.0557042766542154
2023-09-28,0.3098240970135447
2023-09-29,-0.0138561868323944
2023-10-01,-0.0020530274490955
2023-10-02,-0.0023653738004486
2023-10-03,0.1190958603290658
2023-10-04,0.0413266222019213
2023-10-05,-0.0384918009856914
2023-10-06,-0.1209842364162701
2023-10-07,-0.0020316795134378
2023-10-08,-0.0020316795134378
2023-10-09,0.0142896026101337
2023-10-10,0.5690630560582305
2023-10-11,-0.3713364153107007
2023-10-12,-0.1287104897647127
2023-10-13,0.0619879302415205
2023-10-14,-0.0017697948183886
2023-10-15,-0.0017697948183886
2023-10-16,-0.0718870020850364
2023-10-17,-0.0431296115111503
2023-10-18,0.0855307542558859
2023-10-19,-0.0875442352430316
2023-10-20,0.2910925268367159
2023-10-21,-0.0012607020818646
2023-10-22,-0.0012607020818646
2023-10-23,-0.3167371377511439
2023-10-24,0.0276202466544049
2023-10-25,0.0029822110143803
2023-10-26,0.0520400306002714
2023-10-27,-0.0056517268175514
2023-10-28,-0.0020517748178478
2023-10-29,-0.0020517748178478
2023-10-30,-0.0398028607053261
2023-10-31,0.2444443415383824
2023-11-01,-0.0573316747396887
2023-11-02,-0.0072314531330071
2023-11-03,0.0200510787076921
2023-11-04,-0.0004343337440031
2023-11-05,-0.0004343337440031
2023-11-06,0.0480763187402844
2023-11-07,-0.0045384558214238
2023-11-08,-0.0264871150593436
2023-11-09,0.0488709145321628
2023-11-10,0.0448869401226601
2023-11-11,-0.0002093322892977
2023-11-12,-0.0002093322892977
2023-11-13,-0.0326711628718689
2023-11-14,0.0269822827623211
2023-11-15,-0.0002742099656227
2023-11-16,0.0495102772089369
2023-11-17,0.0016043659356145
2023-11-18,-0.0001063543003863
2023-11-19,-0.0001063543003863
2023-11-20,-0.0186497922871015
2023-11-21,-0.0061085524342559
2023-11-22,0.0205149961935839
2023-11-23,0.006635987221053
2023-11-24,-0.0420227133091258
2023-11-25,-0.0003712580128781
2023-11-26,-0.0003712580128781
2023-11-27,-0.0230223536485522
2023-11-28,0.0394689423451249
2023-11-29,-0.0045282917956277
2023-11-30,0.0491480005028672
2023-12-01,-0.0712766562534737
2023-12-02,-0.0004152567068576
2023-12-03,-0.0004152567068576
2023-12-04,0.1166403021523778
2023-12-05,-0.0154952019233992
2023-12-06,0.0728534108548083
2023-12-07,-0.0081253833303529
2023-12-08,0.0307444383053999
2023-12-09,-3.247526621879598e-05
2023-12-10,-3.247526621879598e-05
2023-12-11,-0.0391221675462041
2023-12-12,0.0
2023-12-13,-0.024228871852172
2023-12-14,0.1549598909533789
2023-12-15,0.167114192631496
2023-12-16,6.9944798182497425e-06
2023-12-17,6.9944798182497425e-06
2023-12-18,0.0271073510587675
2023-12-19,-0.0012685733819168
2023-12-20,-0.0226802795372685
2023-12-21,0.025197857248143
2023-12-22,-0.0029205112070778
2023-12-23,-0.0001640659460658
2023-12-24,-0.0001640659460658
2023-12-25,-0.0001640659460658
2023-12-26,0.0021480026728492
2023-12-27,-0.0335977057417354
2023-12-28,0.0229244505373008
2023-12-29,0.0216945165628074
2023-12-30,-0.000125485942223
2023-12-31,-0.000125485942223
2024-01-01,0.0009781465489833
2024-01-02,-0.0042324911782387
2024-01-03,0.335459053578416
2024-01-04,-0.0221309889080559
2024-01-05,-0.0311116161295245
2024-01-06,-0.0001876158581731
2024-01-07,-0.0001876158581731
2024-01-08,0.019154376314649
2024-01-09,0.019047212695427
2024-01-10,0.079311648418906
2024-01-11,0.0461603765909079
2024-01-12,0.0092827520955818
2024-01-13,-0.0003633034596689
2024-01-14,-0.0003633034596689
2024-01-15,0.1740430852262924
2024-01-16,0.0
2024-01-17,-0.0081815273339834
2024-01-18,0.077426649960368
2024-01-19,-0.0053348804013916
2024-01-20,-3.0318314865960213e-05
2024-01-21,-3.0318314865960213e-05
2024-01-22,0.0120913989753702
2024-01-23,0.0071210199432664
2024-01-24,0.0014350524808565
2024-01-25,-0.0023993909265445
2024-01-26,0.0053237043826421
2024-01-27,-1.7696401746635682e-05
2024-01-28,-1.7696401746635682e-05
2024-01-29,-0.0011791793475388
2024-01-30,0.0017973635038464
2024-01-31,0.0097379485365931
2024-02-01,0.217492871352603
2024-02-02,0.0471678930200026
2024-02-03,7.681127491822243e-06
2024-02-04,7.681127491822243e-06
2024-02-05,0.0147223384007475
2024-02-06,0.0213082364184614
2024-02-07,0.0
2024-02-08,0.0
2024-02-09,0.0
2024-02-10,0.0
2024-02-11,0.0
2024-02-12,0.0
2024-02-13,-0.0031541026825735
2024-02-14,0.061945316431338
2024-02-15,0.0
2024-02-16,0.0
2024-02-17,0.0
2024-02-18,0.0
2024-02-19,-0.0050078616322287
2024-02-20,0.048916541363965
2024-02-21,0.0
2024-02-22,-0.0011051057150195
2024-02-23,-0.007248037743315
2024-02-24,-0.0001360501708118
2024-02-25,-0.0001360501708118
2024-02-26,0.0274104141556926
2024-02-27,0.0262016329912865
2024-02-28,-0.0055061638834199
2024-02-29,0.0093584903329503
2024-03-01,-0.0321559888895479
2024-03-03,-5.7773838086420715e-05
2024-03-04,0.0375633515104201
2024-03-05,-0.0233149232652147
2024-03-06,0.0135216981994858
2024-03-07,-0.0013159229458002
2024-03-08,0.0023776406018018
2024-03-09,1.0312026776783557e-05
2024-03-10,1.0312026776783557e-05
2024-03-11,-0.0106237430110068
2024-03-12,0.0131605408967708
2024-03-13,0.0069901660449976
2024-03-14,0.0069824241848633
2024-03-15,-0.0096024729669965
2024-03-16,9.735717109952163e-06
2024-03-17,9.735717109952163e-06
2024-03-18,0.0147175534390325
2024-03-19,-0.0025887710676626
2024-03-20,0.0476360509986938
2024-03-21,0.004124590392635
2024-03-22,-0.0027909406116164
2024-03-23,1.3705833967623944e-05
2024-03-24,1.3705833967623944e-05
2024-03-25,0.0059949894862119
2024-03-26,0.0
2024-03-27,0.0
2024-03-28,0.0
2024-03-29,0.0
2024-03-30,0.0
2024-03-31,0.0
2024-04-01,-0.0028437271354257
2024-04-02,0.0385642231193082
2024-04-03,0.0067648439996862
2024-04-04,0.0
2024-04-05,0.0
2024-04-06,0.0
2024-04-07,0.0
2024-04-08,-0.0135549843029128
2024-04-09,0.0678354230900725
2024-04-10,-0.2136053998817321
2024-04-11,0.0580067871656094
2024-04-12,0.0312356303538166
2024-04-13,-2.668533976068484e-05
2024-04-14,-2.668533976068484e-05
2024-04-15,-0.0074925762713065
2024-04-16,-0.0054260190846734
2024-04-17,0.0064777476253963
2024-04-18,-0.0166187578112138
2024-04-19,0.0300460364222077
2024-04-20,-0.000220737470038
2024-04-21,-0.000220737470038
2024-04-22,0.0371370180220659
2024-04-23,0.0198675066336237
2024-04-24,-0.0105434369275667
2024-04-25,-0.0281695824429028
2024-04-26,-0.0097035813943975
2024-04-27,-0.0004710596053125
2024-04-28,-0.0004710596053125
2024-04-29,0.0672129054327044
2024-04-30,-0.0005116266420732
2024-05-01,0.0208430954459055
2024-05-02,-0.0602802806093858
2024-05-03,0.15970450466788
2024-05-04,-0.0003863875040569
2024-05-05,-0.0003863875040569
2024-05-06,0.0138769688024065
2024-05-07,-0.0026998941794425
2024-05-08,0.0160478796330364
2024-05-09,-0.0049191504256172
2024-05-10,-0.0022250626940978
2024-05-11,-0.0001293758435255
2024-05-12,-0.0001293758435255
2024-05-13,-0.0132186554460321
2024-05-14,-0.0016683416719658
2024-05-15,-0.0113932655907851
2024-05-16,0.0973516843422811
2024-05-17,0.0932570748804849
2024-05-18,-0.0045784576044679
2024-05-19,-0.0007126214350204
2024-05-20,0.0090557563933886
2024-05-21,-0.0427375524222289
2024-05-22,-0.0343947255445717
2024-05-23,0.2372068800998369
2024-05-24,-0.0145848979209723
2024-05-25,-0.000528223834014
2024-05-26,-0.000528223834014
2024-05-27,-0.095614401568259
2024-05-28,0.1641840899095499
2024-05-29,0.0271116754115005
2024-05-30,-0.0302768766588608
2024-05-31,-0.0527960813541525
2024-06-01,-0.0006043155360477
2024-06-02,-0.0006043155360477
2024-06-03,-0.0287415034618446
2024-06-04,0.0488992752909806
2024-06-05,-0.0423185339066177
2024-06-06,0.0303681682108423
2024-06-07,-0.0091073260364182
2024-06-08,-0.0009138070027075
2024-06-09,-0.0009138070027075
2024-06-10,0.1616253538755029
2024-06-11,0.0034525319195137
2024-06-12,0.017704314283807
2024-06-13,-0.0202302326333577
2024-06-14,0.0381791946516293
2024-06-15,-0.0005547460229119
2024-06-16,-0.0005547460229119
2024-06-17,0.0525472602055975
2024-06-18,0.0126029634667018
2024-06-19,-0.0083408765015828
2024-06-20,-0.002578432003443
2024-06-21,-0.0187735393425761
2024-06-22,-0.0002921343967936
2024-06-23,-0.0002921343967936
2024-06-24,0.0381340029446612
2024-06-25,-0.00386693338356
2024-06-26,0.0006392793203029
2024-06-27,-0.0054830143293367
2024-06-28,-0.0114888450947626
2024-06-29,-0.0158391334571843
2024-06-30,-0.0005263484335196
2024-07-01,0.1704478915028766
2024-07-02,-0.0077291915913717
2024-07-03,0.0122805582649153
2024-07-04,0.0455338571291455
2024-07-05,0.0290045564541088
2024-07-06,0.0
2024-07-07,-0.0183359980788849
2024-07-08,0.1002290556315081
2024-07-09,0.0930266501810046
2024-07-10,-0.009265547320912
2024-07-11,-0.0628304440931199
2024-07-12,0.1513920016774606
2024-07-13,-0.0004880951019489
2024-07-14,-0.0004880951019489
2024-07-15,-0.0380854335887599
2024-07-16,-0.0525067173977254
2024-07-17,0.0253032869417378
2024-07-18,0.190299031620046
2024-07-19,0.0163037871492576
2024-07-20,-0.0004523777392344
2024-07-21,-0.0004523777392344
2024-07-22,-0.0699100407368687
2024-07-23,-0.028159808922855
2024-07-24,0.0823113611759959
2024-07-25,-0.1051938863393205
2024-07-26,0.0330493145169512
2024-07-27,-0.0004578608775354
2024-07-28,-0.0004578608775354
2024-07-29,-0.12503811912378
2024-07-30,0.0984068177504364
2024-07-31,-0.0318134613983491
2024-08-01,0.0383255522058361
2024-08-02,0.1001117558940077
2024-08-03,-0.0001705005670987
2024-08-04,-0.0001705005670987
2024-08-05,0.0250670677550271
2024-08-06,-0.0432996722334535
2024-08-07,0.0400859315630467
2024-08-08,-0.0041557928722617
2024-08-09,0.021757128706285
2024-08-10,-6.32054530839603e-05
2024-08-11,-6.32054530839603e-05
2024-08-12,-0.0378538053359115
2024-08-13,-0.0407918204204035
2024-08-14,0.0206660095014636
2024-08-15,8.179058342983735e-05
2024-08-16,-0.020945470076012
2024-08-17,-0.0002966324035343
2024-08-18,-0.0002966324035343
2024-08-19,0.0196518262933207
2024-08-20,-0.0259950680943775
2024-08-21,0.02183622683798
2024-08-22,-0.0125819767734707
2024-08-23,-0.0227757766581495
2024-08-24,-0.0003478157117948
2024-08-25,-0.0003478157117948
2024-08-26,0.0313632520770461
2024-08-27,0.0193920491579957
2024-08-28,0.0085563161256137
2024-08-29,0.0115060057105446
2024-08-30,0.0031475062345254
2024-08-31,-0.0001397586240936
2024-09-01,0.025938699468635282
2024-09-02,-0.006175401279582993
2024-09-03,0.07092684940249858
2024-09-04,-0.00796664164142078
2024-09-05,0.06810554929076221
2024-09-06,-0.022964677147346207
2024-09-07,-0.0001805459750233799
2024-09-08,-0.0001805459750233799
2024-09-09,-0.013688017652781713
2024-09-10,-0.010362228027324647
2024-09-11,0.012944764731666798
2024-09-12,0.03804813322180151
2024-09-13,-0.04001861316004639
2024-09-14,-0.00021411472469164575
2024-09-15,-0.00021411472469164575
2024-09-16,-0.013262469904711393
2024-09-17,0.06578879782273177
2024-09-18,-0.01807153119105018
2024-09-19,0.018323259896938837
2024-09-20,-0.0075392762823643595
2024-09-21,-6.804755347169033e-05
2024-09-22,-6.804755347169033e-05
2024-09-23,0.010683172412791478
2024-09-24,-0.014801936267092173
2024-09-25,-0.020543930215676062
2024-09-26,0.22526369315881178
2024-09-27,-0.20072050123528498
2024-09-28,0.03147451742941802
2024-09-29,0.03147451742941802
2024-09-30,-0.1690052639806262
2024-10-01,-0.21550151491588784
2024-10-02,0.16534934125152348
2024-10-03,-0.9298707876401695
2024-10-04,0.08530545281953622
2024-10-05,-0.035228218595942405
2024-10-06,0.0019978870873144927
2024-10-07,0.4627078496386393
2024-10-08,0.005783159779000204
2024-10-09,0.01379248396477917
2024-10-10,0.04200389509221987
2024-10-11,0.0045869456667945105
2024-10-12,0.006517690578874779
2024-10-13,0.006517690578874779
2024-10-14,-0.007585254806912307
2024-10-15,0.009335435877952917
2024-10-16,0.0083329434820216
2024-10-17,0.024443562589335194
2024-10-18,0.04779352295621732
2024-10-19,0.006650362459648731
2024-10-20,0.004231640538765005
2024-10-21,0.010734513073679963
2024-10-22,-0.002947359984719751
2024-10-23,0.019977732968330865
2024-10-24,-0.012253165189272514
2024-10-25,-0.0030055061444532434
2024-10-26,-0.0001525154021726664
2024-10-27,-0.0001525154021726664
2024-10-28,0.004648402793996302
2024-10-29,-0.0004032495473631148
2024-10-30,-0.008068051412373456
2024-10-31,-0.006460329621604226
2024-11-01,-0.014472653756518556
2024-11-02,-0.00027141091469387525
2024-11-03,-0.00027141091469387525
2024-11-04,0.022106971517690355
2024-11-05,0.1424853054526845
2024-11-06,-0.0066009451114609746
2024-11-07,-0.0021865134501114574
2024-11-08,0.0889659481976487
2024-11-09,-0.0002295543758314693
2024-11-10,-0.0002295543758314693
2024-11-11,-0.004856639717138796
2024-11-12,0.005771049464177733
2024-11-13,-0.016712793781136513
2024-11-14,0.015541696544383907
2024-11-15,0.009162318545088824
2024-11-16,-0.00018246777920881004
2024-11-17,-0.00018246777920881004
2024-11-18,0.009351390881367607
2024-11-19,-0.0073101272634974145
2024-11-20,-0.0009169550473756822
2024-11-21,-0.0032463946954090295
2024-11-22,-0.0046945167752247925
2024-11-23,-0.00019891610225485857
2024-11-24,-0.00019891610225485857
2024-11-25,0.009542903464265392
2024-11-26,-0.0036870210266050914
2024-11-27,0.014213483636180099
2024-11-28,0.00014037834557499354
2024-11-29,0.0328273391253765
2024-11-30,-0.0037396267018720624
2024-12-01,-0.00013878126273900792
2024-12-02,0.013646389359977116
2024-12-03,-0.1856242863366096
2024-12-04,0.0007779894881859775
2024-12-05,0.11146395657042735
2024-12-06,-0.023292049213677474
2024-12-07,-0.00011954071842784549
2024-12-08,-0.03052305907635405
2024-12-09,-0.020697225540177184
2024-12-10,-0.03711618946964533
2024-12-11,-0.32155391560977814
2024-12-12,0.08591643352102303
2024-12-13,0.7381514807226469
2024-12-14,0.0005099685913144362
2024-12-15,0.007000699665908386
2024-12-16,0.06514431176415889
2024-12-17,-0.08146933547704002
2024-12-18,0.11620883065183629
2024-12-19,0.2989622440440308
2024-12-20,-0.03994604276955076
2024-12-21,0.007924189145745074
2024-12-22,0.006908271935001443
2024-12-23,0.03418065791641866
2024-12-24,0.06344911207575582
2024-12-25,0.007762718020211762
2024-12-26,0.03934597110563668
2024-12-27,0.16204665476519176
2024-12-28,0.008179550427968125
2024-12-29,0.008179550427968125
2024-12-30,0.07106752427590793
2024-12-31,0.1768240611798496
2025-01-01,-0.024824892972969605
2025-01-02,0.04101052116759071
2025-01-03,0.02540408004572042
2025-01-04,-8.682933396040056e-05
2025-01-05,-8.682933396040056e-05
2025-01-06,0.0200771639445941
2025-01-07,0.005002732813654218
2025-01-08,-0.014433731150946363
2025-01-09,-0.008787379739477463
2025-01-10,-0.03354458149700149
2025-01-11,-0.000649950342029635
2025-01-12,-0.0006924069894797109
2025-01-13,-0.014555687666641531
2025-01-14,0.038795502065874746
2025-01-15,0.5245404913935362
2025-01-16,0.01800601974082863
2025-01-17,-0.09226026987053638
2025-01-18,-0.007084163202490898
2025-01-19,-0.0077941484600171345
2025-01-20,0.0218507055034778
2025-01-21,0.06580240712831827
2025-01-22,-0.007560086731128326
2025-01-23,-0.024207174075535853
2025-01-24,-0.006967541403994409
2025-01-25,-0.0010570373145318542
2025-01-26,-0.0010027167916017773
2025-01-27,0.009010944728806076
2025-01-28,-0.033446878909087326
2025-01-29,-0.008061411838880535
2025-01-30,-0.07335949175553427
2025-01-31,0.09183506403837649
2025-02-01,0.0038670715884676805
2025-02-02,0.0036222516373412856
2025-02-03,0.17835162820308603
2025-02-04,0.5899238749402087
2025-02-05,0.17704776058382557
2025-02-06,0.21698074112066706
2025-02-07,0.02400232819883813
2025-02-08,0.0054631075403030575
2025-02-09,0.004611272442688122
2025-02-10,0.09258452971419204
2025-02-11,0.17360020105035784
2025-02-12,0.10907355754204989
2025-02-13,0.1676232418888418
2025-02-14,0.27212814063487917
2025-02-15,-0.011399390111596353
2025-02-16,-0.00856171123015701
2025-02-17,-0.14707094719550454
2025-02-18,0.11093047610691992
2025-02-19,0.24400209537130008
2025-02-20,0.08256097992209334
2025-02-21,-0.034022121688966185
2025-02-22,-0.0017335646885814422
2025-02-23,-0.0018682448780813516
2025-02-24,0.02849511177997096
2025-02-25,0.03643960822987478
2025-02-26,0.06503024809650614
2025-02-27,-0.0050618045145172565
2025-02-28,0.0061049496794457715
2025-03-01,-0.000456183304551084
2025-03-02,-0.000456183304551084
2025-03-03,0.06543253571769556
2025-03-04,0.05917066771062532
2025-03-05,-0.1473200837823867
2025-03-06,0.013937948317450929
2025-03-07,0.060739584659184276
2025-03-08,-0.005330784680051577
2025-03-09,-0.0044753751888422675
2025-03-10,0.021523525497533617
2025-03-11,-0.030997724420043664
2025-03-12,0.02852493109260863
2025-03-13,0.07116536165821417
2025-03-14,-0.029612784257570975
2025-03-15,-0.004484911976180669
2025-03-16,-0.003967987279246974
2025-03-17,0.006048127121021022
2025-03-18,0.02260482482983209
2025-03-19,0.07165520378654723
2025-03-20,0.0034242735791411984
2025-03-21,0.007867054946907478
2025-03-22,-0.0006241096533290425
2025-03-23,-0.0006241096533290425
2025-03-24,0.02330185912420956
2025-03-25,-0.0217926309033197
2025-03-26,0.0020487085475839875
2025-03-27,0.008434821730023138
2025-03-28,0.032186687736838145
2025-03-29,-0.0006872981811793028
2025-03-30,-0.0006872981811793028
2025-03-31,-0.0002247145794431324
2025-04-01,-0.0559699778397308
2025-04-02,0.28733326392799174
2025-04-03,0.2126893139269076
2025-04-04,-0.1468519255457241
2025-04-05,0.02726233039954614
2025-04-06,0.02726233039954614
2025-04-07,0.0309611961598558
2025-04-08,0.22222418186543422
2025-04-09,0.04285599648113365
2025-04-10,-0.09801209897546855
2025-04-11,0.6439847731435233
2025-04-12,0.026633417783760945
2025-04-13,0.026633417783760945
2025-04-14,0.0894003693170777
2025-04-15,0.16504432591412013
2025-04-16,0.28269407662929813
2025-04-17,0.1107687751056175
2025-04-18,0.027012187910492556
2025-04-19,0.028124451828576764
2025-04-20,0.028124451828576764
2025-04-21,-0.10481171449766293
2025-04-22,-0.0011378230424573818
2025-04-23,-0.10042838328718535
2025-04-24,0.01968450706607849
2025-04-25,0.08607880798816735
2025-04-26,-0.0009120490730496607
2025-04-27,-0.0009120490730496607
2025-04-28,0.035172696162986065
2025-04-29,0.013838719294074129
2025-04-30,0.131008789650121
2025-05-01,0.00558974739251953
2025-05-02,0.11012617775571232
2025-05-03,1.1137133683512712e-05
2025-05-04,1.1137133683512712e-05
2025-05-05,-0.03152563721309288
2025-05-06,0.012879380762706533
2025-05-07,0.006759969867702236
2025-05-08,0.0016591821657484622
2025-05-09,0.004434759245166568
2025-05-10,-9.749723335659972e-06
2025-05-11,-9.749723335659972e-06
2025-05-12,-0.009075676908431163
2025-05-13,-0.009867488630865623
2025-05-14,-0.004850899314256072
2025-05-15,0.0055144321301916965
2025-05-16,-0.0005713719508161365
2025-05-17,-6.12983229560929e-05
2025-05-18,-6.12983229560929e-05
2025-05-19,0.009508205902065282
2025-05-20,-0.002716694060671204
2025-05-21,-0.0026017265676726337
2025-05-22,-0.0018462302470913343
2025-05-23,0.0008062563193442917
2025-05-24,-5.190299142738027e-05
2025-05-25,-5.190299142738027e-05
2025-05-26,-5.190299142738027e-05
2025-05-27,0.006212561468975357
2025-05-28,-0.004311877728512609
2025-05-29,-0.040400332707370964
2025-05-30,0.0006070444219203744
2025-05-31,0.03851140568562095
2025-06-01,0.037887709281754146
2025-06-02,0.13438832158282793
2025-06-03,0.18849341156893762
2025-06-04,0.08846919357056135
2025-06-05,0.0413691420881371
2025-06-06,0.20496915627618048
2025-06-07,0.03917759366342609
2025-06-08,0.03917759366342609
2025-06-09,-0.09593940398429972
2025-06-10,0.1367201471091357
2025-06-11,-0.011552619609713228
2025-06-12,-0.2956485636708489
2025-06-13,-0.07725405296861756
2025-06-14,0.037688198294251324
2025-06-15,0.037688198294251324
2025-06-16,0.19563209006094712
2025-06-17,0.0896644095756126
2025-06-18,-0.06926552509661713
2025-06-19,-0.043322823506596664
2025-06-20,0.08811554952854181
2025-06-21,0.03823533113032612
2025-06-22,0.03823533113032612
2025-06-23,0.004726310297365394
2025-06-24,0.27258287424709937
2025-06-25,0.11970409877999486
2025-06-26,0.01371085825249429
2025-06-27,0.2778604035812191
2025-06-28,0.03960777643045514
2025-06-29,0.03960777643045514
2025-06-30,-0.04470144361232367
2025-07-01,-0.07879986874206148
2025-07-02,0.038204957230620055
2025-07-03,0.07251090873118088
2025-07-04,0.2701397462156808
2025-07-05,0.018639660727402377
2025-07-06,0.018639660727402377
2025-07-07,-0.007399724701985178
2025-07-08,0.04410361066211699
2025-07-09,-0.07892506512863381
2025-07-10,0.009997507837804093
2025-07-11,-0.08858991105679556
2025-07-12,-0.0011814013091854926
2025-07-13,-0.0011814013091854926
2025-07-14,0.048946080273712785
2025-07-15,-0.007024260244657076
2025-07-16,0.17104640559065074
2025-07-17,0.008687543829972777
2025-07-18,-0.028541326165850762
2025-07-19,-0.0006342086260350206
2025-07-20,-0.0006342086260350206
2025-07-21,-0.0334115588526804
2025-07-22,0.1251370083503708
2025-07-23,0.15572908922957648
2025-07-24,0.20097300833487958
2025-07-25,0.07054689824042436
2025-07-26,0.018545148101716962
2025-07-27,0.018545148101716962
2025-07-28,0.046495358770921404
2025-07-29,0.1585116976345234
2025-07-30,0.11102403271428722
2025-07-31,-0.01089172471650793
2025-08-01,-0.031095352617638617
2025-08-02,-0.0017028534141624305
2025-08-03,-0.0017028534141624305
2025-08-04,0.2696587795072419
2025-08-05,-0.05024108001494663
2025-08-06,0.08618587074408732
2025-08-07,-0.06591794298514216
2025-08-08,-0.027871088309618746
2025-08-09,-0.0042622696586054444
2025-08-10,-0.0018313370582823676
2025-08-11,0.3082374026639056
2025-08-12,0.03442203409548811
2025-08-13,-0.19350024768058674
2025-08-14,0.07182883792467877
2025-08-15,-0.16332545992142314
2025-08-16,-0.0016974282716977942
2025-08-17,-0.0016974282716977942
2025-08-18,-0.014122950932450277
2025-08-19,-0.009417056522446345
2025-08-20,-0.05196399297241973
2025-08-21,0.15267688250171663
2025-08-22,-0.3040259510957798
2025-08-23,0.01245943752756326
2025-08-24,0.01245943752756326
2025-08-25,0.1704503772349995
2025-08-26,0.1619903161696971
2025-08-27,0.6543982632957083
2025-08-28,0.010250374774565836
2025-08-29,0.01686611027320349
2025-08-30,0.015104777409213874
2025-08-31,-0.004431552085141753
2025-09-01,0.08643023565688288
2025-09-02,-0.05288803346932535
2025-09-03,-0.09573147906739202
2025-09-04,0.14135510801302717
2025-09-05,-0.1295676590330323
2025-09-07,0.028041470049287996
2025-09-08,-0.17861921777222775
2025-09-09,-0.01019646015757318
2025-09-10,0.03298454909159309
2025-09-11,0.005990799227407667
2025-09-12,-0.02395887194492861
2025-09-13,0.027745676237453307
2025-09-14,0.027745676237453307
2025-09-15,0.07801411686746172
2025-09-16,0.048833004268236856
2025-09-17,0.11519503877567337
2025-09-18,0.06637993552540701
2025-09-19,0.017786852861682145
2025-09-20,0.028261355730873485
2025-09-21,0.028261355730873485
2025-09-22,0.01999781876774763
2025-09-23,0.34072676902471377
2025-09-24,0.6657503118940572
2025-09-25,0.18201688117011633
2025-09-26,0.00018888668236866882
2025-09-27,-0.0003478849445993367
2025-09-28,-0.0003478849445993367
2025-09-29,0.0042518141436669364
2025-09-30,-0.0021701297342825217
2025-10-01,-0.05039054297087706
2025-10-02,-0.19932677965528886
2025-10-03,0.04279101528333856
2025-10-04,-0.0029023681879103173
2025-10-05,-0.001873083811484264
2025-10-06,0.14863321058915582
2025-10-07,-0.07514812669480926
2025-10-08,-0.43203890788982374
2025-10-09,-0.0038478743765407416
2025-10-10,0.02863051698766703
2025-10-11,0.0
2025-10-12,0.0
2025-10-13,-0.0038478743765407416
2025-10-14,0.14130184494725595
2025-10-15,-0.05460428139530054
2025-10-16,-0.0038478743765407416
2025-10-17,-0.0006989961766209879
2025-10-18,-0.0009571536921359401
2025-10-19,-0.0009571536921359401
2025-10-20,0.20177795522726968
2025-10-21,-0.00038566013675573344
2025-10-22,-0.005288086726406891
2025-10-23,-0.0116368684009199
2025-10-24,0.16328650865162558
2025-10-25,-0.0001719029863876843
2025-10-26,-0.0001719029863876843
2025-10-27,-0.016963456405373646
2025-10-28,0.030579567303267073
2025-10-29,-0.06596340064484034
2025-10-30,-0.027738472139093192
2025-10-31,0.10149797260442621
2025-11-01,0.0
2025-11-02,0.0
2025-11-03,0.0
2025-11-04,0.0
2025-11-05,0.0
2025-11-06,0.0
2025-11-07,0.0
2025-11-08,0.0
2025-11-09,0.0
2025-11-10,0.0
2025-11-11,0.0
2025-11-12,0.0
2025-11-13,0.0
2025-11-14,0.0
2025-11-15,0.0
2025-11-16,0.0
2025-11-17,0.0
2025-11-18,0.0
2025-11-19,0.0
2025-11-20,0.0
2025-11-21,0.0
2025-11-22,0.0
2025-11-23,0.0
2025-11-24,0.0
2025-11-25,0.0
2025-11-26,0.0
2025-11-27,0.0
2025-11-28,0.0
2025-11-29,0.0
2025-11-30,0.0
2025-12-01,-0.07081583833754558
2025-12-02,0.11657384332682397
2025-12-03,-0.00265293126649568
2025-12-04,-0.12551268991924688
2025-12-05,0.20839812646644176
2025-12-06,0.03644686809506101
2025-12-07,0.036422046485294596
2025-12-08,0.15928743569856313
2025-12-09,0.10836028205979123
2025-12-10,-0.056295522485402184
2025-12-11,-0.023330383669735198
2025-12-12,0.1165211934385124
2025-12-13,0.037036546444509086
2025-12-14,0.037036546444509086
2025-12-15,0.05991846518558559
2025-12-16,-0.035880286724242594
2025-12-17,-0.09589095071947017
2025-12-18,-0.016779514841897172
2025-12-19,0.009038540438139826
2025-12-20,0.03627958671183396
2025-12-21,-0.037381558213320475
2025-12-22,-0.073339083316815
2025-12-23,0.009059005145835295
2025-12-24,0.004318632441613407
2025-12-25,0.055600817298595936
2025-12-26,0.26701533938514804
2025-12-27,0.05650024404680223
2025-12-28,0.05650024404680223
2025-12-29,0.45043085961548174
2025-12-30,0.1864796814303863
2025-12-31,0.4057606914583653
2026-01-01,0.0012922776013480942
2026-01-02,-0.035343168788642326
2026-01-03,0.014593831396637114
2026-01-04,0.014593831396637114
2026-01-05,0.0999429725278413
2026-01-06,0.05095703621131552
2026-01-07,0.02283460250115325
2026-01-08,0.08383718927520893
2026-01-09,0.0648806647300495
2026-01-10,0.01543384856025688
2026-01-11,-0.0039673648366980495
2026-01-12,0.0
2026-01-13,0.0
2026-01-14,0.0
2026-01-15,0.0
2026-01-16,0.0
2026-01-17,0.0
2026-01-18,0.0
2026-01-19,0.0
2026-01-20,0.0
2026-01-21,0.0
2026-01-22,0.0
2026-01-23,-0.011990953183661638
2026-01-24,-0.0007067512754560979
2026-01-25,-0.0007067512754560979
2026-01-26,0.08291238778719878
2026-01-27,0.10620952284317564
2026-01-28,0.009284570851433482
2026-01-29,-0.027965640713597792
2026-01-30,-0.1531951615979146
2026-01-31,0.013602888149422853
2026-02-01,0.012976850803414547
2026-02-02,0.4702294764248414
2026-02-03,0.09290073840558027
2026-02-04,0.054986102850871084
2026-02-05,-0.11053998149704848
2026-02-06,0.18086754075922157
2026-02-07,0.01427862907065623
2026-02-08,0.01427862907065623
2026-02-09,0.23629791649711154
2026-02-10,0.010025090187669613
2026-02-11,0.04120757890663717
2026-02-12,0.03481081200870906
2026-02-13,-0.10370224304257403
2026-02-14,0.01460864252968301
2026-02-15,0.01460864252968301
2026-02-16,0.01460864252968301
2026-02-17,0.002754300249740132
2026-02-18,0.0
2026-02-19,0.0
2026-02-20,0.0
2026-02-21,0.0
2026-02-22,0.0
