metal,mode,entry_usd_long,entry_usd_short,exit_usd,is_n_trades,is_n_long,is_n_short,is_win_rate,is_win_rate_long,is_win_rate_short,is_ann_ret_bp,is_ann_vol_bp,is_sharpe,is_max_dd_bp,is_avg_pnl_bp,is_avg_carry_bp,is_avg_basis_bp,oos_n_trades,oos_n_long,oos_n_short,oos_win_rate,oos_win_rate_long,oos_win_rate_short,oos_ann_ret_bp,oos_ann_vol_bp,oos_sharpe,oos_max_dd_bp,oos_avg_pnl_bp,oos_avg_carry_bp,oos_avg_basis_bp
xau,BOTH,2.0,28.6876791415293,0.0,5,3,2,1.0,1.0,1.0,478.49240141593845,270.82792059688126,1.766776484349851,-126.44149251227684,47.1291353036664,11.375408730158732,35.993726573507665,4,4,0,0.0,0.0,,-94.58364301434442,26.01418829784162,-3.6358483275141036,-49.1259698374443,-11.822440446447189,-15.009399342070711,3.4269588956235233
xau,LONG,2.0,28.6876791415293,0.0,3,3,0,1.0,1.0,,196.4682132331303,114.65883169919077,1.71350266108212,-2.416169946441425,31.60896131237713,-3.474791921041921,35.32375323341905,4,4,0,0.0,0.0,,-94.58364301434442,26.01418829784162,-3.6358483275141036,-49.1259698374443,-11.822440446447189,-15.009399342070711,3.4269588956235233
xau,SHORT,2.0,28.6876791415293,0.0,2,0,2,1.0,,1.0,282.02394228116873,246.26104646368094,1.1452235192331248,-126.44149251227684,70.41791602147293,34.1799938949939,36.47792212647902,0,0,0,,,,0.0,0.0,,0.0,,,
xau,BOTH,2.0,28.6876791415293,0.5,5,3,2,1.0,1.0,1.0,480.20905126717645,270.79797268540636,1.7733111016493792,-126.44149251227684,47.30869863077467,11.787043040293042,35.761655590481624,4,4,0,0.0,0.0,,-96.23503508078234,25.972641015245078,-3.7052464177322424,-49.900843151971884,-11.987095727349889,-14.471132914352673,2.724037187002783
xau,LONG,2.0,28.6876791415293,0.5,3,3,0,1.0,1.0,,198.18486308436823,114.60497909220369,1.7292866737048276,-2.416169946441425,31.908233524224254,-2.788734737484738,34.93696826170899,4,4,0,0.0,0.0,,-96.23503508078234,25.972641015245078,-3.7052464177322424,-49.900843151971884,-11.987095727349889,-14.471132914352673,2.724037187002783
xau,SHORT,2.0,28.6876791415293,0.5,2,0,2,1.0,,1.0,282.02394228116873,246.26104646368094,1.1452235192331248,-126.44149251227684,70.41791602147293,34.1799938949939,36.47792212647902,0,0,0,,,,0.0,0.0,,0.0,,,
xau,BOTH,2.0,28.6876791415293,1.0,5,3,2,1.0,1.0,1.0,480.20905126717645,270.79797268540636,1.7733111016493792,-126.44149251227684,47.30869863077467,11.787043040293042,35.761655590481624,6,6,0,0.16666666666666666,0.16666666666666666,,-87.2576308264062,25.223048251874662,-3.459440348171277,-45.54151336518315,-6.929968995770789,-9.447455719285692,2.757486723514903
xau,LONG,2.0,28.6876791415293,1.0,3,3,0,1.0,1.0,,198.18486308436823,114.60497909220369,1.7292866737048276,-2.416169946441425,31.908233524224254,-2.788734737484738,34.93696826170899,6,6,0,0.16666666666666666,0.16666666666666666,,-87.2576308264062,25.223048251874662,-3.459440348171277,-45.54151336518315,-6.929968995770789,-9.447455719285692,2.757486723514903
xau,SHORT,2.0,28.6876791415293,1.0,2,0,2,1.0,,1.0,282.02394228116873,246.26104646368094,1.1452235192331248,-126.44149251227684,70.41791602147293,34.1799938949939,36.47792212647902,0,0,0,,,,0.0,0.0,,0.0,,,
xau,BOTH,4.0,28.6876791415293,0.0,3,1,2,1.0,1.0,1.0,309.7453474910243,246.5877855861198,1.2561260759724329,-126.44149251227684,51.3485438314545,21.379051689051693,30.20949214240281,3,3,0,0.3333333333333333,0.3333333333333333,,-44.281671976345336,19.552651155236827,-2.264740040865777,-23.447868821238018,-7.010851976570005,-12.01079846477696,5.239946488206955
xau,LONG,4.0,28.6876791415293,0.0,1,1,0,1.0,1.0,,27.72140520985553,14.953066716876044,1.8538943037396554,-0.14572649572649699,13.209799451417657,-4.222832722832723,17.67263217425038,3,3,0,0.3333333333333333,0.3333333333333333,,-44.281671976345336,19.552651155236827,-2.264740040865777,-23.447868821238018,-7.010851976570005,-12.01079846477696,5.239946488206955
xau,SHORT,4.0,28.6876791415293,0.0,2,0,2,1.0,,1.0,282.02394228116873,246.26104646368094,1.1452235192331248,-126.44149251227684,70.41791602147293,34.1799938949939,36.47792212647902,0,0,0,,,,0.0,0.0,,0.0,,,
xau,BOTH,4.0,28.6876791415293,0.5,3,1,2,1.0,1.0,1.0,309.7453474910243,246.5877855861198,1.2561260759724329,-126.44149251227684,51.3485438314545,21.379051689051693,30.20949214240281,3,3,0,0.3333333333333333,0.3333333333333333,,-44.29215584731308,19.55256535755296,-2.265286167689677,-23.447868821238018,-7.012502215518631,-11.649187054980066,4.8766848394614355
xau,LONG,4.0,28.6876791415293,0.5,1,1,0,1.0,1.0,,27.72140520985553,14.953066716876044,1.8538943037396554,-0.14572649572649699,13.209799451417657,-4.222832722832723,17.67263217425038,3,3,0,0.3333333333333333,0.3333333333333333,,-44.29215584731308,19.55256535755296,-2.265286167689677,-23.447868821238018,-7.012502215518631,-11.649187054980066,4.8766848394614355
xau,SHORT,4.0,28.6876791415293,0.5,2,0,2,1.0,,1.0,282.02394228116873,246.26104646368094,1.1452235192331248,-126.44149251227684,70.41791602147293,34.1799938949939,36.47792212647902,0,0,0,,,,0.0,0.0,,0.0,,,
xau,BOTH,4.0,28.6876791415293,1.0,3,1,2,1.0,1.0,1.0,309.7453474910243,246.5877855861198,1.2561260759724329,-126.44149251227684,51.3485438314545,21.379051689051693,30.20949214240281,3,3,0,0.3333333333333333,0.3333333333333333,,-44.29215584731308,19.55256535755296,-2.265286167689677,-23.447868821238018,-7.012502215518631,-11.649187054980066,4.8766848394614355
xau,LONG,4.0,28.6876791415293,1.0,1,1,0,1.0,1.0,,27.72140520985553,14.953066716876044,1.8538943037396554,-0.14572649572649699,13.209799451417657,-4.222832722832723,17.67263217425038,3,3,0,0.3333333333333333,0.3333333333333333,,-44.29215584731308,19.55256535755296,-2.265286167689677,-23.447868821238018,-7.012502215518631,-11.649187054980066,4.8766848394614355
xau,SHORT,4.0,28.6876791415293,1.0,2,0,2,1.0,,1.0,282.02394228116873,246.26104646368094,1.1452235192331248,-126.44149251227684,70.41791602147293,34.1799938949939,36.47792212647902,0,0,0,,,,0.0,0.0,,0.0,,,
xau,BOTH,6.0,28.6876791415293,0.0,3,1,2,1.0,1.0,1.0,309.7453474910243,246.5877855861198,1.2561260759724329,-126.44149251227684,51.3485438314545,21.379051689051693,30.20949214240281,1,1,0,0.0,0.0,,-19.479214340113188,16.61655650562115,-1.1722774410885697,-11.879531082337984,-9.299573237970211,-22.7815188172043,13.72194557923409
xau,LONG,6.0,28.6876791415293,0.0,1,1,0,1.0,1.0,,27.72140520985553,14.953066716876044,1.8538943037396554,-0.14572649572649699,13.209799451417657,-4.222832722832723,17.67263217425038,1,1,0,0.0,0.0,,-19.479214340113188,16.61655650562115,-1.1722774410885697,-11.879531082337984,-9.299573237970211,-22.7815188172043,13.72194557923409
xau,SHORT,6.0,28.6876791415293,0.0,2,0,2,1.0,,1.0,282.02394228116873,246.26104646368094,1.1452235192331248,-126.44149251227684,70.41791602147293,34.1799938949939,36.47792212647902,0,0,0,,,,0.0,0.0,,0.0,,,
xau,BOTH,6.0,28.6876791415293,0.5,3,1,2,1.0,1.0,1.0,309.7453474910243,246.5877855861198,1.2561260759724329,-126.44149251227684,51.3485438314545,21.379051689051693,30.20949214240281,1,1,0,0.0,0.0,,-19.489698211080928,16.616518171777216,-1.1729110761714054,-11.879531082337984,-9.304523954816089,-21.69668458781362,12.632160632997532
xau,LONG,6.0,28.6876791415293,0.5,1,1,0,1.0,1.0,,27.72140520985553,14.953066716876044,1.8538943037396554,-0.14572649572649699,13.209799451417657,-4.222832722832723,17.67263217425038,1,1,0,0.0,0.0,,-19.489698211080928,16.616518171777216,-1.1729110761714054,-11.879531082337984,-9.304523954816089,-21.69668458781362,12.632160632997532
xau,SHORT,6.0,28.6876791415293,0.5,2,0,2,1.0,,1.0,282.02394228116873,246.26104646368094,1.1452235192331248,-126.44149251227684,70.41791602147293,34.1799938949939,36.47792212647902,0,0,0,,,,0.0,0.0,,0.0,,,
xau,BOTH,6.0,28.6876791415293,1.0,3,1,2,1.0,1.0,1.0,309.7453474910243,246.5877855861198,1.2561260759724329,-126.44149251227684,51.3485438314545,21.379051689051693,30.20949214240281,1,1,0,0.0,0.0,,-19.489698211080928,16.616518171777216,-1.1729110761714054,-11.879531082337984,-9.304523954816089,-21.69668458781362,12.632160632997532
xau,LONG,6.0,28.6876791415293,1.0,1,1,0,1.0,1.0,,27.72140520985553,14.953066716876044,1.8538943037396554,-0.14572649572649699,13.209799451417657,-4.222832722832723,17.67263217425038,1,1,0,0.0,0.0,,-19.489698211080928,16.616518171777216,-1.1729110761714054,-11.879531082337984,-9.304523954816089,-21.69668458781362,12.632160632997532
xau,SHORT,6.0,28.6876791415293,1.0,2,0,2,1.0,,1.0,282.02394228116873,246.26104646368094,1.1452235192331248,-126.44149251227684,70.41791602147293,34.1799938949939,36.47792212647902,0,0,0,,,,0.0,0.0,,0.0,,,
xau,BOTH,8.0,28.6876791415293,0.0,2,0,2,1.0,,1.0,282.02394228116873,246.26104646368094,1.1452235192331248,-126.44149251227684,70.41791602147293,34.1799938949939,36.47792212647902,0,0,0,,,,0.0,0.0,,0.0,,,
xau,SHORT,8.0,28.6876791415293,0.0,2,0,2,1.0,,1.0,282.02394228116873,246.26104646368094,1.1452235192331248,-126.44149251227684,70.41791602147293,34.1799938949939,36.47792212647902,0,0,0,,,,0.0,0.0,,0.0,,,
xau,BOTH,8.0,28.6876791415293,0.5,2,0,2,1.0,,1.0,282.02394228116873,246.26104646368094,1.1452235192331248,-126.44149251227684,70.41791602147293,34.1799938949939,36.47792212647902,0,0,0,,,,0.0,0.0,,0.0,,,
xau,SHORT,8.0,28.6876791415293,0.5,2,0,2,1.0,,1.0,282.02394228116873,246.26104646368094,1.1452235192331248,-126.44149251227684,70.41791602147293,34.1799938949939,36.47792212647902,0,0,0,,,,0.0,0.0,,0.0,,,
xau,BOTH,8.0,28.6876791415293,1.0,2,0,2,1.0,,1.0,282.02394228116873,246.26104646368094,1.1452235192331248,-126.44149251227684,70.41791602147293,34.1799938949939,36.47792212647902,0,0,0,,,,0.0,0.0,,0.0,,,
xau,SHORT,8.0,28.6876791415293,1.0,2,0,2,1.0,,1.0,282.02394228116873,246.26104646368094,1.1452235192331248,-126.44149251227684,70.41791602147293,34.1799938949939,36.47792212647902,0,0,0,,,,0.0,0.0,,0.0,,,
xag,BOTH,0.021333333333333333,0.3581630515441684,0.0,10,7,3,1.0,1.0,1.0,1451.8393766701001,748.0265653841816,1.940892802282289,-402.4383917788807,79.02317879277088,2.6101752959600786,76.6530034968108,7,5,2,0.7142857142857143,0.6,1.0,714.082442778774,270.8410275981756,2.636537193464644,-62.642015333639044,35.49055078277635,-2.139086080586081,37.86963686336243
xag,LONG,0.021333333333333333,0.3581630515441684,0.0,8,8,0,1.0,1.0,,580.5233653468085,674.5903775934789,0.8605568425356981,-402.4383917788807,46.53201076299045,0.44715819597069595,46.32485256701976,6,6,0,0.6666666666666666,0.6666666666666666,,465.4571042085173,205.3355154151378,2.2668124570047117,-58.337043627196095,23.03379567459145,1.0238516483516482,22.249944026239802
xag,SHORT,0.021333333333333333,0.3581630515441684,0.0,3,0,3,1.0,,1.0,965.6237749424297,331.72407584575416,2.9109246064835754,-46.536498792270514,154.88496261863662,7.6058832616658725,147.51907935697076,3,0,3,1.0,,1.0,537.6267287757181,222.00938462188492,2.421639651365984,-46.98987120048847,82.21005716052422,-6.986492165242165,89.43654932576639
xag,BOTH,0.021333333333333333,0.3581630515441684,0.005333333333333333,10,7,3,1.0,1.0,1.0,1451.7851055477797,748.0243700651379,1.9408259458463344,-402.4383917788807,79.02055138129347,2.7395898258746088,76.52096155541886,9,7,2,0.8888888888888888,0.8571428571428571,1.0,797.4994909548884,266.44270897273407,2.9931368511813887,-62.642015333639044,31.790773582374484,-1.6497263397096733,33.68049992208416
xag,LONG,0.021333333333333333,0.3581630515441684,0.005333333333333333,8,8,0,1.0,1.0,,580.4690942244883,674.5876628244611,0.8604798548999495,-402.4383917788807,46.52872649864369,0.6089263583638583,46.15980014027983,8,8,0,0.875,0.875,,548.8741523846315,199.91379060755085,2.7455542247314093,-44.19803704071995,21.985735101185572,0.7836469246031748,21.442088176582395
xag,SHORT,0.021333333333333333,0.3581630515441684,0.005333333333333333,3,0,3,1.0,,1.0,965.6237749424297,331.72407584575416,2.9109246064835754,-46.536498792270514,154.88496261863662,7.6058832616658725,147.51907935697076,3,0,3,1.0,,1.0,537.6267287757181,222.00938462188492,2.421639651365984,-46.98987120048847,82.21005716052422,-6.986492165242165,89.43654932576639
xag,BOTH,0.021333333333333333,0.3581630515441684,0.010666666666666666,10,7,3,1.0,1.0,1.0,1451.7851055477797,748.0243700651379,1.9408259458463344,-402.4383917788807,79.02055138129347,2.7395898258746088,76.52096155541886,9,7,2,0.8888888888888888,0.8571428571428571,1.0,797.2983458137551,266.42109651936494,2.992624669104622,-62.642015333639044,31.78021967064835,-1.52443663003663,33.54465630068498
xag,LONG,0.021333333333333333,0.3581630515441684,0.010666666666666666,8,8,0,1.0,1.0,,580.4690942244883,674.5876628244611,0.8604798548999495,-402.4383917788807,46.52872649864369,0.6089263583638583,46.15980014027983,8,8,0,0.875,0.875,,548.6730072434984,199.88398363635872,2.7449573360598927,-44.19803704071995,21.97386195049367,0.924597847985348,21.289264102508323
xag,SHORT,0.021333333333333333,0.3581630515441684,0.010666666666666666,3,0,3,1.0,,1.0,965.6237749424297,331.72407584575416,2.9109246064835754,-46.536498792270514,154.88496261863662,7.6058832616658725,147.51907935697076,3,0,3,1.0,,1.0,537.6267287757181,222.00938462188492,2.421639651365984,-46.98987120048847,82.21005716052422,-6.986492165242165,89.43654932576639
xag,BOTH,0.042666666666666665,0.3581630515441684,0.0,8,5,3,1.0,1.0,1.0,1409.9510249177058,747.8917890041065,1.8852339946066237,-402.4383917788807,96.25396973672818,4.049952025933004,92.44401771079517,7,5,2,0.7142857142857143,0.6,1.0,714.082442778774,270.8410275981756,2.636537193464644,-62.642015333639044,35.49055078277635,-2.139086080586081,37.86963686336243
xag,LONG,0.042666666666666665,0.3581630515441684,0.0,6,6,0,1.0,1.0,,538.6350135944141,674.2243710682809,0.798895793014674,-402.43839177888066,58.6760093450067,1.6458548026048023,57.27015454240189,6,6,0,0.6666666666666666,0.6666666666666666,,465.4571042085173,205.3355154151378,2.2668124570047117,-58.337043627196095,23.03379567459145,1.0238516483516482,22.249944026239802
xag,SHORT,0.042666666666666665,0.3581630515441684,0.0,3,0,3,1.0,,1.0,965.6237749424297,331.72407584575416,2.9109246064835754,-46.536498792270514,154.88496261863662,7.6058832616658725,147.51907935697076,3,0,3,1.0,,1.0,537.6267287757181,222.00938462188492,2.421639651365984,-46.98987120048847,82.21005716052422,-6.986492165242165,89.43654932576639
xag,BOTH,0.042666666666666665,0.3581630515441684,0.005333333333333333,8,5,3,1.0,1.0,1.0,1409.9510249177058,747.8917890041065,1.8852339946066237,-402.4383917788807,96.25396973672818,4.049952025933004,92.44401771079517,9,7,2,0.8888888888888888,0.8571428571428571,1.0,797.4994909548884,266.44270897273407,2.9931368511813887,-62.642015333639044,31.790773582374484,-1.6497263397096733,33.68049992208416
xag,LONG,0.042666666666666665,0.3581630515441684,0.005333333333333333,6,6,0,1.0,1.0,,538.6350135944141,674.2243710682809,0.798895793014674,-402.43839177888066,58.6760093450067,1.6458548026048023,57.27015454240189,8,8,0,0.875,0.875,,548.8741523846315,199.91379060755085,2.7455542247314093,-44.19803704071995,21.985735101185572,0.7836469246031748,21.442088176582395
xag,SHORT,0.042666666666666665,0.3581630515441684,0.005333333333333333,3,0,3,1.0,,1.0,965.6237749424297,331.72407584575416,2.9109246064835754,-46.536498792270514,154.88496261863662,7.6058832616658725,147.51907935697076,3,0,3,1.0,,1.0,537.6267287757181,222.00938462188492,2.421639651365984,-46.98987120048847,82.21005716052422,-6.986492165242165,89.43654932576639
xag,BOTH,0.042666666666666665,0.3581630515441684,0.010666666666666666,8,5,3,1.0,1.0,1.0,1409.9510249177058,747.8917890041065,1.8852339946066237,-402.4383917788807,96.25396973672818,4.049952025933004,92.44401771079517,9,7,2,0.8888888888888888,0.8571428571428571,1.0,797.2983458137551,266.42109651936494,2.992624669104622,-62.642015333639044,31.78021967064835,-1.52443663003663,33.54465630068498
xag,LONG,0.042666666666666665,0.3581630515441684,0.010666666666666666,6,6,0,1.0,1.0,,538.6350135944141,674.2243710682809,0.798895793014674,-402.43839177888066,58.6760093450067,1.6458548026048023,57.27015454240189,8,8,0,0.875,0.875,,548.6730072434984,199.88398363635872,2.7449573360598927,-44.19803704071995,21.97386195049367,0.924597847985348,21.289264102508323
xag,SHORT,0.042666666666666665,0.3581630515441684,0.010666666666666666,3,0,3,1.0,,1.0,965.6237749424297,331.72407584575416,2.9109246064835754,-46.536498792270514,154.88496261863662,7.6058832616658725,147.51907935697076,3,0,3,1.0,,1.0,537.6267287757181,222.00938462188492,2.421639651365984,-46.98987120048847,82.21005716052422,-6.986492165242165,89.43654932576639
xag,BOTH,0.064,0.3581630515441684,0.0,7,4,3,1.0,1.0,1.0,1362.120470528802,747.4919873517314,1.8222542764031768,-402.4383917788807,106.69652797834338,4.723075427160831,102.21345255118256,7,5,2,0.7142857142857143,0.6,1.0,714.1130439423164,270.8423662808073,2.6366371470921552,-62.627564784188486,35.495550578898595,-2.3237407116692834,38.059291290567884
xag,LONG,0.064,0.3581630515441684,0.0,5,5,0,1.0,1.0,,490.80445920551006,673.5333354344898,0.728701065536566,-402.4383917788807,65.77999880492368,2.10740811965812,63.91259068526557,6,6,0,0.6666666666666666,0.6666666666666666,,465.41147718847844,205.33861130642464,2.2665560764602124,-58.337043627196095,23.025010939525682,0.5923625356125356,22.672648403913144
xag,SHORT,0.064,0.3581630515441684,0.0,3,0,3,1.0,,1.0,965.6237749424297,331.72407584575416,2.9109246064835754,-46.536498792270514,154.88496261863662,7.6058832616658725,147.51907935697076,3,0,3,1.0,,1.0,537.6267287757181,222.00938462188492,2.421639651365984,-46.98987120048847,82.21005716052422,-6.986492165242165,89.43654932576639
xag,BOTH,0.064,0.3581630515441684,0.005333333333333333,7,4,3,1.0,1.0,1.0,1362.120470528802,747.4919873517314,1.8222542764031768,-402.4383917788807,106.69652797834338,4.723075427160831,102.21345255118256,9,7,2,0.8888888888888888,0.8571428571428571,1.0,797.5300921184307,266.4440314137209,2.9932368456025427,-62.627564784188486,31.794662312691784,-1.7933466083299419,33.82800892102173
xag,LONG,0.064,0.3581630515441684,0.005333333333333333,5,5,0,1.0,1.0,,490.80445920551006,673.5333354344898,0.728701065536566,-402.4383917788807,65.77999880492368,2.10740811965812,63.91259068526557,8,8,0,0.875,0.875,,548.8285253645928,199.9170466479446,2.7452812782447906,-44.183586491269395,21.979146549886245,0.4600300900488401,21.759116459837404
xag,SHORT,0.064,0.3581630515441684,0.005333333333333333,3,0,3,1.0,,1.0,965.6237749424297,331.72407584575416,2.9109246064835754,-46.536498792270514,154.88496261863662,7.6058832616658725,147.51907935697076,3,0,3,1.0,,1.0,537.6267287757181,222.00938462188492,2.421639651365984,-46.98987120048847,82.21005716052422,-6.986492165242165,89.43654932576639
xag,BOTH,0.064,0.3581630515441684,0.010666666666666666,7,4,3,1.0,1.0,1.0,1362.120470528802,747.4919873517314,1.8222542764031768,-402.4383917788807,106.69652797834338,4.723075427160831,102.21345255118256,9,7,2,0.8888888888888888,0.8571428571428571,1.0,797.3289469772974,266.42241916008686,2.992724671936116,-62.627564784188486,31.78410840096565,-1.6680568986568987,33.69216529962255
xag,LONG,0.064,0.3581630515441684,0.010666666666666666,5,5,0,1.0,1.0,,490.80445920551006,673.5333354344898,0.728701065536566,-402.4383917788807,65.77999880492368,2.10740811965812,63.91259068526557,8,8,0,0.875,0.875,,548.6273802234595,199.8872399785467,2.7446843544507495,-44.183586491269395,21.967273399194347,0.6009810134310134,21.606292385763332
xag,SHORT,0.064,0.3581630515441684,0.010666666666666666,3,0,3,1.0,,1.0,965.6237749424297,331.72407584575416,2.9109246064835754,-46.536498792270514,154.88496261863662,7.6058832616658725,147.51907935697076,3,0,3,1.0,,1.0,537.6267287757181,222.00938462188492,2.421639651365984,-46.98987120048847,82.21005716052422,-6.986492165242165,89.43654932576639
xag,BOTH,0.08533333333333333,0.3581630515441684,0.0,7,4,3,1.0,1.0,1.0,1362.120470528802,747.4919873517314,1.8222542764031768,-402.4383917788807,106.69652797834338,4.723075427160831,102.21345255118256,6,3,3,0.6666666666666666,0.3333333333333333,1.0,679.4890549984085,257.30648963312746,2.640776981440449,-58.337043627196124,38.65039911497059,-4.4292199328449335,43.319619047815515
xag,LONG,0.08533333333333333,0.3581630515441684,0.0,4,4,0,1.0,1.0,,442.8025937704653,672.8224509104588,0.6581269593059326,-402.4383917788807,76.41524891977022,2.5686008089133088,74.0866481108569,3,3,0,0.3333333333333333,0.3333333333333333,,141.86232622269029,132.39675917354984,1.071493948252409,-61.65845037193665,-4.9092589305830385,-1.8719477004477005,-2.7973112301353393
xag,SHORT,0.08533333333333333,0.3581630515441684,0.0,3,0,3,1.0,,1.0,965.6237749424297,331.72407584575416,2.9109246064835754,-46.536498792270514,154.88496261863662,7.6058832616658725,147.51907935697076,3,0,3,1.0,,1.0,537.6267287757181,222.00938462188492,2.421639651365984,-46.98987120048847,82.21005716052422,-6.986492165242165,89.43654932576639
xag,BOTH,0.08533333333333333,0.3581630515441684,0.005333333333333333,7,4,3,1.0,1.0,1.0,1362.120470528802,747.4919873517314,1.8222542764031768,-402.4383917788807,106.69652797834338,4.723075427160831,102.21345255118256,8,5,3,0.875,0.8,1.0,762.906103174523,252.71838246716695,3.01879940717664,-49.288525774239794,33.698187681469925,-3.306156761294262,37.24434444276419
xag,LONG,0.08533333333333333,0.3581630515441684,0.005333333333333333,4,4,0,1.0,1.0,,442.8025937704653,672.8224509104588,0.6581269593059326,-402.4383917788807,76.41524891977022,2.5686008089133088,74.0866481108569,5,5,0,0.8,0.8,,225.2793743988047,124.69081707638396,1.8067038109213889,-46.154139981498034,4.5910659940373515,-1.097955518925519,5.92902151296287
xag,SHORT,0.08533333333333333,0.3581630515441684,0.005333333333333333,3,0,3,1.0,,1.0,965.6237749424297,331.72407584575416,2.9109246064835754,-46.536498792270514,154.88496261863662,7.6058832616658725,147.51907935697076,3,0,3,1.0,,1.0,537.6267287757181,222.00938462188492,2.421639651365984,-46.98987120048847,82.21005716052422,-6.986492165242165,89.43654932576639
xag,BOTH,0.08533333333333333,0.3581630515441684,0.010666666666666666,7,4,3,1.0,1.0,1.0,1362.120470528802,747.4919873517314,1.8222542764031768,-402.4383917788807,106.69652797834338,4.723075427160831,102.21345255118256,8,5,3,0.875,0.8,1.0,762.7049580333895,252.695486010593,3.018276939072101,-49.288525774239794,33.68631453077803,-3.1652058379120884,37.09152036869011
xag,LONG,0.08533333333333333,0.3581630515441684,0.010666666666666666,4,4,0,1.0,1.0,,442.8025937704653,672.8224509104588,0.6581269593059326,-402.4383917788807,76.41524891977022,2.5686008089133088,74.0866481108569,5,5,0,0.8,0.8,,225.07822925767132,124.64093284768103,1.805813099399143,-46.009490001848064,4.5720689529303105,-0.8724340415140416,5.684502994444352
xag,SHORT,0.08533333333333333,0.3581630515441684,0.010666666666666666,3,0,3,1.0,,1.0,965.6237749424297,331.72407584575416,2.9109246064835754,-46.536498792270514,154.88496261863662,7.6058832616658725,147.51907935697076,3,0,3,1.0,,1.0,537.6267287757181,222.00938462188492,2.421639651365984,-46.98987120048847,82.21005716052422,-6.986492165242165,89.43654932576639
