label,n_days,total_pnl,ann_return,ann_vol,sharpe,max_dd,n_trades,hit_rate,avg_win,avg_loss,win_loss_ratio,avg_hold_days,max_win_streak,max_loss_streak,spread,lb_resid,entry_z,exit_z,max_hold,model
GC_cal12_fv_fv_lb20_ez1.0_xz0.0_mh5,2129,63.82,7.55,67.907,0.111,-122.95,266,0.113,3.132,-0.399,7.85,1.5,3,37,GC_cal12_fv,20,1.0,0.0,5,fair_value
GC_cal12_fv_fv_lb20_ez1.0_xz0.0_mh10,2129,199.14,23.57,67.841,0.347,-122.95,146,0.24,3.293,-0.974,3.38,4.4,4,16,GC_cal12_fv,20,1.0,0.0,10,fair_value
GC_cal12_fv_fv_lb20_ez1.0_xz0.0_mh20,2129,254.23,30.09,67.915,0.443,-122.95,88,0.409,3.539,-1.057,3.35,9.9,4,11,GC_cal12_fv,20,1.0,0.0,20,fair_value
GC_cal12_fv_fv_lb20_ez1.0_xz0.0_mh40,2129,275.54,32.61,68.005,0.48,-122.95,62,0.661,4.417,-1.688,2.62,20.6,11,7,GC_cal12_fv,20,1.0,0.0,40,fair_value
GC_cal12_fv_fv_lb20_ez1.0_xz0.5_mh5,2129,72.88,8.63,67.51,0.128,-122.95,267,0.157,3.286,-0.45,7.3,1.6,3,30,GC_cal12_fv,20,1.0,0.5,5,fair_value
GC_cal12_fv_fv_lb20_ez1.0_xz0.5_mh10,2129,209.08,24.75,67.367,0.367,-122.95,154,0.344,3.238,-1.076,3.01,4.3,6,13,GC_cal12_fv,20,1.0,0.5,10,fair_value
GC_cal12_fv_fv_lb20_ez1.0_xz0.5_mh20,2129,255.39,30.23,67.336,0.449,-122.95,102,0.51,3.782,-1.421,2.66,9.2,6,6,GC_cal12_fv,20,1.0,0.5,20,fair_value
GC_cal12_fv_fv_lb20_ez1.0_xz0.5_mh40,2129,275.27,32.58,67.443,0.483,-122.95,79,0.747,4.068,-1.675,2.43,16.2,13,3,GC_cal12_fv,20,1.0,0.5,40,fair_value
GC_cal12_fv_fv_lb20_ez1.5_xz0.0_mh5,2129,117.05,13.85,67.033,0.207,-122.95,207,0.198,3.276,-0.558,5.87,2.4,3,26,GC_cal12_fv,20,1.5,0.0,5,fair_value
GC_cal12_fv_fv_lb20_ez1.5_xz0.0_mh10,2129,221.85,26.26,67.0,0.392,-122.95,121,0.355,3.407,-1.225,2.78,6.5,5,13,GC_cal12_fv,20,1.5,0.0,10,fair_value
GC_cal12_fv_fv_lb20_ez1.5_xz0.0_mh20,2129,282.46,33.43,67.083,0.498,-122.95,80,0.438,4.811,-1.157,4.16,12.1,5,11,GC_cal12_fv,20,1.5,0.0,20,fair_value
GC_cal12_fv_fv_lb20_ez1.5_xz0.0_mh40,2129,315.34,37.33,67.262,0.555,-122.95,59,0.695,4.943,-1.664,2.97,21.9,11,7,GC_cal12_fv,20,1.5,0.0,40,fair_value
GC_cal12_fv_fv_lb20_ez1.5_xz0.5_mh5,2129,114.63,13.57,66.894,0.203,-122.95,208,0.212,2.955,-0.614,4.81,2.3,4,24,GC_cal12_fv,20,1.5,0.5,5,fair_value
GC_cal12_fv_fv_lb20_ez1.5_xz0.5_mh10,2129,212.26,25.12,66.853,0.376,-122.95,127,0.394,2.97,-1.289,2.3,6.1,7,13,GC_cal12_fv,20,1.5,0.5,10,fair_value
GC_cal12_fv_fv_lb20_ez1.5_xz0.5_mh20,2129,259.08,30.67,66.857,0.459,-122.95,85,0.529,4.065,-1.247,3.26,11.6,9,7,GC_cal12_fv,20,1.5,0.5,20,fair_value
GC_cal12_fv_fv_lb20_ez1.5_xz0.5_mh40,2129,297.87,35.26,66.895,0.527,-122.95,67,0.821,4.601,-1.627,2.83,18.5,24,4,GC_cal12_fv,20,1.5,0.5,40,fair_value
GC_cal12_fv_fv_lb20_ez2.0_xz0.0_mh5,2129,153.05,18.12,65.727,0.276,-122.95,172,0.25,4.171,-0.894,4.67,3.1,5,21,GC_cal12_fv,20,2.0,0.0,5,fair_value
GC_cal12_fv_fv_lb20_ez2.0_xz0.0_mh10,2129,225.4,26.68,66.142,0.403,-122.95,103,0.388,3.907,-1.298,3.01,7.5,5,10,GC_cal12_fv,20,2.0,0.0,10,fair_value
GC_cal12_fv_fv_lb20_ez2.0_xz0.0_mh20,2129,276.7,32.75,66.212,0.495,-122.95,70,0.557,5.512,-1.306,4.22,15.0,5,9,GC_cal12_fv,20,2.0,0.0,20,fair_value
GC_cal12_fv_fv_lb20_ez2.0_xz0.0_mh40,2129,305.09,36.11,66.366,0.544,-122.95,53,0.755,6.231,-1.553,4.01,23.9,11,3,GC_cal12_fv,20,2.0,0.0,40,fair_value
GC_cal12_fv_fv_lb20_ez2.0_xz0.5_mh5,2129,161.04,19.06,65.664,0.29,-122.95,172,0.262,4.047,-0.912,4.44,3.1,6,21,GC_cal12_fv,20,2.0,0.5,5,fair_value
GC_cal12_fv_fv_lb20_ez2.0_xz0.5_mh10,2129,214.71,25.41,66.014,0.385,-122.95,104,0.394,3.737,-1.366,2.74,7.3,6,10,GC_cal12_fv,20,2.0,0.5,10,fair_value
GC_cal12_fv_fv_lb20_ez2.0_xz0.5_mh20,2129,268.8,31.82,66.02,0.482,-122.95,74,0.608,4.829,-1.207,4.0,13.6,8,5,GC_cal12_fv,20,2.0,0.5,20,fair_value
GC_cal12_fv_fv_lb20_ez2.0_xz0.5_mh40,2129,304.16,36.0,66.026,0.545,-122.95,60,0.833,5.878,-1.3,4.52,20.1,21,3,GC_cal12_fv,20,2.0,0.5,40,fair_value
GC_cal12_fv_fv_lb20_ez2.5_xz0.0_mh5,2129,150.26,17.79,65.174,0.273,-122.95,141,0.241,5.165,-0.708,7.3,2.8,3,35,GC_cal12_fv,20,2.5,0.0,5,fair_value
GC_cal12_fv_fv_lb20_ez2.5_xz0.0_mh10,2129,220.36,26.08,65.349,0.399,-122.95,89,0.393,5.149,-0.957,5.38,7.3,5,18,GC_cal12_fv,20,2.5,0.0,10,fair_value
GC_cal12_fv_fv_lb20_ez2.5_xz0.0_mh20,2129,277.0,32.79,65.573,0.5,-122.95,62,0.581,6.89,-0.907,7.6,14.7,5,9,GC_cal12_fv,20,2.5,0.0,20,fair_value
GC_cal12_fv_fv_lb20_ez2.5_xz0.0_mh40,2129,308.47,36.51,65.725,0.556,-122.95,45,0.778,7.395,-1.453,5.09,24.1,15,5,GC_cal12_fv,20,2.5,0.0,40,fair_value
GC_cal12_fv_fv_lb20_ez2.5_xz0.5_mh5,2129,140.13,16.59,65.1,0.255,-122.95,141,0.241,5.163,-0.708,7.29,2.8,3,35,GC_cal12_fv,20,2.5,0.5,5,fair_value
GC_cal12_fv_fv_lb20_ez2.5_xz0.5_mh10,2129,208.73,24.71,65.215,0.379,-122.95,90,0.4,4.998,-0.953,5.25,6.9,6,18,GC_cal12_fv,20,2.5,0.5,10,fair_value
GC_cal12_fv_fv_lb20_ez2.5_xz0.5_mh20,2129,257.27,30.45,65.38,0.466,-122.95,65,0.615,6.01,-0.893,6.73,13.0,13,9,GC_cal12_fv,20,2.5,0.5,20,fair_value
GC_cal12_fv_fv_lb20_ez2.5_xz0.5_mh40,2129,301.28,35.66,65.506,0.544,-122.95,50,0.82,6.866,-1.56,4.4,19.7,19,5,GC_cal12_fv,20,2.5,0.5,40,fair_value
GC_cal12_fv_fv_lb40_ez1.0_xz0.0_mh5,2129,125.94,14.91,66.913,0.223,-122.95,212,0.189,2.819,-0.495,5.69,2.1,4,24,GC_cal12_fv,40,1.0,0.0,5,fair_value
GC_cal12_fv_fv_lb40_ez1.0_xz0.0_mh10,2129,237.8,28.15,67.076,0.42,-122.95,123,0.301,3.775,-1.07,3.53,5.6,3,14,GC_cal12_fv,40,1.0,0.0,10,fair_value
GC_cal12_fv_fv_lb40_ez1.0_xz0.0_mh20,2129,305.04,36.11,67.138,0.538,-122.95,78,0.423,5.464,-1.386,3.94,12.8,4,10,GC_cal12_fv,40,1.0,0.0,20,fair_value
GC_cal12_fv_fv_lb40_ez1.0_xz0.0_mh40,2129,345.21,40.86,67.33,0.607,-122.95,57,0.702,5.77,-1.707,3.38,21.8,9,7,GC_cal12_fv,40,1.0,0.0,40,fair_value
GC_cal12_fv_fv_lb40_ez1.0_xz0.5_mh5,2129,133.04,15.75,66.368,0.237,-122.95,215,0.214,3.25,-0.528,6.16,2.0,4,24,GC_cal12_fv,40,1.0,0.5,5,fair_value
GC_cal12_fv_fv_lb40_ez1.0_xz0.5_mh10,2129,236.61,28.01,66.471,0.421,-122.95,127,0.346,4.011,-1.179,3.4,5.0,4,12,GC_cal12_fv,40,1.0,0.5,10,fair_value
GC_cal12_fv_fv_lb40_ez1.0_xz0.5_mh20,2129,282.7,33.46,66.434,0.504,-122.95,84,0.536,5.025,-1.585,3.17,11.2,5,6,GC_cal12_fv,40,1.0,0.5,20,fair_value
GC_cal12_fv_fv_lb40_ez1.0_xz0.5_mh40,2129,306.79,36.31,66.404,0.547,-122.95,66,0.803,4.997,-3.604,1.39,18.0,12,3,GC_cal12_fv,40,1.0,0.5,40,fair_value
GC_cal12_fv_fv_lb40_ez1.5_xz0.0_mh5,2129,170.37,20.17,64.155,0.314,-122.95,155,0.258,4.27,-0.499,8.55,2.7,4,40,GC_cal12_fv,40,1.5,0.0,5,fair_value
GC_cal12_fv_fv_lb40_ez1.5_xz0.0_mh10,2129,253.27,29.98,65.443,0.458,-122.95,92,0.37,5.348,-0.827,6.46,6.7,6,19,GC_cal12_fv,40,1.5,0.0,10,fair_value
GC_cal12_fv_fv_lb40_ez1.5_xz0.0_mh20,2129,296.26,35.07,65.426,0.536,-122.95,63,0.492,7.297,-1.248,5.85,15.2,5,10,GC_cal12_fv,40,1.5,0.0,20,fair_value
GC_cal12_fv_fv_lb40_ez1.5_xz0.0_mh40,2129,333.27,39.45,65.999,0.598,-122.95,47,0.723,7.004,-1.938,3.61,25.5,10,5,GC_cal12_fv,40,1.5,0.0,40,fair_value
GC_cal12_fv_fv_lb40_ez1.5_xz0.5_mh5,2129,158.33,18.74,64.056,0.293,-122.95,155,0.271,4.402,-0.508,8.66,2.6,4,40,GC_cal12_fv,40,1.5,0.5,5,fair_value
GC_cal12_fv_fv_lb40_ez1.5_xz0.5_mh10,2129,247.95,29.35,65.039,0.451,-122.95,94,0.394,5.512,-0.962,5.73,6.3,7,19,GC_cal12_fv,40,1.5,0.5,10,fair_value
GC_cal12_fv_fv_lb40_ez1.5_xz0.5_mh20,2129,274.87,32.54,64.934,0.501,-122.95,65,0.6,6.186,-1.381,4.48,13.4,6,8,GC_cal12_fv,40,1.5,0.5,20,fair_value
GC_cal12_fv_fv_lb40_ez1.5_xz0.5_mh40,2129,322.29,38.15,65.16,0.585,-122.95,53,0.83,6.335,-3.827,1.66,20.3,20,4,GC_cal12_fv,40,1.5,0.5,40,fair_value
GC_cal12_fv_fv_lb40_ez2.0_xz0.0_mh5,2129,194.46,23.02,64.544,0.357,-122.95,116,0.233,6.426,-0.437,14.71,2.6,6,23,GC_cal12_fv,40,2.0,0.0,5,fair_value
GC_cal12_fv_fv_lb40_ez2.0_xz0.0_mh10,2129,233.12,27.59,65.072,0.424,-122.95,70,0.343,7.314,-0.719,10.17,6.9,4,12,GC_cal12_fv,40,2.0,0.0,10,fair_value
GC_cal12_fv_fv_lb40_ez2.0_xz0.0_mh20,2129,308.55,36.52,65.299,0.559,-122.95,48,0.542,8.727,-1.295,6.74,15.6,5,6,GC_cal12_fv,40,2.0,0.0,20,fair_value
GC_cal12_fv_fv_lb40_ez2.0_xz0.0_mh40,2129,319.9,37.87,65.66,0.577,-122.95,37,0.703,9.312,-1.805,5.16,26.1,9,4,GC_cal12_fv,40,2.0,0.0,40,fair_value
GC_cal12_fv_fv_lb40_ez2.0_xz0.5_mh5,2129,185.15,21.91,64.433,0.34,-122.95,115,0.252,6.538,-0.429,15.24,2.5,6,23,GC_cal12_fv,40,2.0,0.5,5,fair_value
GC_cal12_fv_fv_lb40_ez2.0_xz0.5_mh10,2129,244.51,28.94,64.661,0.448,-122.95,70,0.414,7.251,-0.639,11.35,6.2,4,12,GC_cal12_fv,40,2.0,0.5,10,fair_value
GC_cal12_fv_fv_lb40_ez2.0_xz0.5_mh20,2129,300.25,35.54,64.798,0.548,-122.95,49,0.653,7.969,-0.985,8.09,13.0,6,5,GC_cal12_fv,40,2.0,0.5,20,fair_value
GC_cal12_fv_fv_lb40_ez2.0_xz0.5_mh40,2129,319.03,37.76,64.787,0.583,-122.95,39,0.821,8.467,-3.658,2.31,20.3,21,4,GC_cal12_fv,40,2.0,0.5,40,fair_value
GC_cal12_fv_fv_lb40_ez2.5_xz0.0_mh5,2129,170.43,20.17,62.731,0.322,-122.95,86,0.244,10.106,-0.513,19.71,3.1,4,31,GC_cal12_fv,40,2.5,0.0,5,fair_value
GC_cal12_fv_fv_lb40_ez2.5_xz0.0_mh10,2129,207.18,24.52,63.087,0.389,-122.95,52,0.423,9.413,-0.857,10.99,8.0,7,10,GC_cal12_fv,40,2.5,0.0,10,fair_value
GC_cal12_fv_fv_lb40_ez2.5_xz0.0_mh20,2129,263.61,31.2,63.224,0.494,-122.95,38,0.605,10.87,-0.926,11.74,18.5,4,5,GC_cal12_fv,40,2.5,0.0,20,fair_value
GC_cal12_fv_fv_lb40_ez2.5_xz0.0_mh40,2129,280.45,33.2,63.686,0.521,-122.95,28,0.679,12.126,-1.461,8.3,30.2,7,4,GC_cal12_fv,40,2.5,0.0,40,fair_value
GC_cal12_fv_fv_lb40_ez2.5_xz0.5_mh5,2129,173.13,20.49,62.647,0.327,-122.95,86,0.244,10.235,-0.513,19.96,3.1,4,31,GC_cal12_fv,40,2.5,0.5,5,fair_value
GC_cal12_fv_fv_lb40_ez2.5_xz0.5_mh10,2129,203.52,24.09,62.746,0.384,-122.95,52,0.423,9.782,-0.857,11.42,7.8,7,10,GC_cal12_fv,40,2.5,0.5,10,fair_value
GC_cal12_fv_fv_lb40_ez2.5_xz0.5_mh20,2129,241.64,28.6,62.796,0.455,-122.95,38,0.632,10.185,-1.041,9.78,17.2,4,5,GC_cal12_fv,40,2.5,0.5,20,fair_value
GC_cal12_fv_fv_lb40_ez2.5_xz0.5_mh40,2129,267.62,31.68,62.866,0.504,-122.95,29,0.759,10.883,-3.581,3.04,25.6,14,4,GC_cal12_fv,40,2.5,0.5,40,fair_value
GC_cal12_fv_fv_lb60_ez1.0_xz0.0_mh5,2129,126.48,14.97,67.064,0.223,-122.95,197,0.193,3.454,-0.518,6.66,2.4,4,27,GC_cal12_fv,60,1.0,0.0,5,fair_value
GC_cal12_fv_fv_lb60_ez1.0_xz0.0_mh10,2129,226.71,26.83,67.048,0.4,-122.95,117,0.316,4.143,-1.071,3.87,5.8,4,13,GC_cal12_fv,60,1.0,0.0,10,fair_value
GC_cal12_fv_fv_lb60_ez1.0_xz0.0_mh20,2129,296.64,35.11,67.112,0.523,-122.95,75,0.453,5.061,-1.197,4.23,13.0,6,10,GC_cal12_fv,60,1.0,0.0,20,fair_value
GC_cal12_fv_fv_lb60_ez1.0_xz0.0_mh40,2129,327.86,38.81,67.364,0.576,-122.95,54,0.685,5.627,-1.979,2.84,24.1,10,7,GC_cal12_fv,60,1.0,0.0,40,fair_value
GC_cal12_fv_fv_lb60_ez1.0_xz0.5_mh5,2129,121.83,14.42,66.382,0.217,-122.95,199,0.221,3.11,-0.551,5.64,2.1,5,22,GC_cal12_fv,60,1.0,0.5,5,fair_value
GC_cal12_fv_fv_lb60_ez1.0_xz0.5_mh10,2129,213.83,25.31,66.288,0.382,-122.95,120,0.383,3.686,-1.17,3.15,5.2,5,10,GC_cal12_fv,60,1.0,0.5,10,fair_value
GC_cal12_fv_fv_lb60_ez1.0_xz0.5_mh20,2129,263.34,31.17,66.268,0.47,-122.95,81,0.617,4.126,-1.201,3.44,11.2,10,5,GC_cal12_fv,60,1.0,0.5,20,fair_value
GC_cal12_fv_fv_lb60_ez1.0_xz0.5_mh40,2129,286.26,33.88,66.254,0.511,-122.95,67,0.806,4.475,-2.826,1.58,17.2,16,2,GC_cal12_fv,60,1.0,0.5,40,fair_value
GC_cal12_fv_fv_lb60_ez1.5_xz0.0_mh5,2129,113.42,13.43,63.978,0.21,-122.95,133,0.248,3.42,-0.53,6.45,2.9,5,38,GC_cal12_fv,60,1.5,0.0,5,fair_value
GC_cal12_fv_fv_lb60_ez1.5_xz0.0_mh10,2129,217.23,25.71,65.781,0.391,-122.95,80,0.388,4.912,-1.511,3.25,7.2,6,12,GC_cal12_fv,60,1.5,0.0,10,fair_value
GC_cal12_fv_fv_lb60_ez1.5_xz0.0_mh20,2129,272.71,32.28,65.843,0.49,-122.95,54,0.537,6.264,-1.688,3.71,15.8,4,8,GC_cal12_fv,60,1.5,0.0,20,fair_value
GC_cal12_fv_fv_lb60_ez1.5_xz0.0_mh40,2129,294.27,34.83,66.1,0.527,-122.95,44,0.75,6.468,-2.979,2.17,27.7,12,4,GC_cal12_fv,60,1.5,0.0,40,fair_value
GC_cal12_fv_fv_lb60_ez1.5_xz0.5_mh5,2129,100.71,11.92,63.818,0.187,-122.95,132,0.258,3.682,-0.573,6.42,2.8,5,38,GC_cal12_fv,60,1.5,0.5,5,fair_value
GC_cal12_fv_fv_lb60_ez1.5_xz0.5_mh10,2129,213.95,25.32,65.342,0.388,-122.95,81,0.407,4.908,-1.685,2.91,6.8,7,12,GC_cal12_fv,60,1.5,0.5,10,fair_value
GC_cal12_fv_fv_lb60_ez1.5_xz0.5_mh20,2129,254.48,30.12,65.334,0.461,-122.95,56,0.643,5.569,-1.842,3.02,13.6,11,8,GC_cal12_fv,60,1.5,0.5,20,fair_value
GC_cal12_fv_fv_lb60_ez1.5_xz0.5_mh40,2129,272.65,32.27,65.341,0.494,-122.95,48,0.854,5.537,-5.321,1.04,20.2,31,4,GC_cal12_fv,60,1.5,0.5,40,fair_value
GC_cal12_fv_fv_lb60_ez2.0_xz0.0_mh5,2129,193.46,22.9,62.977,0.364,-122.95,89,0.236,8.721,-0.472,18.49,2.9,4,30,GC_cal12_fv,60,2.0,0.0,5,fair_value
GC_cal12_fv_fv_lb60_ez2.0_xz0.0_mh10,2129,219.08,25.93,63.274,0.41,-122.95,54,0.389,7.348,-1.077,6.83,7.6,8,14,GC_cal12_fv,60,2.0,0.0,10,fair_value
GC_cal12_fv_fv_lb60_ez2.0_xz0.0_mh20,2129,250.59,29.66,63.428,0.468,-122.95,38,0.5,8.984,-1.815,4.95,17.6,5,7,GC_cal12_fv,60,2.0,0.0,20,fair_value
GC_cal12_fv_fv_lb60_ez2.0_xz0.0_mh40,2129,274.9,32.54,63.901,0.509,-122.95,31,0.742,8.613,-3.748,2.3,30.9,10,4,GC_cal12_fv,60,2.0,0.0,40,fair_value
GC_cal12_fv_fv_lb60_ez2.0_xz0.5_mh5,2129,186.94,22.13,62.825,0.352,-122.95,89,0.236,8.523,-0.472,18.07,2.8,4,30,GC_cal12_fv,60,2.0,0.5,5,fair_value
GC_cal12_fv_fv_lb60_ez2.0_xz0.5_mh10,2129,209.84,24.84,62.871,0.395,-122.95,53,0.415,7.992,-1.146,6.97,7.1,8,14,GC_cal12_fv,60,2.0,0.5,10,fair_value
GC_cal12_fv_fv_lb60_ez2.0_xz0.5_mh20,2129,237.56,28.12,62.893,0.447,-122.95,38,0.632,7.728,-1.707,4.53,15.1,7,7,GC_cal12_fv,60,2.0,0.5,20,fair_value
GC_cal12_fv_fv_lb60_ez2.0_xz0.5_mh40,2129,263.56,31.2,63.011,0.495,-122.95,32,0.812,8.037,-4.937,1.63,22.4,21,4,GC_cal12_fv,60,2.0,0.5,40,fair_value
GC_cal12_fv_fv_lb60_ez2.5_xz0.0_mh5,2129,86.9,10.29,59.468,0.173,-122.95,63,0.222,8.53,-0.401,21.25,2.9,4,26,GC_cal12_fv,60,2.5,0.0,5,fair_value
GC_cal12_fv_fv_lb60_ez2.5_xz0.0_mh10,2129,118.44,14.02,59.716,0.235,-122.95,36,0.417,7.683,-1.254,6.13,8.1,3,13,GC_cal12_fv,60,2.5,0.0,10,fair_value
GC_cal12_fv_fv_lb60_ez2.5_xz0.0_mh20,2129,173.35,20.52,59.951,0.342,-122.95,26,0.654,8.553,-1.998,4.28,19.1,5,6,GC_cal12_fv,60,2.5,0.0,20,fair_value
GC_cal12_fv_fv_lb60_ez2.5_xz0.0_mh40,2129,192.67,22.81,60.072,0.38,-122.95,22,0.773,8.736,-3.971,2.2,35.1,7,4,GC_cal12_fv,60,2.5,0.0,40,fair_value
GC_cal12_fv_fv_lb60_ez2.5_xz0.5_mh5,2129,83.02,9.83,59.46,0.165,-122.95,63,0.222,8.253,-0.401,20.56,2.9,4,26,GC_cal12_fv,60,2.5,0.5,5,fair_value
GC_cal12_fv_fv_lb60_ez2.5_xz0.5_mh10,2129,114.11,13.51,59.682,0.226,-122.95,36,0.389,8.107,-1.207,6.72,7.8,3,13,GC_cal12_fv,60,2.5,0.5,10,fair_value
GC_cal12_fv_fv_lb60_ez2.5_xz0.5_mh20,2129,154.73,18.31,59.804,0.306,-122.95,26,0.654,8.399,-1.986,4.23,17.0,10,6,GC_cal12_fv,60,2.5,0.5,20,fair_value
GC_cal12_fv_fv_lb60_ez2.5_xz0.5_mh40,2129,173.4,20.52,59.873,0.343,-122.95,23,0.739,9.166,-4.772,1.92,27.2,11,4,GC_cal12_fv,60,2.5,0.5,40,fair_value
SI_cal12_fv_fv_lb20_ez1.0_xz0.0_mh5,2129,-32.6,-3.86,70.678,-0.055,-148.89,300,0.057,7.946,-0.702,11.32,0.8,4,59,SI_cal12_fv,20,1.0,0.0,5,fair_value
SI_cal12_fv_fv_lb20_ez1.0_xz0.0_mh10,2129,107.2,12.69,70.657,0.18,-122.89,156,0.109,8.149,-1.664,4.9,2.5,4,30,SI_cal12_fv,20,1.0,0.0,10,fair_value
SI_cal12_fv_fv_lb20_ez1.0_xz0.0_mh20,2129,215.05,25.45,70.929,0.359,-110.89,88,0.284,11.74,-2.525,4.65,7.0,5,15,SI_cal12_fv,20,1.0,0.0,20,fair_value
SI_cal12_fv_fv_lb20_ez1.0_xz0.0_mh40,2129,246.03,29.12,70.875,0.411,-105.8,55,0.509,12.871,-4.209,3.06,15.9,10,7,SI_cal12_fv,20,1.0,0.0,40,fair_value
SI_cal12_fv_fv_lb20_ez1.0_xz0.5_mh5,2129,-12.59,-1.49,69.12,-0.022,-118.97,300,0.067,8.897,-0.739,12.04,0.8,4,59,SI_cal12_fv,20,1.0,0.5,5,fair_value
SI_cal12_fv_fv_lb20_ez1.0_xz0.5_mh10,2129,128.22,15.18,68.957,0.22,-89.64,157,0.127,9.101,-1.694,5.37,2.8,4,29,SI_cal12_fv,20,1.0,0.5,10,fair_value
SI_cal12_fv_fv_lb20_ez1.0_xz0.5_mh20,2129,223.17,26.42,69.092,0.382,-85.16,92,0.283,12.029,-2.252,5.34,7.1,5,14,SI_cal12_fv,20,1.0,0.5,20,fair_value
SI_cal12_fv_fv_lb20_ez1.0_xz0.5_mh40,2129,257.17,30.44,69.01,0.441,-83.16,62,0.484,13.226,-3.999,3.31,14.5,5,6,SI_cal12_fv,20,1.0,0.5,40,fair_value
SI_cal12_fv_fv_lb20_ez1.5_xz0.0_mh5,2129,-13.4,-1.59,59.574,-0.027,-128.99,265,0.083,8.043,-0.96,8.38,1.3,4,63,SI_cal12_fv,20,1.5,0.0,5,fair_value
SI_cal12_fv_fv_lb20_ez1.5_xz0.0_mh10,2129,183.86,21.76,64.647,0.337,-97.27,143,0.147,10.706,-1.391,7.7,3.2,4,33,SI_cal12_fv,20,1.5,0.0,10,fair_value
SI_cal12_fv_fv_lb20_ez1.5_xz0.0_mh20,2129,262.87,31.11,66.841,0.466,-109.98,79,0.316,11.738,-2.874,4.08,9.5,5,16,SI_cal12_fv,20,1.5,0.0,20,fair_value
SI_cal12_fv_fv_lb20_ez1.5_xz0.0_mh40,2129,294.43,34.85,66.906,0.521,-106.61,50,0.54,13.626,-5.195,2.62,20.6,10,7,SI_cal12_fv,20,1.5,0.0,40,fair_value
SI_cal12_fv_fv_lb20_ez1.5_xz0.5_mh5,2129,19.41,2.3,58.225,0.039,-121.14,264,0.087,9.055,-1.012,8.94,1.4,4,63,SI_cal12_fv,20,1.5,0.5,5,fair_value
SI_cal12_fv_fv_lb20_ez1.5_xz0.5_mh10,2129,200.11,23.69,64.147,0.369,-94.8,143,0.147,10.738,-1.35,7.95,3.6,4,32,SI_cal12_fv,20,1.5,0.5,10,fair_value
SI_cal12_fv_fv_lb20_ez1.5_xz0.5_mh20,2129,299.59,35.46,64.468,0.55,-80.58,84,0.333,11.488,-2.325,4.94,9.2,5,15,SI_cal12_fv,20,1.5,0.5,20,fair_value
SI_cal12_fv_fv_lb20_ez1.5_xz0.5_mh40,2129,328.02,38.83,64.495,0.602,-78.58,56,0.536,13.59,-4.52,3.01,18.6,8,7,SI_cal12_fv,20,1.5,0.5,40,fair_value
SI_cal12_fv_fv_lb20_ez2.0_xz0.0_mh5,2129,72.5,8.58,52.336,0.164,-120.86,223,0.126,10.61,-1.007,10.54,1.8,5,34,SI_cal12_fv,20,2.0,0.0,5,fair_value
SI_cal12_fv_fv_lb20_ez2.0_xz0.0_mh10,2129,173.25,20.51,57.145,0.359,-113.03,123,0.228,11.266,-1.846,6.1,5.1,5,23,SI_cal12_fv,20,2.0,0.0,10,fair_value
SI_cal12_fv_fv_lb20_ez2.0_xz0.0_mh20,2129,344.11,40.73,65.202,0.625,-105.32,68,0.338,15.851,-3.976,3.99,10.9,5,15,SI_cal12_fv,20,2.0,0.0,20,fair_value
SI_cal12_fv_fv_lb20_ez2.0_xz0.0_mh40,2129,369.98,43.79,65.338,0.67,-102.53,46,0.565,17.167,-7.405,2.32,22.5,11,7,SI_cal12_fv,20,2.0,0.0,40,fair_value
SI_cal12_fv_fv_lb20_ez2.0_xz0.5_mh5,2129,78.02,9.24,52.114,0.177,-119.48,223,0.13,10.293,-1.051,9.79,1.8,5,32,SI_cal12_fv,20,2.0,0.5,5,fair_value
SI_cal12_fv_fv_lb20_ez2.0_xz0.5_mh10,2129,189.69,22.45,56.534,0.397,-90.99,124,0.234,11.076,-1.745,6.35,5.0,5,23,SI_cal12_fv,20,2.0,0.5,10,fair_value
SI_cal12_fv_fv_lb20_ez2.0_xz0.5_mh20,2129,375.21,44.41,62.833,0.707,-80.58,74,0.351,15.203,-3.207,4.74,9.9,7,15,SI_cal12_fv,20,2.0,0.5,20,fair_value
SI_cal12_fv_fv_lb20_ez2.0_xz0.5_mh40,2129,398.65,47.19,62.94,0.75,-78.58,51,0.569,16.564,-6.517,2.54,19.5,13,7,SI_cal12_fv,20,2.0,0.5,40,fair_value
SI_cal12_fv_fv_lb20_ez2.5_xz0.0_mh5,2129,36.11,4.27,50.077,0.085,-120.93,194,0.124,8.706,-0.72,12.09,1.8,4,30,SI_cal12_fv,20,2.5,0.0,5,fair_value
SI_cal12_fv_fv_lb20_ez2.5_xz0.0_mh10,2129,108.8,12.88,53.196,0.242,-132.77,106,0.274,8.932,-1.605,5.57,5.8,9,12,SI_cal12_fv,20,2.5,0.0,10,fair_value
SI_cal12_fv_fv_lb20_ez2.5_xz0.0_mh20,2129,354.41,41.95,61.94,0.677,-100.23,65,0.385,15.671,-3.115,5.03,11.4,10,15,SI_cal12_fv,20,2.5,0.0,20,fair_value
SI_cal12_fv_fv_lb20_ez2.5_xz0.0_mh40,2129,419.31,49.63,62.242,0.797,-100.79,42,0.595,18.142,-5.568,3.26,23.3,10,7,SI_cal12_fv,20,2.5,0.0,40,fair_value
SI_cal12_fv_fv_lb20_ez2.5_xz0.5_mh5,2129,74.21,8.78,48.399,0.181,-114.7,194,0.129,9.504,-0.786,12.1,1.8,5,30,SI_cal12_fv,20,2.5,0.5,5,fair_value
SI_cal12_fv_fv_lb20_ez2.5_xz0.5_mh10,2129,184.23,21.81,51.278,0.425,-86.67,109,0.284,9.696,-1.46,6.64,5.7,9,12,SI_cal12_fv,20,2.5,0.5,10,fair_value
SI_cal12_fv_fv_lb20_ez2.5_xz0.5_mh20,2129,396.04,46.88,59.361,0.79,-81.27,69,0.391,14.882,-2.354,6.32,10.5,11,15,SI_cal12_fv,20,2.5,0.5,20,fair_value
SI_cal12_fv_fv_lb20_ez2.5_xz0.5_mh40,2129,437.52,51.79,59.529,0.87,-78.58,46,0.587,17.248,-4.755,3.63,20.3,11,7,SI_cal12_fv,20,2.5,0.5,40,fair_value
SI_cal12_fv_fv_lb40_ez1.0_xz0.0_mh5,2129,-6.71,-0.79,66.316,-0.012,-134.53,258,0.105,8.403,-0.963,8.73,1.3,2,51,SI_cal12_fv,40,1.0,0.0,5,fair_value
SI_cal12_fv_fv_lb40_ez1.0_xz0.0_mh10,2129,181.25,21.45,66.011,0.325,-113.71,132,0.189,10.59,-1.406,7.53,3.6,5,24,SI_cal12_fv,40,1.0,0.0,10,fair_value
SI_cal12_fv_fv_lb40_ez1.0_xz0.0_mh20,2129,282.78,33.47,69.627,0.481,-106.17,77,0.286,17.79,-3.427,5.19,9.2,5,13,SI_cal12_fv,40,1.0,0.0,20,fair_value
SI_cal12_fv_fv_lb40_ez1.0_xz0.0_mh40,2129,334.42,39.58,69.822,0.567,-106.61,49,0.449,20.035,-4.493,4.46,18.0,10,6,SI_cal12_fv,40,1.0,0.0,40,fair_value
SI_cal12_fv_fv_lb40_ez1.0_xz0.5_mh5,2129,17.62,2.09,64.363,0.032,-125.78,258,0.112,8.335,-1.028,8.11,1.3,3,50,SI_cal12_fv,40,1.0,0.5,5,fair_value
SI_cal12_fv_fv_lb40_ez1.0_xz0.5_mh10,2129,184.36,21.82,64.963,0.336,-98.25,136,0.221,8.421,-1.451,5.8,3.8,5,24,SI_cal12_fv,40,1.0,0.5,10,fair_value
SI_cal12_fv_fv_lb40_ez1.0_xz0.5_mh20,2129,321.41,38.04,67.446,0.564,-80.8,86,0.337,13.909,-3.199,4.35,8.4,6,13,SI_cal12_fv,40,1.0,0.5,20,fair_value
SI_cal12_fv_fv_lb40_ez1.0_xz0.5_mh40,2129,357.84,42.36,67.458,0.628,-78.8,59,0.508,15.429,-5.7,2.71,15.8,12,6,SI_cal12_fv,40,1.0,0.5,40,fair_value
SI_cal12_fv_fv_lb40_ez1.5_xz0.0_mh5,2129,18.77,2.22,54.966,0.04,-148.85,203,0.148,9.922,-0.731,13.58,1.7,7,37,SI_cal12_fv,40,1.5,0.0,5,fair_value
SI_cal12_fv_fv_lb40_ez1.5_xz0.0_mh10,2129,172.6,20.43,60.707,0.337,-115.95,111,0.18,12.058,-1.223,9.86,4.0,4,25,SI_cal12_fv,40,1.5,0.0,10,fair_value
SI_cal12_fv_fv_lb40_ez1.5_xz0.0_mh20,2129,278.96,33.02,63.304,0.522,-101.95,62,0.323,18.96,-3.915,4.84,11.8,4,11,SI_cal12_fv,40,1.5,0.0,20,fair_value
SI_cal12_fv_fv_lb40_ez1.5_xz0.0_mh40,2129,307.92,36.45,67.795,0.538,-106.55,42,0.476,20.947,-4.971,4.21,22.9,8,7,SI_cal12_fv,40,1.5,0.0,40,fair_value
SI_cal12_fv_fv_lb40_ez1.5_xz0.5_mh5,2129,11.97,1.42,54.631,0.026,-149.78,203,0.148,9.601,-0.791,12.14,1.7,7,37,SI_cal12_fv,40,1.5,0.5,5,fair_value
SI_cal12_fv_fv_lb40_ez1.5_xz0.5_mh10,2129,155.47,18.4,60.034,0.307,-121.14,114,0.184,10.086,-1.103,9.15,4.1,4,27,SI_cal12_fv,40,1.5,0.5,10,fair_value
SI_cal12_fv_fv_lb40_ez1.5_xz0.5_mh20,2129,276.14,32.69,62.369,0.524,-107.14,67,0.328,16.448,-3.131,5.25,10.5,5,11,SI_cal12_fv,40,1.5,0.5,20,fair_value
SI_cal12_fv_fv_lb40_ez1.5_xz0.5_mh40,2129,377.01,44.62,64.802,0.689,-78.58,48,0.521,17.483,-4.889,3.58,20.1,10,7,SI_cal12_fv,40,1.5,0.5,40,fair_value
SI_cal12_fv_fv_lb40_ez2.0_xz0.0_mh5,2129,4.05,0.48,46.613,0.01,-84.61,162,0.136,8.777,-0.93,9.44,1.7,3,24,SI_cal12_fv,40,2.0,0.0,5,fair_value
SI_cal12_fv_fv_lb40_ez2.0_xz0.0_mh10,2129,118.68,14.05,52.193,0.269,-82.76,91,0.198,13.509,-1.36,9.93,5.0,4,23,SI_cal12_fv,40,2.0,0.0,10,fair_value
SI_cal12_fv_fv_lb40_ez2.0_xz0.0_mh20,2129,278.06,32.91,57.7,0.57,-79.76,55,0.382,18.345,-4.191,4.38,12.0,5,6,SI_cal12_fv,40,2.0,0.0,20,fair_value
SI_cal12_fv_fv_lb40_ez2.0_xz0.0_mh40,2129,362.18,42.87,60.608,0.707,-77.76,40,0.525,19.041,-6.057,3.14,22.0,7,7,SI_cal12_fv,40,2.0,0.0,40,fair_value
SI_cal12_fv_fv_lb40_ez2.0_xz0.5_mh5,2129,3.12,0.37,46.431,0.008,-88.65,162,0.136,8.693,-1.004,8.66,1.7,3,24,SI_cal12_fv,40,2.0,0.5,5,fair_value
SI_cal12_fv_fv_lb40_ez2.0_xz0.5_mh10,2129,126.69,15.0,51.221,0.293,-82.76,92,0.217,12.092,-1.22,9.92,4.9,6,23,SI_cal12_fv,40,2.0,0.5,10,fair_value
SI_cal12_fv_fv_lb40_ez2.0_xz0.5_mh20,2129,275.01,32.55,56.095,0.58,-79.76,57,0.404,15.975,-3.315,4.82,11.0,5,6,SI_cal12_fv,40,2.0,0.5,20,fair_value
SI_cal12_fv_fv_lb40_ez2.0_xz0.5_mh40,2129,363.43,43.02,58.819,0.731,-77.76,42,0.548,16.713,-5.428,3.08,19.2,9,7,SI_cal12_fv,40,2.0,0.5,40,fair_value
SI_cal12_fv_fv_lb40_ez2.5_xz0.0_mh5,2129,82.49,9.76,41.915,0.233,-76.31,127,0.165,9.018,-0.698,12.91,2.2,3,22,SI_cal12_fv,40,2.5,0.0,5,fair_value
SI_cal12_fv_fv_lb40_ez2.5_xz0.0_mh10,2129,162.98,19.29,48.224,0.4,-96.09,72,0.264,12.555,-1.242,10.11,6.0,6,12,SI_cal12_fv,40,2.5,0.0,10,fair_value
SI_cal12_fv_fv_lb40_ez2.5_xz0.0_mh20,2129,311.65,36.89,54.18,0.681,-76.86,43,0.395,21.44,-3.516,6.1,16.4,5,6,SI_cal12_fv,40,2.5,0.0,20,fair_value
SI_cal12_fv_fv_lb40_ez2.5_xz0.0_mh40,2129,446.17,52.81,56.554,0.934,-72.53,33,0.485,25.845,-3.527,7.33,26.9,5,7,SI_cal12_fv,40,2.5,0.0,40,fair_value
SI_cal12_fv_fv_lb40_ez2.5_xz0.5_mh5,2129,105.48,12.48,39.49,0.316,-76.25,127,0.173,9.163,-0.804,11.4,2.2,4,22,SI_cal12_fv,40,2.5,0.5,5,fair_value
SI_cal12_fv_fv_lb40_ez2.5_xz0.5_mh10,2129,211.79,25.07,45.566,0.55,-83.75,73,0.301,12.254,-1.074,11.41,5.9,8,12,SI_cal12_fv,40,2.5,0.5,10,fair_value
SI_cal12_fv_fv_lb40_ez2.5_xz0.5_mh20,2129,339.61,40.2,51.187,0.785,-73.53,46,0.435,18.998,-2.369,8.02,14.7,7,6,SI_cal12_fv,40,2.5,0.5,20,fair_value
SI_cal12_fv_fv_lb40_ez2.5_xz0.5_mh40,2129,442.03,52.32,54.675,0.957,-72.53,35,0.514,22.306,-2.824,7.9,23.1,7,7,SI_cal12_fv,40,2.5,0.5,40,fair_value
SI_cal12_fv_fv_lb60_ez1.0_xz0.0_mh5,2129,-93.61,-11.08,67.323,-0.165,-159.76,221,0.077,6.656,-1.287,5.17,1.4,2,41,SI_cal12_fv,60,1.0,0.0,5,fair_value
SI_cal12_fv_fv_lb60_ez1.0_xz0.0_mh10,2129,94.88,11.23,70.207,0.16,-143.14,114,0.149,10.107,-2.64,3.83,4.4,3,20,SI_cal12_fv,60,1.0,0.0,10,fair_value
SI_cal12_fv_fv_lb60_ez1.0_xz0.0_mh20,2129,190.03,22.49,71.054,0.317,-139.44,64,0.266,17.443,-4.688,3.72,12.5,5,11,SI_cal12_fv,60,1.0,0.0,20,fair_value
SI_cal12_fv_fv_lb60_ez1.0_xz0.0_mh40,2129,240.36,28.45,71.261,0.399,-138.57,44,0.5,15.192,-7.7,1.97,25.6,9,7,SI_cal12_fv,60,1.0,0.0,40,fair_value
SI_cal12_fv_fv_lb60_ez1.0_xz0.5_mh5,2129,-59.01,-6.98,65.775,-0.106,-126.52,223,0.09,7.471,-1.344,5.56,1.4,2,41,SI_cal12_fv,60,1.0,0.5,5,fair_value
SI_cal12_fv_fv_lb60_ez1.0_xz0.5_mh10,2129,108.09,12.79,67.955,0.188,-109.9,118,0.178,10.284,-2.59,3.97,4.2,3,20,SI_cal12_fv,60,1.0,0.5,10,fair_value
SI_cal12_fv_fv_lb60_ez1.0_xz0.5_mh20,2129,181.36,21.47,68.087,0.315,-103.9,70,0.343,12.315,-4.114,2.99,10.4,6,10,SI_cal12_fv,60,1.0,0.5,20,fair_value
SI_cal12_fv_fv_lb60_ez1.0_xz0.5_mh40,2129,218.52,25.86,68.177,0.379,-100.9,53,0.528,11.304,-7.147,1.58,20.1,10,8,SI_cal12_fv,60,1.0,0.5,40,fair_value
SI_cal12_fv_fv_lb60_ez1.5_xz0.0_mh5,2129,54.19,6.41,54.3,0.118,-95.93,167,0.12,10.964,-0.842,13.02,1.7,2,33,SI_cal12_fv,60,1.5,0.0,5,fair_value
SI_cal12_fv_fv_lb60_ez1.5_xz0.0_mh10,2129,137.81,16.31,55.695,0.293,-98.33,92,0.163,14.554,-1.342,10.84,4.5,5,41,SI_cal12_fv,60,1.5,0.0,10,fair_value
SI_cal12_fv_fv_lb60_ez1.5_xz0.0_mh20,2129,274.95,32.54,59.222,0.55,-89.71,53,0.377,17.739,-4.087,4.34,12.9,5,9,SI_cal12_fv,60,1.5,0.0,20,fair_value
SI_cal12_fv_fv_lb60_ez1.5_xz0.0_mh40,2129,393.67,46.6,62.53,0.745,-78.58,37,0.568,20.365,-7.494,2.72,27.6,8,5,SI_cal12_fv,60,1.5,0.0,40,fair_value
SI_cal12_fv_fv_lb60_ez1.5_xz0.5_mh5,2129,45.87,5.43,54.133,0.1,-100.18,167,0.12,10.501,-0.913,11.5,1.7,2,33,SI_cal12_fv,60,1.5,0.5,5,fair_value
SI_cal12_fv_fv_lb60_ez1.5_xz0.5_mh10,2129,125.35,14.84,55.025,0.27,-84.7,93,0.172,12.493,-1.229,10.17,4.5,5,41,SI_cal12_fv,60,1.5,0.5,10,fair_value
SI_cal12_fv_fv_lb60_ez1.5_xz0.5_mh20,2129,238.57,28.24,57.549,0.491,-89.71,56,0.375,15.023,-3.174,4.73,11.8,5,9,SI_cal12_fv,60,1.5,0.5,20,fair_value
SI_cal12_fv_fv_lb60_ez1.5_xz0.5_mh40,2129,346.15,40.97,60.468,0.678,-78.58,40,0.55,16.874,-6.429,2.62,23.8,8,5,SI_cal12_fv,60,1.5,0.5,40,fair_value
SI_cal12_fv_fv_lb60_ez2.0_xz0.0_mh5,2129,20.46,2.42,42.677,0.057,-99.68,121,0.132,9.593,-0.676,14.2,2.2,4,16,SI_cal12_fv,60,2.0,0.0,5,fair_value
SI_cal12_fv_fv_lb60_ez2.0_xz0.0_mh10,2129,150.82,17.85,48.24,0.37,-121.31,68,0.221,15.561,-0.989,15.73,5.7,8,12,SI_cal12_fv,60,2.0,0.0,10,fair_value
SI_cal12_fv_fv_lb60_ez2.0_xz0.0_mh20,2129,267.78,31.7,52.393,0.605,-81.3,38,0.368,25.045,-3.827,6.54,15.4,3,5,SI_cal12_fv,60,2.0,0.0,20,fair_value
SI_cal12_fv_fv_lb60_ez2.0_xz0.0_mh40,2129,369.22,43.7,55.758,0.784,-77.76,28,0.464,26.642,-4.906,5.43,31.3,5,3,SI_cal12_fv,60,2.0,0.0,40,fair_value
SI_cal12_fv_fv_lb60_ez2.0_xz0.5_mh5,2129,62.67,7.42,40.775,0.182,-89.41,121,0.14,10.878,-0.782,13.91,2.2,4,16,SI_cal12_fv,60,2.0,0.5,5,fair_value
SI_cal12_fv_fv_lb60_ez2.0_xz0.5_mh10,2129,182.62,21.62,45.95,0.47,-114.29,69,0.246,14.693,-0.84,17.48,5.7,8,11,SI_cal12_fv,60,2.0,0.5,10,fair_value
SI_cal12_fv_fv_lb60_ez2.0_xz0.5_mh20,2129,276.71,32.75,51.463,0.636,-79.76,41,0.39,21.766,-2.574,8.46,13.8,4,5,SI_cal12_fv,60,2.0,0.5,20,fair_value
SI_cal12_fv_fv_lb60_ez2.0_xz0.5_mh40,2129,380.86,45.08,54.561,0.826,-77.76,31,0.484,23.024,-4.108,5.61,26.6,6,3,SI_cal12_fv,60,2.0,0.5,40,fair_value
SI_cal12_fv_fv_lb60_ez2.5_xz0.0_mh5,2129,123.14,14.58,38.349,0.38,-79.38,82,0.232,11.859,-1.205,9.84,2.8,3,12,SI_cal12_fv,60,2.5,0.0,5,fair_value
SI_cal12_fv_fv_lb60_ez2.5_xz0.0_mh10,2129,146.34,17.32,45.962,0.377,-121.28,46,0.326,15.147,-2.091,7.24,8.2,7,9,SI_cal12_fv,60,2.5,0.0,10,fair_value
SI_cal12_fv_fv_lb60_ez2.5_xz0.0_mh20,2129,257.98,30.54,52.134,0.586,-74.56,30,0.5,22.53,-8.111,2.78,21.9,5,4,SI_cal12_fv,60,2.5,0.0,20,fair_value
SI_cal12_fv_fv_lb60_ez2.5_xz0.0_mh40,2129,317.26,37.55,53.389,0.703,-70.1,26,0.577,25.372,-9.051,2.8,42.2,5,2,SI_cal12_fv,60,2.5,0.0,40,fair_value
SI_cal12_fv_fv_lb60_ez2.5_xz0.5_mh5,2129,101.61,12.03,37.585,0.32,-79.38,82,0.232,10.993,-1.37,8.03,2.8,3,12,SI_cal12_fv,60,2.5,0.5,5,fair_value
SI_cal12_fv_fv_lb60_ez2.5_xz0.5_mh10,2129,184.61,21.85,43.15,0.506,-110.34,48,0.375,13.817,-1.792,7.71,8.0,9,8,SI_cal12_fv,60,2.5,0.5,10,fair_value
SI_cal12_fv_fv_lb60_ez2.5_xz0.5_mh20,2129,285.71,33.82,49.019,0.69,-71.1,33,0.545,19.676,-6.123,3.21,19.3,5,4,SI_cal12_fv,60,2.5,0.5,20,fair_value
SI_cal12_fv_fv_lb60_ez2.5_xz0.5_mh40,2129,345.4,40.88,50.061,0.817,-70.1,29,0.621,22.123,-7.709,2.87,35.8,7,2,SI_cal12_fv,60,2.5,0.5,40,fair_value
GC_fly_fv_fv_lb20_ez1.0_xz0.0_mh5,2129,-8.83,-1.05,67.651,-0.015,-170.63,260,0.135,3.003,-0.373,8.06,1.7,5,35,GC_fly_fv,20,1.0,0.0,5,fair_value
GC_fly_fv_fv_lb20_ez1.0_xz0.0_mh10,2129,125.0,14.8,67.811,0.218,-160.2,144,0.25,3.422,-0.716,4.78,4.2,7,16,GC_fly_fv,20,1.0,0.0,10,fair_value
GC_fly_fv_fv_lb20_ez1.0_xz0.0_mh20,2129,180.21,21.33,67.801,0.315,-160.2,92,0.402,4.15,-1.526,2.72,8.4,6,6,GC_fly_fv,20,1.0,0.0,20,fair_value
GC_fly_fv_fv_lb20_ez1.0_xz0.0_mh40,2129,215.24,25.48,67.75,0.376,-160.2,67,0.522,4.84,-1.673,2.89,15.2,5,5,GC_fly_fv,20,1.0,0.0,40,fair_value
GC_fly_fv_fv_lb20_ez1.0_xz0.5_mh5,2129,-34.41,-4.07,67.216,-0.061,-167.14,264,0.159,2.258,-0.437,5.16,1.9,6,32,GC_fly_fv,20,1.0,0.5,5,fair_value
GC_fly_fv_fv_lb20_ez1.0_xz0.5_mh10,2129,102.59,12.14,67.256,0.181,-160.2,159,0.358,2.246,-0.923,2.43,4.6,8,15,GC_fly_fv,20,1.0,0.5,10,fair_value
GC_fly_fv_fv_lb20_ez1.0_xz0.5_mh20,2129,145.19,17.19,67.247,0.256,-160.2,111,0.541,2.433,-1.937,1.26,8.8,8,6,GC_fly_fv,20,1.0,0.5,20,fair_value
GC_fly_fv_fv_lb20_ez1.0_xz0.5_mh40,2129,176.8,20.93,67.197,0.311,-160.2,94,0.638,2.692,-1.612,1.67,13.1,15,4,GC_fly_fv,20,1.0,0.5,40,fair_value
GC_fly_fv_fv_lb20_ez1.5_xz0.0_mh5,2129,-24.8,-2.94,59.418,-0.049,-164.77,213,0.211,3.863,-0.376,10.28,2.5,5,20,GC_fly_fv,20,1.5,0.0,5,fair_value
GC_fly_fv_fv_lb20_ez1.5_xz0.0_mh10,2129,137.61,16.29,67.243,0.242,-160.2,123,0.325,3.181,-0.982,3.24,5.6,5,13,GC_fly_fv,20,1.5,0.0,10,fair_value
GC_fly_fv_fv_lb20_ez1.5_xz0.0_mh20,2129,184.01,21.78,67.181,0.324,-160.2,78,0.487,4.651,-2.14,2.17,11.5,8,8,GC_fly_fv,20,1.5,0.0,20,fair_value
GC_fly_fv_fv_lb20_ez1.5_xz0.0_mh40,2129,221.28,26.19,67.129,0.39,-160.2,58,0.621,5.342,-2.841,1.88,20.3,8,4,GC_fly_fv,20,1.5,0.0,40,fair_value
GC_fly_fv_fv_lb20_ez1.5_xz0.5_mh5,2129,-26.55,-3.14,59.155,-0.053,-163.44,216,0.208,3.599,-0.474,7.59,2.5,5,20,GC_fly_fv,20,1.5,0.5,5,fair_value
GC_fly_fv_fv_lb20_ez1.5_xz0.5_mh10,2129,148.22,17.54,66.831,0.263,-160.2,128,0.406,2.545,-1.177,2.16,5.6,8,10,GC_fly_fv,20,1.5,0.5,10,fair_value
GC_fly_fv_fv_lb20_ez1.5_xz0.5_mh20,2129,183.92,21.77,66.773,0.326,-160.2,87,0.552,3.451,-2.065,1.67,10.6,8,8,GC_fly_fv,20,1.5,0.5,20,fair_value
GC_fly_fv_fv_lb20_ez1.5_xz0.5_mh40,2129,211.53,25.04,66.751,0.375,-160.2,72,0.653,3.802,-1.935,1.97,15.8,14,4,GC_fly_fv,20,1.5,0.5,40,fair_value
GC_fly_fv_fv_lb20_ez2.0_xz0.0_mh5,2129,-25.85,-3.06,58.443,-0.052,-161.9,176,0.233,3.492,-0.478,7.3,2.8,5,25,GC_fly_fv,20,2.0,0.0,5,fair_value
GC_fly_fv_fv_lb20_ez2.0_xz0.0_mh10,2129,142.22,16.83,66.381,0.254,-160.2,104,0.375,3.509,-1.183,2.97,7.1,8,9,GC_fly_fv,20,2.0,0.0,10,fair_value
GC_fly_fv_fv_lb20_ez2.0_xz0.0_mh20,2129,191.2,22.63,66.565,0.34,-160.2,68,0.559,5.263,-2.337,2.25,13.9,7,4,GC_fly_fv,20,2.0,0.0,20,fair_value
GC_fly_fv_fv_lb20_ez2.0_xz0.0_mh40,2129,210.32,24.89,66.384,0.375,-161.14,52,0.712,6.273,-3.385,1.85,24.4,8,2,GC_fly_fv,20,2.0,0.0,40,fair_value
GC_fly_fv_fv_lb20_ez2.0_xz0.5_mh5,2129,-26.0,-3.08,58.294,-0.053,-161.24,176,0.239,3.402,-0.486,6.99,2.7,6,25,GC_fly_fv,20,2.0,0.5,5,fair_value
GC_fly_fv_fv_lb20_ez2.0_xz0.5_mh10,2129,151.86,17.98,66.007,0.272,-160.2,106,0.425,3.181,-1.398,2.28,6.7,8,9,GC_fly_fv,20,2.0,0.5,10,fair_value
GC_fly_fv_fv_lb20_ez2.0_xz0.5_mh20,2129,194.66,23.04,66.169,0.348,-160.2,74,0.622,4.241,-2.348,1.81,12.0,7,4,GC_fly_fv,20,2.0,0.5,20,fair_value
GC_fly_fv_fv_lb20_ez2.0_xz0.5_mh40,2129,205.13,24.28,66.02,0.368,-161.14,61,0.77,4.811,-2.596,1.85,18.5,13,2,GC_fly_fv,20,2.0,0.5,40,fair_value
GC_fly_fv_fv_lb20_ez2.5_xz0.0_mh5,2129,113.62,13.45,62.77,0.214,-133.25,132,0.22,6.246,-0.624,10.01,2.9,7,26,GC_fly_fv,20,2.5,0.0,5,fair_value
GC_fly_fv_fv_lb20_ez2.5_xz0.0_mh10,2129,216.2,25.59,63.317,0.404,-121.1,80,0.425,7.395,-1.498,4.94,7.6,5,10,GC_fly_fv,20,2.5,0.0,10,fair_value
GC_fly_fv_fv_lb20_ez2.5_xz0.0_mh20,2129,238.92,28.28,63.386,0.446,-121.1,53,0.547,9.006,-2.738,3.29,14.8,4,6,GC_fly_fv,20,2.5,0.0,20,fair_value
GC_fly_fv_fv_lb20_ez2.5_xz0.0_mh40,2129,262.01,31.01,63.346,0.49,-121.1,43,0.674,9.567,-2.414,3.96,25.7,7,2,GC_fly_fv,20,2.5,0.0,40,fair_value
GC_fly_fv_fv_lb20_ez2.5_xz0.5_mh5,2129,114.81,13.59,62.689,0.217,-133.25,132,0.227,6.154,-0.625,9.85,2.8,7,26,GC_fly_fv,20,2.5,0.5,5,fair_value
GC_fly_fv_fv_lb20_ez2.5_xz0.5_mh10,2129,214.25,25.36,63.017,0.402,-121.1,81,0.457,6.699,-1.445,4.64,7.0,7,10,GC_fly_fv,20,2.5,0.5,10,fair_value
GC_fly_fv_fv_lb20_ez2.5_xz0.5_mh20,2129,234.64,27.77,63.018,0.441,-121.1,57,0.596,7.477,-2.729,2.74,12.6,6,6,GC_fly_fv,20,2.5,0.5,20,fair_value
GC_fly_fv_fv_lb20_ez2.5_xz0.5_mh40,2129,254.91,30.17,62.975,0.479,-121.1,47,0.766,7.454,-2.763,2.7,20.8,8,2,GC_fly_fv,20,2.5,0.5,40,fair_value
GC_fly_fv_fv_lb40_ez1.0_xz0.0_mh5,2129,47.8,5.66,66.368,0.085,-170.74,225,0.147,4.728,-0.408,11.6,2.2,4,32,GC_fly_fv,40,1.0,0.0,5,fair_value
GC_fly_fv_fv_lb40_ez1.0_xz0.0_mh10,2129,136.78,16.19,67.456,0.24,-160.2,124,0.242,4.186,-1.187,3.53,5.6,6,15,GC_fly_fv,40,1.0,0.0,10,fair_value
GC_fly_fv_fv_lb40_ez1.0_xz0.0_mh20,2129,200.48,23.73,67.516,0.351,-160.2,78,0.423,6.209,-1.551,4.0,11.8,6,10,GC_fly_fv,40,1.0,0.0,20,fair_value
GC_fly_fv_fv_lb40_ez1.0_xz0.0_mh40,2129,237.21,28.08,67.544,0.416,-160.2,58,0.552,6.93,-2.206,3.14,19.3,5,4,GC_fly_fv,40,1.0,0.0,40,fair_value
GC_fly_fv_fv_lb40_ez1.0_xz0.5_mh5,2129,46.02,5.45,65.866,0.083,-170.81,225,0.178,3.74,-0.542,6.9,2.3,6,29,GC_fly_fv,40,1.0,0.5,5,fair_value
GC_fly_fv_fv_lb40_ez1.0_xz0.5_mh10,2129,165.98,19.65,66.195,0.297,-160.2,134,0.388,3.514,-1.48,2.37,5.7,6,13,GC_fly_fv,40,1.0,0.5,10,fair_value
GC_fly_fv_fv_lb40_ez1.0_xz0.5_mh20,2129,202.44,23.96,66.192,0.362,-160.2,97,0.577,3.665,-1.89,1.94,9.9,7,6,GC_fly_fv,40,1.0,0.5,20,fair_value
GC_fly_fv_fv_lb40_ez1.0_xz0.5_mh40,2129,220.88,26.14,66.188,0.395,-160.2,82,0.659,3.9,-2.115,1.84,14.5,11,5,GC_fly_fv,40,1.0,0.5,40,fair_value
GC_fly_fv_fv_lb40_ez1.5_xz0.0_mh5,2129,90.23,10.68,64.422,0.166,-160.6,171,0.228,4.035,-0.575,7.02,2.8,5,17,GC_fly_fv,40,1.5,0.0,5,fair_value
GC_fly_fv_fv_lb40_ez1.5_xz0.0_mh10,2129,171.83,20.34,65.042,0.313,-160.2,96,0.354,4.933,-1.31,3.77,7.2,6,11,GC_fly_fv,40,1.5,0.0,10,fair_value
GC_fly_fv_fv_lb40_ez1.5_xz0.0_mh20,2129,208.42,24.67,65.167,0.379,-167.78,65,0.554,6.849,-1.795,3.81,13.9,6,5,GC_fly_fv,40,1.5,0.0,20,fair_value
GC_fly_fv_fv_lb40_ez1.5_xz0.0_mh40,2129,259.93,30.77,65.224,0.472,-161.14,48,0.604,8.774,-2.09,4.2,22.8,5,3,GC_fly_fv,40,1.5,0.0,40,fair_value
GC_fly_fv_fv_lb40_ez1.5_xz0.5_mh5,2129,73.49,8.7,64.097,0.136,-166.78,172,0.238,3.339,-0.601,5.56,2.8,6,17,GC_fly_fv,40,1.5,0.5,5,fair_value
GC_fly_fv_fv_lb40_ez1.5_xz0.5_mh10,2129,149.47,17.69,64.359,0.275,-160.2,101,0.455,3.249,-1.381,2.35,6.7,6,11,GC_fly_fv,40,1.5,0.5,10,fair_value
GC_fly_fv_fv_lb40_ez1.5_xz0.5_mh20,2129,185.28,21.93,64.527,0.34,-165.09,76,0.645,4.616,-1.733,2.66,11.8,8,5,GC_fly_fv,40,1.5,0.5,20,fair_value
GC_fly_fv_fv_lb40_ez1.5_xz0.5_mh40,2129,211.78,25.07,64.472,0.389,-162.09,64,0.719,5.043,-2.34,2.16,17.9,12,3,GC_fly_fv,40,1.5,0.5,40,fair_value
GC_fly_fv_fv_lb40_ez2.0_xz0.0_mh5,2129,82.02,9.71,54.89,0.177,-174.45,111,0.243,6.577,-1.519,4.33,3.6,5,21,GC_fly_fv,40,2.0,0.0,5,fair_value
GC_fly_fv_fv_lb40_ez2.0_xz0.0_mh10,2129,213.56,25.28,63.1,0.401,-166.76,67,0.358,9.429,-1.487,6.34,8.5,4,12,GC_fly_fv,40,2.0,0.0,10,fair_value
GC_fly_fv_fv_lb40_ez2.0_xz0.0_mh20,2129,222.43,26.33,63.154,0.417,-165.46,47,0.532,9.304,-2.585,3.6,17.7,4,4,GC_fly_fv,40,2.0,0.0,20,fair_value
GC_fly_fv_fv_lb40_ez2.0_xz0.0_mh40,2129,253.03,29.95,63.058,0.475,-166.93,38,0.632,10.328,-2.463,4.19,27.5,5,3,GC_fly_fv,40,2.0,0.0,40,fair_value
GC_fly_fv_fv_lb40_ez2.0_xz0.5_mh5,2129,64.15,7.59,54.683,0.139,-174.45,111,0.243,6.275,-1.519,4.13,3.4,5,21,GC_fly_fv,40,2.0,0.5,5,fair_value
GC_fly_fv_fv_lb40_ez2.0_xz0.5_mh10,2129,217.34,25.73,62.764,0.41,-162.01,68,0.441,7.505,-1.547,4.85,7.6,4,9,GC_fly_fv,40,2.0,0.5,10,fair_value
GC_fly_fv_fv_lb40_ez2.0_xz0.5_mh20,2129,225.78,26.72,62.803,0.426,-160.2,52,0.596,7.39,-2.466,3.0,14.6,5,4,GC_fly_fv,40,2.0,0.5,20,fair_value
GC_fly_fv_fv_lb40_ez2.0_xz0.5_mh40,2129,238.89,28.28,62.709,0.451,-164.61,43,0.698,8.202,-2.642,3.11,20.9,7,3,GC_fly_fv,40,2.0,0.5,40,fair_value
GC_fly_fv_fv_lb40_ez2.5_xz0.0_mh5,2129,197.57,23.39,60.345,0.388,-132.27,77,0.299,8.925,-0.624,14.3,4.1,5,12,GC_fly_fv,40,2.5,0.0,5,fair_value
GC_fly_fv_fv_lb40_ez2.5_xz0.0_mh10,2129,239.34,28.33,60.573,0.468,-122.93,51,0.451,10.763,-0.982,10.96,9.5,5,6,GC_fly_fv,40,2.5,0.0,10,fair_value
GC_fly_fv_fv_lb40_ez2.5_xz0.0_mh20,2129,244.28,28.91,60.708,0.476,-121.1,39,0.564,11.669,-1.447,8.06,17.8,5,4,GC_fly_fv,40,2.5,0.0,20,fair_value
GC_fly_fv_fv_lb40_ez2.5_xz0.0_mh40,2129,247.84,29.34,60.627,0.484,-126.98,30,0.667,12.228,-2.07,5.91,31.4,7,2,GC_fly_fv,40,2.5,0.0,40,fair_value
GC_fly_fv_fv_lb40_ez2.5_xz0.5_mh5,2129,190.6,22.56,60.192,0.375,-132.27,77,0.299,8.628,-0.624,13.82,4.0,5,12,GC_fly_fv,40,2.5,0.5,5,fair_value
GC_fly_fv_fv_lb40_ez2.5_xz0.5_mh10,2129,240.82,28.5,60.331,0.472,-121.1,52,0.519,9.073,-0.935,9.7,8.8,8,5,GC_fly_fv,40,2.5,0.5,10,fair_value
GC_fly_fv_fv_lb40_ez2.5_xz0.5_mh20,2129,246.11,29.13,60.419,0.482,-121.1,40,0.6,10.609,-1.34,7.92,15.2,6,4,GC_fly_fv,40,2.5,0.5,20,fair_value
GC_fly_fv_fv_lb40_ez2.5_xz0.5_mh40,2129,240.5,28.47,60.34,0.472,-124.65,33,0.727,10.189,-1.963,5.19,25.0,7,2,GC_fly_fv,40,2.5,0.5,40,fair_value
GC_fly_fv_fv_lb60_ez1.0_xz0.0_mh5,2129,32.23,3.82,65.648,0.058,-166.05,201,0.174,4.239,-0.353,12.0,2.3,4,24,GC_fly_fv,60,1.0,0.0,5,fair_value
GC_fly_fv_fv_lb60_ez1.0_xz0.0_mh10,2129,130.6,15.46,66.624,0.232,-160.2,112,0.286,4.136,-1.116,3.71,6.2,5,13,GC_fly_fv,60,1.0,0.0,10,fair_value
GC_fly_fv_fv_lb60_ez1.0_xz0.0_mh20,2129,208.57,24.69,66.805,0.37,-160.2,73,0.479,5.393,-1.648,3.27,12.4,6,9,GC_fly_fv,60,1.0,0.0,20,fair_value
GC_fly_fv_fv_lb60_ez1.0_xz0.0_mh40,2129,240.89,28.51,66.839,0.427,-160.2,55,0.582,6.421,-2.611,2.46,21.5,6,4,GC_fly_fv,60,1.0,0.0,40,fair_value
GC_fly_fv_fv_lb60_ez1.0_xz0.5_mh5,2129,31.95,3.78,64.917,0.058,-170.8,200,0.205,3.788,-0.49,7.72,2.3,4,18,GC_fly_fv,60,1.0,0.5,5,fair_value
GC_fly_fv_fv_lb60_ez1.0_xz0.5_mh10,2129,135.26,16.01,64.969,0.246,-160.2,120,0.4,3.84,-1.303,2.95,6.0,7,10,GC_fly_fv,60,1.0,0.5,10,fair_value
GC_fly_fv_fv_lb60_ez1.0_xz0.5_mh20,2129,190.26,22.52,65.155,0.346,-160.2,87,0.552,4.01,-1.794,2.23,10.2,8,6,GC_fly_fv,60,1.0,0.5,20,fair_value
GC_fly_fv_fv_lb60_ez1.0_xz0.5_mh40,2129,211.79,25.07,65.145,0.385,-160.2,75,0.64,4.207,-2.037,2.06,15.9,8,4,GC_fly_fv,60,1.0,0.5,40,fair_value
GC_fly_fv_fv_lb60_ez1.5_xz0.0_mh5,2129,132.02,15.63,62.412,0.25,-160.2,143,0.273,5.174,-0.544,9.52,3.1,8,25,GC_fly_fv,60,1.5,0.0,5,fair_value
GC_fly_fv_fv_lb60_ez1.5_xz0.0_mh10,2129,207.36,24.54,64.01,0.383,-160.2,80,0.438,5.77,-1.302,4.43,7.7,6,10,GC_fly_fv,60,1.5,0.0,10,fair_value
GC_fly_fv_fv_lb60_ez1.5_xz0.0_mh20,2129,242.78,28.74,64.009,0.449,-160.2,55,0.6,7.778,-1.813,4.29,16.6,7,5,GC_fly_fv,60,1.5,0.0,20,fair_value
GC_fly_fv_fv_lb60_ez1.5_xz0.0_mh40,2129,264.68,31.33,64.151,0.488,-160.2,41,0.683,9.374,-2.3,4.08,27.6,6,3,GC_fly_fv,60,1.5,0.0,40,fair_value
GC_fly_fv_fv_lb60_ez1.5_xz0.5_mh5,2129,102.31,12.11,62.107,0.195,-162.62,143,0.273,4.423,-0.56,7.9,3.0,8,25,GC_fly_fv,60,1.5,0.5,5,fair_value
GC_fly_fv_fv_lb60_ez1.5_xz0.5_mh10,2129,190.43,22.54,63.047,0.358,-160.2,84,0.5,4.436,-1.337,3.32,7.0,7,10,GC_fly_fv,60,1.5,0.5,10,fair_value
GC_fly_fv_fv_lb60_ez1.5_xz0.5_mh20,2129,216.85,25.67,63.087,0.407,-160.2,62,0.661,5.418,-2.109,2.57,13.5,7,5,GC_fly_fv,60,1.5,0.5,20,fair_value
GC_fly_fv_fv_lb60_ez1.5_xz0.5_mh40,2129,224.62,26.59,63.1,0.421,-160.2,54,0.741,5.753,-2.404,2.39,19.0,8,2,GC_fly_fv,60,1.5,0.5,40,fair_value
GC_fly_fv_fv_lb60_ez2.0_xz0.0_mh5,2129,138.46,16.39,61.296,0.267,-174.17,91,0.264,6.787,-1.456,4.66,3.6,5,17,GC_fly_fv,60,2.0,0.0,5,fair_value
GC_fly_fv_fv_lb60_ez2.0_xz0.0_mh10,2129,176.03,20.84,61.795,0.337,-166.2,58,0.431,7.175,-1.168,6.14,8.8,5,9,GC_fly_fv,60,2.0,0.0,10,fair_value
GC_fly_fv_fv_lb60_ez2.0_xz0.0_mh20,2129,195.24,23.11,61.896,0.373,-162.01,43,0.605,7.568,-1.801,4.2,18.4,6,4,GC_fly_fv,60,2.0,0.0,20,fair_value
GC_fly_fv_fv_lb60_ez2.0_xz0.0_mh40,2129,215.37,25.49,62.001,0.411,-160.2,34,0.647,9.501,-2.082,4.56,30.0,4,2,GC_fly_fv,60,2.0,0.0,40,fair_value
GC_fly_fv_fv_lb60_ez2.0_xz0.5_mh5,2129,119.63,14.16,61.017,0.232,-173.51,91,0.264,5.919,-1.456,4.06,3.4,5,17,GC_fly_fv,60,2.0,0.5,5,fair_value
GC_fly_fv_fv_lb60_ez2.0_xz0.5_mh10,2129,178.63,21.14,61.396,0.344,-160.2,59,0.508,5.675,-1.1,5.16,8.0,5,8,GC_fly_fv,60,2.0,0.5,10,fair_value
GC_fly_fv_fv_lb60_ez2.0_xz0.5_mh20,2129,192.21,22.75,61.464,0.37,-160.2,47,0.66,5.959,-1.632,3.65,14.5,7,4,GC_fly_fv,60,2.0,0.5,20,fair_value
GC_fly_fv_fv_lb60_ez2.0_xz0.5_mh40,2129,207.23,24.53,61.512,0.399,-160.2,39,0.718,6.994,-2.022,3.46,20.9,8,2,GC_fly_fv,60,2.0,0.5,40,fair_value
GC_fly_fv_fv_lb60_ez2.5_xz0.0_mh5,2129,-46.54,-5.51,50.038,-0.11,-160.2,48,0.271,3.17,-0.693,4.57,4.6,5,11,GC_fly_fv,60,2.5,0.0,5,fair_value
GC_fly_fv_fv_lb60_ez2.5_xz0.0_mh10,2129,44.78,5.3,58.539,0.091,-160.2,33,0.364,3.003,-1.343,2.24,11.1,3,6,GC_fly_fv,60,2.5,0.0,10,fair_value
GC_fly_fv_fv_lb60_ez2.5_xz0.0_mh20,2129,70.5,8.35,58.65,0.142,-160.2,24,0.625,4.211,-2.086,2.02,23.4,3,2,GC_fly_fv,60,2.5,0.0,20,fair_value
GC_fly_fv_fv_lb60_ez2.5_xz0.0_mh40,2129,83.03,9.83,58.703,0.167,-160.2,21,0.714,5.442,-3.09,1.76,38.6,7,1,GC_fly_fv,60,2.5,0.0,40,fair_value
GC_fly_fv_fv_lb60_ez2.5_xz0.5_mh5,2129,-44.31,-5.24,49.971,-0.105,-160.2,48,0.271,3.215,-0.693,4.64,4.4,5,11,GC_fly_fv,60,2.5,0.5,5,fair_value
GC_fly_fv_fv_lb60_ez2.5_xz0.5_mh10,2129,66.88,7.92,58.394,0.136,-160.2,34,0.5,3.036,-1.415,2.15,9.9,6,6,GC_fly_fv,60,2.5,0.5,10,fair_value
GC_fly_fv_fv_lb60_ez2.5_xz0.5_mh20,2129,87.47,10.35,58.484,0.177,-160.2,27,0.704,3.943,-1.979,1.99,19.1,6,2,GC_fly_fv,60,2.5,0.5,20,fair_value
GC_fly_fv_fv_lb60_ez2.5_xz0.5_mh40,2129,95.84,11.34,58.511,0.194,-160.2,24,0.833,4.278,-2.416,1.77,27.5,9,1,GC_fly_fv,60,2.5,0.5,40,fair_value
SI_fly_fv_fv_lb20_ez1.0_xz0.0_mh5,2129,90.0,10.65,88.046,0.121,-235.14,301,0.113,8.667,-0.594,14.58,1.0,3,64,SI_fly_fv,20,1.0,0.0,5,fair_value
SI_fly_fv_fv_lb20_ez1.0_xz0.0_mh10,2129,214.83,25.43,88.577,0.287,-179.24,161,0.149,9.961,-0.936,10.65,2.4,2,20,SI_fly_fv,20,1.0,0.0,10,fair_value
SI_fly_fv_fv_lb20_ez1.0_xz0.0_mh20,2129,275.15,32.57,88.534,0.368,-164.24,90,0.211,17.171,-1.905,9.01,6.2,3,16,SI_fly_fv,20,1.0,0.0,20,fair_value
SI_fly_fv_fv_lb20_ez1.0_xz0.0_mh40,2129,314.48,37.22,88.504,0.421,-156.24,54,0.352,19.628,-5.725,3.43,17.1,3,8,SI_fly_fv,20,1.0,0.0,40,fair_value
SI_fly_fv_fv_lb20_ez1.0_xz0.5_mh5,2129,10.19,1.21,83.922,0.014,-236.07,299,0.124,8.858,-0.781,11.34,1.1,3,64,SI_fly_fv,20,1.0,0.5,5,fair_value
SI_fly_fv_fv_lb20_ez1.0_xz0.5_mh10,2129,133.74,15.83,84.238,0.188,-177.19,158,0.19,8.984,-1.619,5.55,2.9,4,20,SI_fly_fv,20,1.0,0.5,10,fair_value
SI_fly_fv_fv_lb20_ez1.0_xz0.5_mh20,2129,202.59,23.98,84.111,0.285,-162.19,92,0.315,11.901,-3.388,3.51,7.3,4,16,SI_fly_fv,20,1.0,0.5,20,fair_value
SI_fly_fv_fv_lb20_ez1.0_xz0.5_mh40,2129,237.59,28.12,84.052,0.335,-154.19,61,0.475,12.084,-8.058,1.5,17.7,5,7,SI_fly_fv,20,1.0,0.5,40,fair_value
SI_fly_fv_fv_lb20_ez1.5_xz0.0_mh5,2129,201.26,23.82,81.914,0.291,-181.98,269,0.13,12.958,-0.558,23.21,1.3,5,61,SI_fly_fv,20,1.5,0.0,5,fair_value
SI_fly_fv_fv_lb20_ez1.5_xz0.0_mh10,2129,287.82,34.07,83.773,0.407,-129.74,141,0.213,13.778,-0.978,14.09,3.6,4,18,SI_fly_fv,20,1.5,0.0,10,fair_value
SI_fly_fv_fv_lb20_ez1.5_xz0.0_mh20,2129,348.5,41.25,83.976,0.491,-115.31,77,0.26,19.435,-1.539,12.63,8.9,5,16,SI_fly_fv,20,1.5,0.0,20,fair_value
SI_fly_fv_fv_lb20_ez1.5_xz0.0_mh40,2129,385.83,45.67,83.945,0.544,-107.31,46,0.37,26.32,-5.839,4.51,24.2,7,8,SI_fly_fv,20,1.5,0.0,40,fair_value
SI_fly_fv_fv_lb20_ez1.5_xz0.5_mh5,2129,108.64,12.86,77.023,0.167,-181.92,270,0.137,10.756,-0.561,19.19,1.3,8,61,SI_fly_fv,20,1.5,0.5,5,fair_value
SI_fly_fv_fv_lb20_ez1.5_xz0.5_mh10,2129,179.35,21.23,78.517,0.27,-127.69,143,0.231,10.409,-1.288,8.08,3.5,7,18,SI_fly_fv,20,1.5,0.5,10,fair_value
SI_fly_fv_fv_lb20_ez1.5_xz0.5_mh20,2129,237.04,28.06,78.67,0.357,-113.27,81,0.333,12.779,-2.229,5.73,8.7,8,16,SI_fly_fv,20,1.5,0.5,20,fair_value
SI_fly_fv_fv_lb20_ez1.5_xz0.5_mh40,2129,271.04,32.08,78.617,0.408,-105.27,53,0.472,15.389,-7.484,2.06,21.5,10,7,SI_fly_fv,20,1.5,0.5,40,fair_value
SI_fly_fv_fv_lb20_ez2.0_xz0.0_mh5,2129,66.34,7.85,73.898,0.106,-186.13,236,0.102,11.593,-0.472,24.57,1.3,5,58,SI_fly_fv,20,2.0,0.0,5,fair_value
SI_fly_fv_fv_lb20_ez2.0_xz0.0_mh10,2129,134.33,15.9,75.501,0.211,-128.1,124,0.21,10.2,-1.277,7.99,4.3,5,17,SI_fly_fv,20,2.0,0.0,10,fair_value
SI_fly_fv_fv_lb20_ez2.0_xz0.0_mh20,2129,321.24,38.02,82.005,0.464,-110.71,66,0.258,20.417,-3.218,6.35,11.5,3,14,SI_fly_fv,20,2.0,0.0,20,fair_value
SI_fly_fv_fv_lb20_ez2.0_xz0.0_mh40,2129,350.2,41.45,82.069,0.505,-102.71,41,0.463,23.844,-11.262,2.12,28.0,7,9,SI_fly_fv,20,2.0,0.0,40,fair_value
SI_fly_fv_fv_lb20_ez2.0_xz0.5_mh5,2129,36.78,4.35,73.282,0.059,-186.06,237,0.105,10.833,-0.472,22.96,1.3,6,58,SI_fly_fv,20,2.0,0.5,5,fair_value
SI_fly_fv_fv_lb20_ez2.0_xz0.5_mh10,2129,92.07,10.9,74.826,0.146,-129.24,125,0.216,9.444,-1.277,7.39,4.2,6,17,SI_fly_fv,20,2.0,0.5,10,fair_value
SI_fly_fv_fv_lb20_ez2.0_xz0.5_mh20,2129,206.06,24.39,76.97,0.317,-108.66,68,0.279,14.739,-3.277,4.5,11.2,4,14,SI_fly_fv,20,2.0,0.5,20,fair_value
SI_fly_fv_fv_lb20_ez2.0_xz0.5_mh40,2129,239.42,28.34,76.859,0.369,-100.66,44,0.523,15.826,-14.098,1.12,27.8,8,7,SI_fly_fv,20,2.0,0.5,40,fair_value
SI_fly_fv_fv_lb20_ez2.5_xz0.0_mh5,2129,-82.53,-9.77,68.293,-0.143,-217.79,196,0.092,7.34,-1.094,6.71,1.7,2,43,SI_fly_fv,20,2.5,0.0,5,fair_value
SI_fly_fv_fv_lb20_ez2.5_xz0.0_mh10,2129,-51.19,-6.06,70.193,-0.086,-163.11,103,0.204,7.032,-2.272,3.09,5.0,3,10,SI_fly_fv,20,2.5,0.0,10,fair_value
SI_fly_fv_fv_lb20_ez2.5_xz0.0_mh20,2129,143.55,16.99,77.698,0.219,-141.47,62,0.242,18.142,-2.219,8.18,10.6,5,16,SI_fly_fv,20,2.5,0.0,20,fair_value
SI_fly_fv_fv_lb20_ez2.5_xz0.0_mh40,2129,200.26,23.7,78.02,0.304,-120.51,36,0.389,23.059,-10.239,2.25,26.9,10,16,SI_fly_fv,20,2.5,0.0,40,fair_value
SI_fly_fv_fv_lb20_ez2.5_xz0.5_mh5,2129,-114.6,-13.56,67.708,-0.2,-217.79,196,0.092,7.005,-1.094,6.4,1.7,2,43,SI_fly_fv,20,2.5,0.5,5,fair_value
SI_fly_fv_fv_lb20_ez2.5_xz0.5_mh10,2129,-77.64,-9.19,69.591,-0.132,-163.11,104,0.212,5.589,-2.676,2.09,5.1,3,10,SI_fly_fv,20,2.5,0.5,10,fair_value
SI_fly_fv_fv_lb20_ez2.5_xz0.5_mh20,2129,50.19,5.94,72.426,0.082,-131.55,63,0.254,11.354,-2.79,4.07,10.6,5,16,SI_fly_fv,20,2.5,0.5,20,fair_value
SI_fly_fv_fv_lb20_ez2.5_xz0.5_mh40,2129,85.99,10.18,72.48,0.14,-118.33,38,0.421,13.47,-12.421,1.08,27.2,10,8,SI_fly_fv,20,2.5,0.5,40,fair_value
SI_fly_fv_fv_lb40_ez1.0_xz0.0_mh5,2129,205.07,24.27,83.321,0.291,-183.28,253,0.126,11.121,-0.67,16.59,1.4,3,35,SI_fly_fv,40,1.0,0.0,5,fair_value
SI_fly_fv_fv_lb40_ez1.0_xz0.0_mh10,2129,249.43,29.52,84.251,0.35,-129.04,135,0.156,11.734,-2.247,5.22,3.4,3,30,SI_fly_fv,40,1.0,0.0,10,fair_value
SI_fly_fv_fv_lb40_ez1.0_xz0.0_mh20,2129,337.21,39.91,84.407,0.473,-113.56,76,0.25,21.461,-3.086,6.95,8.9,5,15,SI_fly_fv,40,1.0,0.0,20,fair_value
SI_fly_fv_fv_lb40_ez1.0_xz0.0_mh40,2129,350.02,41.43,84.851,0.488,-104.16,49,0.347,21.925,-3.408,6.43,17.9,4,7,SI_fly_fv,40,1.0,0.0,40,fair_value
SI_fly_fv_fv_lb40_ez1.0_xz0.5_mh5,2129,121.33,14.36,78.571,0.183,-179.79,253,0.142,10.606,-0.757,14.02,1.4,4,35,SI_fly_fv,40,1.0,0.5,5,fair_value
SI_fly_fv_fv_lb40_ez1.0_xz0.5_mh10,2129,203.65,24.1,79.344,0.304,-123.12,136,0.206,9.829,-2.531,3.88,3.8,4,30,SI_fly_fv,40,1.0,0.5,10,fair_value
SI_fly_fv_fv_lb40_ez1.0_xz0.5_mh20,2129,263.35,31.17,79.402,0.393,-109.12,80,0.35,13.627,-4.478,3.04,9.6,7,13,SI_fly_fv,40,1.0,0.5,20,fair_value
SI_fly_fv_fv_lb40_ez1.0_xz0.5_mh40,2129,303.74,35.95,79.457,0.452,-102.12,56,0.518,13.964,-8.735,1.6,20.1,9,7,SI_fly_fv,40,1.0,0.5,40,fair_value
SI_fly_fv_fv_lb40_ez1.5_xz0.0_mh5,2129,84.3,9.98,72.253,0.138,-161.13,212,0.099,15.767,-0.473,33.33,1.2,4,33,SI_fly_fv,40,1.5,0.0,5,fair_value
SI_fly_fv_fv_lb40_ez1.5_xz0.0_mh10,2129,157.72,18.67,73.962,0.252,-122.76,111,0.162,15.323,-2.177,7.04,4.0,6,27,SI_fly_fv,40,1.5,0.0,10,fair_value
SI_fly_fv_fv_lb40_ez1.5_xz0.0_mh20,2129,343.11,40.61,81.003,0.501,-112.18,63,0.27,25.26,-3.6,7.02,11.9,5,12,SI_fly_fv,40,1.5,0.0,20,fair_value
SI_fly_fv_fv_lb40_ez1.5_xz0.0_mh40,2129,394.22,46.66,82.122,0.568,-104.13,39,0.487,23.917,-7.282,3.28,28.1,8,7,SI_fly_fv,40,1.5,0.0,40,fair_value
SI_fly_fv_fv_lb40_ez1.5_xz0.5_mh5,2129,53.64,6.35,71.566,0.089,-161.14,212,0.108,14.447,-0.708,20.42,1.2,5,33,SI_fly_fv,40,1.5,0.5,5,fair_value
SI_fly_fv_fv_lb40_ez1.5_xz0.5_mh10,2129,139.7,16.54,72.934,0.227,-118.67,112,0.196,13.141,-2.392,5.49,4.2,7,27,SI_fly_fv,40,1.5,0.5,10,fair_value
SI_fly_fv_fv_lb40_ez1.5_xz0.5_mh20,2129,238.13,28.19,74.842,0.377,-108.09,64,0.328,16.51,-4.163,3.97,11.7,6,12,SI_fly_fv,40,1.5,0.5,20,fair_value
SI_fly_fv_fv_lb40_ez1.5_xz0.5_mh40,2129,280.4,33.19,75.004,0.443,-102.09,42,0.524,17.036,-8.838,1.93,24.9,8,7,SI_fly_fv,40,1.5,0.5,40,fair_value
SI_fly_fv_fv_lb40_ez2.0_xz0.0_mh5,2129,-20.37,-2.41,67.068,-0.036,-170.23,169,0.107,10.713,-1.31,8.18,1.6,3,39,SI_fly_fv,40,2.0,0.0,5,fair_value
SI_fly_fv_fv_lb40_ez2.0_xz0.0_mh10,2129,71.82,8.5,70.851,0.12,-121.25,89,0.191,10.517,-3.316,3.17,5.0,5,28,SI_fly_fv,40,2.0,0.0,10,fair_value
SI_fly_fv_fv_lb40_ez2.0_xz0.0_mh20,2129,230.05,27.23,77.372,0.352,-104.46,50,0.26,25.29,-6.551,3.86,15.4,3,13,SI_fly_fv,40,2.0,0.0,20,fair_value
SI_fly_fv_fv_lb40_ez2.0_xz0.0_mh40,2129,270.77,32.05,78.424,0.409,-108.24,33,0.485,22.945,-10.23,2.24,31.3,7,6,SI_fly_fv,40,2.0,0.0,40,fair_value
SI_fly_fv_fv_lb40_ez2.0_xz0.5_mh5,2129,-25.36,-3.0,66.433,-0.045,-167.52,170,0.118,10.002,-1.339,7.47,1.6,4,39,SI_fly_fv,40,2.0,0.5,5,fair_value
SI_fly_fv_fv_lb40_ez2.0_xz0.5_mh10,2129,62.08,7.35,70.182,0.105,-122.46,89,0.202,10.585,-3.83,2.76,5.1,5,28,SI_fly_fv,40,2.0,0.5,10,fair_value
SI_fly_fv_fv_lb40_ez2.0_xz0.5_mh20,2129,152.74,18.08,72.037,0.251,-102.39,52,0.346,15.219,-7.861,1.94,14.9,5,12,SI_fly_fv,40,2.0,0.5,20,fair_value
SI_fly_fv_fv_lb40_ez2.0_xz0.5_mh40,2129,160.62,19.01,72.434,0.262,-108.89,36,0.528,14.853,-10.257,1.45,27.3,8,6,SI_fly_fv,40,2.0,0.5,40,fair_value
SI_fly_fv_fv_lb40_ez2.5_xz0.0_mh5,2129,1.99,0.24,65.259,0.004,-149.66,117,0.179,8.562,-1.49,5.75,2.5,3,31,SI_fly_fv,40,2.5,0.0,5,fair_value
SI_fly_fv_fv_lb40_ez2.5_xz0.0_mh10,2129,34.54,4.09,67.396,0.061,-116.47,64,0.266,9.209,-5.505,1.67,7.6,5,14,SI_fly_fv,40,2.5,0.0,10,fair_value
SI_fly_fv_fv_lb40_ez2.5_xz0.0_mh20,2129,190.78,22.58,74.384,0.304,-108.67,42,0.452,20.72,-8.948,2.32,19.0,9,6,SI_fly_fv,40,2.5,0.0,20,fair_value
SI_fly_fv_fv_lb40_ez2.5_xz0.0_mh40,2129,211.23,25.0,75.659,0.33,-104.51,30,0.5,21.638,-17.647,1.23,34.2,11,6,SI_fly_fv,40,2.5,0.0,40,fair_value
SI_fly_fv_fv_lb40_ez2.5_xz0.5_mh5,2129,-14.62,-1.73,64.709,-0.027,-146.09,117,0.179,7.788,-1.49,5.23,2.4,3,31,SI_fly_fv,40,2.5,0.5,5,fair_value
SI_fly_fv_fv_lb40_ez2.5_xz0.5_mh10,2129,16.65,1.97,66.688,0.03,-117.68,65,0.292,8.127,-5.519,1.47,7.5,5,14,SI_fly_fv,40,2.5,0.5,10,fair_value
SI_fly_fv_fv_lb40_ez2.5_xz0.5_mh20,2129,91.33,10.81,68.829,0.157,-109.88,43,0.465,15.486,-9.074,1.71,18.1,9,6,SI_fly_fv,40,2.5,0.5,20,fair_value
SI_fly_fv_fv_lb40_ez2.5_xz0.5_mh40,2129,103.2,12.21,69.559,0.176,-105.72,31,0.516,14.296,-17.839,0.8,31.2,11,6,SI_fly_fv,40,2.5,0.5,40,fair_value
SI_fly_fv_fv_lb60_ez1.0_xz0.0_mh5,2129,211.16,24.99,81.307,0.307,-185.23,228,0.101,13.395,-1.321,10.14,1.5,3,66,SI_fly_fv,60,1.0,0.0,5,fair_value
SI_fly_fv_fv_lb60_ez1.0_xz0.0_mh10,2129,297.37,35.2,81.387,0.432,-131.98,118,0.203,11.923,-2.93,4.07,4.3,4,34,SI_fly_fv,60,1.0,0.0,10,fair_value
SI_fly_fv_fv_lb60_ez1.0_xz0.0_mh20,2129,348.52,41.25,81.616,0.505,-120.85,71,0.239,23.858,-3.638,6.56,9.4,4,19,SI_fly_fv,60,1.0,0.0,20,fair_value
SI_fly_fv_fv_lb60_ez1.0_xz0.0_mh40,2129,366.87,43.42,82.767,0.525,-105.92,44,0.409,23.107,-5.057,4.57,20.1,5,9,SI_fly_fv,60,1.0,0.0,40,fair_value
SI_fly_fv_fv_lb60_ez1.0_xz0.5_mh5,2129,138.57,16.4,75.978,0.216,-181.12,229,0.135,11.745,-1.376,8.54,1.6,6,66,SI_fly_fv,60,1.0,0.5,5,fair_value
SI_fly_fv_fv_lb60_ez1.0_xz0.5_mh10,2129,237.6,28.12,76.007,0.37,-130.28,121,0.264,11.097,-3.463,3.2,4.5,6,34,SI_fly_fv,60,1.0,0.5,10,fair_value
SI_fly_fv_fv_lb60_ez1.0_xz0.5_mh20,2129,315.72,37.37,74.349,0.503,-117.11,77,0.364,14.585,-3.742,3.9,9.7,7,19,SI_fly_fv,60,1.0,0.5,20,fair_value
SI_fly_fv_fv_lb60_ez1.0_xz0.5_mh40,2129,305.7,36.18,76.169,0.475,-106.07,54,0.519,14.941,-9.188,1.63,18.9,9,9,SI_fly_fv,60,1.0,0.5,40,fair_value
SI_fly_fv_fv_lb60_ez1.5_xz0.0_mh5,2129,226.05,26.76,70.801,0.378,-122.84,161,0.137,11.837,-1.347,8.79,1.8,3,49,SI_fly_fv,60,1.5,0.0,5,fair_value
SI_fly_fv_fv_lb60_ez1.5_xz0.0_mh10,2129,236.75,28.02,71.246,0.393,-103.35,89,0.213,10.35,-2.399,4.32,5.1,4,36,SI_fly_fv,60,1.5,0.0,10,fair_value
SI_fly_fv_fv_lb60_ez1.5_xz0.0_mh20,2129,310.53,36.76,71.705,0.513,-83.84,53,0.396,16.178,-5.0,3.24,14.5,5,11,SI_fly_fv,60,1.5,0.0,20,fair_value
SI_fly_fv_fv_lb60_ez1.5_xz0.0_mh40,2129,352.31,41.7,73.5,0.567,-85.93,37,0.514,19.183,-7.836,2.45,30.3,7,7,SI_fly_fv,60,1.5,0.0,40,fair_value
SI_fly_fv_fv_lb60_ez1.5_xz0.5_mh5,2129,128.94,15.26,65.357,0.234,-122.77,161,0.143,10.847,-1.357,7.99,1.8,3,49,SI_fly_fv,60,1.5,0.5,5,fair_value
SI_fly_fv_fv_lb60_ez1.5_xz0.5_mh10,2129,158.85,18.8,65.751,0.286,-104.49,89,0.236,9.88,-2.994,3.3,5.2,5,36,SI_fly_fv,60,1.5,0.5,10,fair_value
SI_fly_fv_fv_lb60_ez1.5_xz0.5_mh20,2129,233.16,27.6,66.159,0.417,-83.84,54,0.444,11.982,-6.325,1.89,14.0,7,11,SI_fly_fv,60,1.5,0.5,20,fair_value
SI_fly_fv_fv_lb60_ez1.5_xz0.5_mh40,2129,260.17,30.8,66.513,0.463,-90.09,40,0.575,12.94,-10.375,1.25,27.8,7,7,SI_fly_fv,60,1.5,0.5,40,fair_value
SI_fly_fv_fv_lb60_ez2.0_xz0.0_mh5,2129,46.71,5.53,50.751,0.109,-118.75,122,0.156,8.853,-1.538,5.76,2.3,6,42,SI_fly_fv,60,2.0,0.0,5,fair_value
SI_fly_fv_fv_lb60_ez2.0_xz0.0_mh10,2129,78.12,9.25,53.325,0.173,-94.66,71,0.338,6.574,-3.622,1.82,6.9,7,18,SI_fly_fv,60,2.0,0.0,10,fair_value
SI_fly_fv_fv_lb60_ez2.0_xz0.0_mh20,2129,272.84,32.3,64.199,0.503,-74.61,44,0.386,16.414,-4.377,3.75,15.6,6,11,SI_fly_fv,60,2.0,0.0,20,fair_value
SI_fly_fv_fv_lb60_ez2.0_xz0.0_mh40,2129,303.35,35.91,64.871,0.554,-71.76,31,0.484,19.607,-9.459,2.07,36.2,6,6,SI_fly_fv,60,2.0,0.0,40,fair_value
SI_fly_fv_fv_lb60_ez2.0_xz0.5_mh5,2129,36.78,4.35,50.35,0.086,-118.69,122,0.156,8.533,-1.538,5.55,2.2,6,42,SI_fly_fv,60,2.0,0.5,5,fair_value
SI_fly_fv_fv_lb60_ez2.0_xz0.5_mh10,2129,85.35,10.1,52.514,0.192,-95.8,72,0.347,6.912,-3.622,1.91,6.5,8,18,SI_fly_fv,60,2.0,0.5,10,fair_value
SI_fly_fv_fv_lb60_ez2.0_xz0.5_mh20,2129,217.61,25.76,57.924,0.445,-75.76,44,0.432,11.784,-5.846,2.02,15.1,7,11,SI_fly_fv,60,2.0,0.5,20,fair_value
SI_fly_fv_fv_lb60_ez2.0_xz0.5_mh40,2129,212.4,25.14,58.031,0.433,-75.93,32,0.531,12.481,-11.883,1.05,33.2,6,6,SI_fly_fv,60,2.0,0.5,40,fair_value
SI_fly_fv_fv_lb60_ez2.5_xz0.0_mh5,2129,159.98,18.94,42.571,0.445,-65.35,71,0.197,14.46,-0.862,16.78,3.0,4,20,SI_fly_fv,60,2.5,0.0,5,fair_value
SI_fly_fv_fv_lb60_ez2.5_xz0.0_mh10,2129,177.06,20.96,47.623,0.44,-61.26,42,0.452,12.849,-2.359,5.45,8.6,9,8,SI_fly_fv,60,2.5,0.0,10,fair_value
SI_fly_fv_fv_lb60_ez2.5_xz0.0_mh20,2129,357.35,42.3,57.819,0.732,-51.87,31,0.516,22.739,-1.475,15.41,18.3,7,5,SI_fly_fv,60,2.5,0.0,20,fair_value
SI_fly_fv_fv_lb60_ez2.5_xz0.0_mh40,2129,390.32,46.2,59.422,0.777,-50.87,25,0.64,23.524,-6.824,3.45,37.0,11,2,SI_fly_fv,60,2.5,0.0,40,fair_value
SI_fly_fv_fv_lb60_ez2.5_xz0.5_mh5,2129,157.71,18.67,42.114,0.443,-65.35,71,0.197,14.299,-0.862,16.59,2.9,4,20,SI_fly_fv,60,2.5,0.5,5,fair_value
SI_fly_fv_fv_lb60_ez2.5_xz0.5_mh10,2129,170.5,20.18,47.131,0.428,-61.26,42,0.452,12.503,-2.359,5.3,8.1,9,8,SI_fly_fv,60,2.5,0.5,10,fair_value
SI_fly_fv_fv_lb60_ez2.5_xz0.5_mh20,2129,276.08,32.68,50.942,0.641,-51.87,31,0.548,17.237,-1.772,9.73,17.2,7,5,SI_fly_fv,60,2.5,0.5,20,fair_value
SI_fly_fv_fv_lb60_ez2.5_xz0.5_mh40,2129,280.18,33.16,52.052,0.637,-50.87,25,0.64,17.326,-7.145,2.43,33.4,11,2,SI_fly_fv,60,2.5,0.5,40,fair_value
