Date,GCA Comdty,SIA Comdty,PLA Comdty,PAA Comdty,CLA Comdty,DXY Index,USDJPY Curncy,EURUSD Curncy,GBPUSD Curncy,AUDUSD Curncy,USDCAD Curncy,TUA Comdty,FVA Comdty,TYA Comdty,USA Comdty,ESA Index,NQA Index,RTYA Index
09/09/2024,2662.7,30.249,1002.1,05/09/1902 07:12,05/03/1900 05:02,101.552,22/05/1900 04:19,1.1035,1.3074,0.6661,1.3559,,,,,5721.5,,
10/09/2024,2672.4,30.186,999.8,23/09/1902 19:12,03/03/1900 08:24,101.63,21/05/1900 10:33,1.102,1.308,0.6652,1.361,,,,,5746,,
11/09/2024,2672.1,30.49,1010.7,12/11/1902 14:24,04/03/1900 08:52,101.684,21/05/1900 08:38,1.1012,1.3043,0.6674,1.3575,,,,,5809,,
12/09/2024,2711.8,31.743,1033.3,23/12/1902 14:24,05/03/1900 11:16,101.366,20/05/1900 19:40,1.1074,1.3124,0.6722,1.358,,,,,5860.25,,
13/09/2024,2740.9,32.709,1055.5,14/01/1903 19:12,04/03/1900 23:16,101.114,19/05/1900 20:24,1.1075,1.3124,0.6704,1.3585,,,,,5885,,
14/09/2024,2740.9,32.709,1055.5,14/01/1903 19:12,04/03/1900 23:16,101.114,19/05/1900 20:24,1.1075,1.3124,0.6704,1.3585,,,,,5885,,
15/09/2024,2740.9,32.709,1055.5,14/01/1903 19:12,04/03/1900 23:16,101.114,19/05/1900 20:09,1.1081,1.3126,0.6697,1.3598,,,,,5885,,
16/09/2024,2737.3,32.765,1036.1,25/01/1903 14:24,05/03/1900 20:09,100.763,19/05/1900 14:52,1.1133,1.3216,0.6752,1.3587,,,,,5893,,
17/09/2024,2721.5,32.603,1031.3,14/02/1903 12:00,06/03/1900 11:16,100.894,21/05/1900 09:50,1.1114,1.3161,0.6756,1.3598,,,,,5894.5,,
18/09/2024,2728.5,32.303,1023.2,10/01/1903 07:12,06/03/1900 09:07,100.596,21/05/1900 06:57,1.1119,1.3214,0.6764,1.3605,,,,,5877,,
19/09/2024,2744.2,33.042,1041.5,12/02/1903 04:48,06/03/1900 22:19,100.614,21/05/1900 15:07,1.1162,1.3284,0.6814,1.3559,,,,,5975,20989,
20/09/2024,2777.4,33.118,1030.3,22/01/1903 21:36,06/03/1900 20:52,100.723,22/05/1900 20:24,1.1162,1.3321,0.6807,1.3569,,,,,5962.75,20931.25,
21/09/2024,2777.4,33.118,1030.3,22/01/1903 21:36,06/03/1900 20:52,100.723,22/05/1900 20:24,1.1162,1.3321,0.6807,1.3569,,,,,5962.75,20931.25,
22/09/2024,2777.4,33.118,1030.3,22/01/1903 21:36,06/03/1900 20:52,100.723,22/05/1900 22:19,1.1163,1.3317,0.6803,1.356,,,,,5962.75,20931.25,
23/09/2024,2783.7,32.718,1013,20/12/1902 19:12,06/03/1900 17:16,100.851,22/05/1900 14:38,1.1111,1.3347,0.6838,1.3541,,,,,5977.5,20982.25,
24/09/2024,2810.1,34.071,1037.3,04/01/1903 14:24,07/03/1900 15:36,100.466,22/05/1900 05:31,1.118,1.3413,0.6892,1.3431,,,,,5992.5,21068.25,
25/09/2024,2818,33.654,1038.1,13/12/1902 21:36,06/03/1900 17:02,100.912,23/05/1900 18:00,1.1133,1.3324,0.6823,1.3485,,,,,5980.5,21088.25,
26/09/2024,2829.9,34.005,1061.6,26/12/1902 16:48,05/03/1900 17:45,100.562,23/05/1900 19:26,1.1177,1.3415,0.6896,1.3465,,,,,6013.5,21248.25,
27/09/2024,2801.6,33.471,1058.1,1063.9,65.91,100.381,142.21,1.1162,1.3374,0.6903,1.3516,,,,,5994.5,21123.25,
28/09/2024,2801.6,33.471,1058.1,1063.9,65.91,100.381,142.21,1.1162,1.3374,0.6903,1.3516,,,,,5994.5,21123.25,
29/09/2024,2801.6,33.471,1058.1,1063.9,65.91,100.381,142.36,1.116,1.3373,0.6903,1.3513,,,,,5994.5,21123.25,
30/09/2024,2794.7,33.12,1030.4,1041.2,66.16,100.779,143.63,1.1135,1.3375,0.6913,1.3525,,,,,6024,21163.25,
01/10/2024,2827,33.438,1040.7,1036.5,67.15,101.194,143.57,1.1068,1.3286,0.6883,1.349,,,,,5968.5,20876.25,
02/10/2024,2807.9,33.635,1055.2,1059.2,67.2,101.677,146.47,1.1045,1.3268,0.6885,1.3502,,,,,5969.25,20911.25,
03/10/2024,2817.7,34.2,1045.2,1041,69.47,101.989,146.93,1.1031,1.3124,0.684,1.3555,,,,,5960.25,20892.25,
04/10/2024,2813.7,34.236,1042,1039.3,69.13,102.52,148.7,1.0974,1.3122,0.6795,1.3576,,,,,6038.25,21142,
05/10/2024,2813.7,34.236,1042,1039.3,69.13,102.52,148.7,1.0974,1.3122,0.6795,1.3576,,,,,6038.25,21142,
06/10/2024,2813.7,34.236,1042,1039.3,69.13,102.52,148.71,1.0968,1.3123,0.6791,1.3573,,,,,6038.25,21142,
07/10/2024,2814.8,33.889,1029.9,1067.4,71.04,102.537,148.18,1.0976,1.3083,0.6757,1.362,,,,,5984,20909.5,
08/10/2024,2782.6,32.421,1009.1,1047.4,69.33,102.549,148.2,1.098,1.3104,0.6744,1.3647,,,,,6040.5,21215.75,
09/10/2024,2774.2,32.503,1005.7,1086.8,68.7,102.928,149.31,1.0939,1.3071,0.6718,1.3711,,,,,6087.25,21384.5,
10/10/2024,2789.2,33.1,1022.6,1116.5,70.01,102.988,148.57,1.0934,1.3059,0.6739,1.3742,,,,,6074.75,21350,
11/10/2024,2825.8,33.626,1041.1,1115.8,70.04,102.89,149.13,1.0937,1.3067,0.675,1.3762,,,,,6105.75,21371,
12/10/2024,2825.8,33.626,1041.1,1115.8,70.04,102.89,149.13,1.0937,1.3067,0.675,1.3762,,,,,6105.75,21371,
13/10/2024,2825.8,33.626,1041.1,1115.8,70.04,102.89,149.06,1.0932,1.3066,0.6739,1.3757,,,,,6105.75,21371,
14/10/2024,2816.2,33.188,1050.1,1080.2,69.34,103.298,149.76,1.0909,1.3059,0.6726,1.3796,,,,,6159.25,21562.75,
15/10/2024,2829,33.639,1043.2,1059.3,67.02,103.261,149.2,1.0893,1.3074,0.6703,1.3775,,,,,6110,21280,
16/10/2024,2842.2,33.877,1049.6,1072.7,66.61,103.59,149.64,1.0862,1.299,0.6667,1.3751,,,,,6134,21272,
17/10/2024,2858.7,33.68,1053.6,1088.2,66.91,103.825,150.21,1.0831,1.3011,0.6696,1.3795,,,,,6136.5,21292,
18/10/2024,2882.9,35.181,1071.2,1127.7,66.09,103.493,149.53,1.0867,1.3052,0.6706,1.3799,,,,,6155.5,21408,
19/10/2024,2882.9,35.181,1071.2,1127.7,66.09,103.493,149.53,1.0867,1.3052,0.6706,1.3799,,,,,6155.5,21408,
20/10/2024,2882.9,35.181,1071.2,1127.7,66.09,103.493,149.48,1.0862,1.3046,0.6705,1.3803,,,,,6155.5,21408,
21/10/2024,2893.7,36.102,1064,1098.5,66.95,104.012,150.84,1.0815,1.2985,0.6659,1.3831,,,,,6155,21472.25,
22/10/2024,2915.8,37.124,1087.3,1124.4,68.16,104.075,151.08,1.0799,1.2984,0.6682,1.3818,,,,,6151.25,21494.75,
23/10/2024,2886.4,35.882,1076.5,1107.8,67.36,104.431,152.76,1.0782,1.2921,0.6634,1.3836,,,,,6096,21172,
24/10/2024,2905.7,35.859,1080.8,1204.9,67.15,104.058,151.83,1.0828,1.2975,0.664,1.3855,,,,,6107.25,21332,
25/10/2024,2911.3,35.844,1082.5,1244.7,68.22,104.257,152.31,1.0796,1.2962,0.6608,1.3892,,,,,6104.25,21450.75,
26/10/2024,2911.3,35.844,1082.5,1244.7,68.22,104.257,152.31,1.0796,1.2962,0.6608,1.3892,,,,,6104.25,21450.75,
27/10/2024,2911.3,35.844,1082.5,1244.7,68.22,104.257,153.24,1.0795,1.2974,0.6614,1.3888,,,,,6104.25,21450.75,
28/10/2024,2914.9,36.089,1092.5,1267.3,65,104.316,153.29,1.0812,1.2972,0.6583,1.389,,,,,6121.75,21451.25,
29/10/2024,2939.8,36.565,1104.8,1270.7,64.88,104.316,153.36,1.0819,1.3015,0.6561,1.3915,,,,,6131.25,21651,
30/10/2024,2963,36.183,1068.6,1196.9,65.94,103.994,153.42,1.0856,1.2962,0.6572,1.3904,,,,,6117.25,21489,
31/10/2024,2911.7,34.855,1047,1154.7,66.19,103.976,152.03,1.0884,1.2899,0.6582,1.3934,,,,,6000.75,20971,
01/11/2024,2910.6,34.759,1049.6,1152.8,66.5,104.282,153.01,1.0834,1.2924,0.6559,1.3949,,,,,6015.25,21102.25,
02/11/2024,2910.6,34.759,1049.6,1152.8,66.5,104.282,153.01,1.0834,1.2924,0.6559,1.3949,,,,,6015.25,21102.25,
03/11/2024,2910.6,34.759,1049.6,1152.8,66.5,104.282,152.29,1.088,1.2971,0.6612,1.3923,,,,,6015.25,21102.25,
04/11/2024,2908.5,34.669,1037.1,1116,67.53,103.885,152.13,1.0878,1.2957,0.6585,1.3902,,,,,6000.25,21034.5,
05/11/2024,2915,34.84,1053.1,1122.4,67.74,103.423,151.62,1.093,1.3042,0.6638,1.3824,,,,,6070.25,21292,
06/11/2024,2840.3,33.346,1039.5,1083.4,67.7,105.088,154.63,1.0729,1.2879,0.6569,1.3939,,,,,6228,21848.25,
07/11/2024,2870.2,33.905,1046.1,1065,68.35,104.508,152.94,1.0805,1.2987,0.6679,1.3861,,,,,6281.5,22185.25,
08/11/2024,2859,33.483,1022.3,1036.2,67.37,104.997,152.64,1.0718,1.2921,0.6583,1.3912,,,,,6310.5,22216.5,
09/11/2024,2859,33.483,1022.3,1036.2,67.37,104.997,152.64,1.0718,1.2921,0.6583,1.3912,,,,,6310.5,22216.5,
10/11/2024,2859,33.483,1022.3,1036.2,67.37,104.997,152.75,1.0711,1.2917,0.6586,1.3914,,,,,6310.5,22216.5,
11/11/2024,2779.9,32.619,1013,1026.9,65.95,105.543,153.72,1.0655,1.2868,0.6575,1.3925,,,,,6318.25,22203.5,
12/11/2024,2768.3,32.77,991.5,986.4,65.85,106.024,154.61,1.0623,1.2748,0.6533,1.3944,,,,,6305.75,22177.25,
13/11/2024,2745.9,32.663,986.9,977.5,65.85,106.481,155.46,1.0564,1.2708,0.6485,1.3997,,,,,6308.75,22147.25,
14/11/2024,2731.5,32.563,987.1,971,65.88,106.673,156.27,1.053,1.2666,0.6454,1.406,,,,,6273.75,22002.5,
15/11/2024,2728.7,32.412,987.8,987,64.73,106.687,154.3,1.054,1.2618,0.6462,1.409,,,,,6191.75,21492.25,
16/11/2024,2728.7,32.412,987.8,987,64.73,106.687,154.3,1.054,1.2618,0.6462,1.409,,,,,6191.75,21492.25,
17/11/2024,2728.7,32.412,987.8,987,64.73,106.687,154.37,1.0531,1.2622,0.6462,1.4091,,,,,6191.75,21492.25,
18/11/2024,2775.5,33.237,1017,1050.1,66.6,106.275,154.66,1.0598,1.2678,0.6508,1.4015,,,,,6209,21631.5,
19/11/2024,2791.7,33.28,1022.2,1079.4,66.8,106.206,154.66,1.0596,1.2682,0.6532,1.3956,,,,,6221.75,21762.75,
20/11/2024,2814.5,33.027,1010,1066.9,66.41,106.68,155.44,1.0544,1.2652,0.6506,1.3975,,,,,6225,21743.5,
21/11/2024,2839.1,32.957,1014.2,1084.5,66.97,106.972,154.54,1.0474,1.2589,0.6511,1.3974,,,,,6261.5,21823,
22/11/2024,2880.2,33.358,1018.9,1059.4,67.64,107.554,154.78,1.0418,1.253,0.6501,1.3978,,,,,6287.5,21847.5,
23/11/2024,2880.2,33.358,1018.9,1059.4,67.64,107.554,154.78,1.0418,1.253,0.6501,1.3978,,,,,6287.5,21847.5,
24/11/2024,2880.2,33.358,1018.9,1059.4,67.64,107.554,154.14,1.0483,1.2594,0.654,1.3952,,,,,6287.5,21847.5,
25/11/2024,2782.3,32.25,989.5,1023.1,66.01,106.817,154.23,1.0495,1.2568,0.6504,1.3987,,,,,6306.25,21877.75,
26/11/2024,2786,32.411,974.2,1029.6,66.1,107.013,153.08,1.0489,1.2569,0.6475,1.4054,,,,,6337.75,21994,
27/11/2024,2802.7,32.137,976.5,1020.5,65.88,106.084,151.09,1.0566,1.268,0.6497,1.403,,,,,6314,21809,
28/11/2024,2802.7,32.137,976.5,1020.5,65.88,106.048,151.55,1.0552,1.2687,0.6499,1.4014,,,,,6314,21809,
29/11/2024,2819.3,32.681,998.6,1028.5,65.41,105.737,149.77,1.0577,1.2735,0.6512,1.4006,,,,,6351.25,22000,
30/11/2024,2819.3,32.681,998.6,1028.5,65.41,105.737,149.77,1.0577,1.2735,0.6512,1.4006,,,,,6351.25,22000,
01/12/2024,2819.3,32.681,998.6,1028.5,65.41,105.737,149.64,1.0571,1.2729,0.6512,1.3992,,,,,6351.25,22000,
02/12/2024,2797.2,32.421,993.5,1022.7,65.51,106.446,149.6,1.0498,1.2655,0.6475,1.4047,,,,,6362,22246.75,
03/12/2024,2805.7,33.051,998.4,1014.1,66.75,106.365,149.6,1.0509,1.2673,0.6486,1.4069,,,,,6364.75,22311.25,
04/12/2024,2812.8,33.419,992.5,1019.8,65.61,106.321,150.59,1.0511,1.2701,0.643,1.4073,,,,,6400.25,22566.25,
05/12/2024,2783.9,33.063,981.1,1001.4,65.45,105.714,150.1,1.0586,1.2759,0.6453,1.4023,,,,,6390.25,22505.25,
06/12/2024,2794.9,33.099,974.1,991.4,65.05,106.055,150,1.0568,1.2744,0.6391,1.4157,,,,,6399.5,22689.25,
07/12/2024,2794.9,33.099,974.1,991.4,65.05,106.055,150,1.0568,1.2744,0.6391,1.4157,,,,,6399.5,22689.25,
08/12/2024,2794.9,33.099,974.1,991.4,65.05,106.055,149.99,1.056,1.2736,0.6391,1.4155,,,,,6399.5,22689.25,
09/12/2024,2825.5,34.125,994.8,1022.3,65.97,106.145,151.21,1.0554,1.275,0.644,1.4171,,,,,6365.75,22517.25,
10/12/2024,2858,34.239,991.4,1008.1,66.02,106.399,151.95,1.0527,1.2771,0.6377,1.4181,,,,,6337.75,22437.25,
11/12/2024,2893.6,34.431,991.8,1036.2,66.79,106.71,152.45,1.0496,1.2751,0.6369,1.4159,,,,,6384,22827,
12/12/2024,2850.2,33.092,983.7,1015.7,66.86,106.956,152.63,1.0468,1.2673,0.6369,1.422,,,,,6351.5,22683,
13/12/2024,2817.7,32.549,968.8,986.9,67.46,107.003,153.65,1.0501,1.2619,0.6362,1.4234,,,,,6349,22843,
14/12/2024,2817.7,32.549,968.8,986.9,67.46,107.003,153.65,1.0501,1.2619,0.6362,1.4234,,,,,6349,22843,
15/12/2024,2817.7,32.549,968.8,986.9,67.46,107.003,153.64,1.0489,1.2619,0.6353,1.4232,,,,,6349,22843,
16/12/2024,2812.3,32.593,983.5,978.3,67.05,106.858,154.15,1.0512,1.2683,0.6371,1.4242,,,,,6382.75,23176.5,
17/12/2024,2805.3,32.473,985.4,966.1,66.47,106.956,153.46,1.0491,1.271,0.6337,1.431,,,,,6359.25,23086.25,
18/12/2024,2799.3,32.321,976,956.3,66.41,108.027,154.8,1.0353,1.2574,0.6218,1.4447,,,,,6167.25,22273.5,
19/12/2024,2757.6,30.97,965.8,934.5,65.71,108.408,157.44,1.0363,1.2502,0.6239,1.4398,,,,,6159.25,22145.25,2334.5
20/12/2024,2793.6,31.5,974.1,946.5,65.81,107.621,156.31,1.043,1.257,0.6251,1.4359,,,,,6234.25,22338.25,2354.2
21/12/2024,2793.6,31.5,974.1,946.5,65.81,107.621,156.31,1.043,1.257,0.6251,1.4359,,,,,6234.25,22338.25,2354.2
22/12/2024,2793.6,31.5,974.1,946.5,65.81,107.621,156.38,1.0432,1.2568,0.6257,1.4366,,,,,6234.25,22338.25,2354.2
23/12/2024,2778.2,31.752,984.6,957.3,65.76,108.037,157.17,1.0405,1.2536,0.6249,1.4371,,,,,6269,22526.25,2348.6
24/12/2024,2788.1,31.846,994.8,980.6,66.33,108.257,157.19,1.0399,1.2539,0.6237,1.4357,,,,,6331,22801.25,2358.4
25/12/2024,2788.1,31.846,994.8,980.6,66.33,108.257,157.33,1.0407,1.2561,0.6239,1.4379,,,,,6331,22801.25,2358.4
26/12/2024,2809.1,31.988,993.9,951.7,66.02,108.129,157.99,1.0422,1.2525,0.6221,1.4408,,,,,6328,22783.25,2381.3
27/12/2024,2789.6,31.603,968.2,941.5,66.49,107.998,157.87,1.0426,1.2578,0.6217,1.4412,,,,,6253.25,22567,2343.4
28/12/2024,2789.6,31.603,968.2,941.5,66.49,107.998,157.87,1.0426,1.2578,0.6217,1.4412,,,,,6253.25,22567,2343.4
29/12/2024,2789.6,31.603,968.2,941.5,66.49,107.998,157.76,1.0424,1.258,0.6217,1.4416,,,,,6253.25,22567,2343.4
30/12/2024,2780.4,31.09,953.8,932.4,66.78,108.13,156.84,1.0407,1.255,0.6221,1.4355,,,,,6179.75,22271,2327.4
31/12/2024,2809.7,30.965,945.5,941.7,67.36,108.487,157.2,1.0354,1.2516,0.6188,1.4384,,,,,6154.5,22084,2328.6
01/01/2025,2809.7,30.965,945.5,941.7,67.36,108.487,157.24,1.0356,1.2517,0.6187,1.4388,,,,,6154.5,22084,2328.6
02/01/2025,2832.5,31.56,951.2,943.7,68.03,109.394,157.5,1.0265,1.238,0.6203,1.4403,,,,,6133,22023,2329
03/01/2025,2813.6,31.698,975.5,953.5,68.39,108.952,157.26,1.0308,1.2423,0.6216,1.4447,,,,,6211.5,22378.5,2366.7
04/01/2025,2813.6,31.698,975.5,953.5,68.39,108.952,157.26,1.0308,1.2423,0.6216,1.4447,,,,,6211.5,22378.5,2366.7
05/01/2025,2813.6,31.698,975.5,953.5,68.39,108.952,157.23,1.0306,1.2423,0.6214,1.4447,,,,,6211.5,22378.5,2366.7
06/01/2025,2804.9,32.16,971.8,947.6,68.48,108.257,157.62,1.039,1.252,0.6246,1.4332,,,,,6243,22646,2364
07/01/2025,2824.1,32.382,1005.1,961.1,68.74,108.542,158.05,1.034,1.2477,0.623,1.437,,,,,6172.5,22261,2345.5
08/01/2025,2833.3,32.381,1013.9,961.2,68.17,109.09,158.35,1.0318,1.2363,0.6216,1.4376,,,,,6176.5,22260,2335
09/01/2025,2851.7,32.691,1013.9,963.7,68.41,109.179,158.14,1.03,1.2308,0.6196,1.4395,,,,,6176.5,22260,2335
10/01/2025,2876.7,32.983,1023.7,1000.3,69.19,109.65,157.73,1.0244,1.2207,0.6147,1.4423,,,,,6088.25,21914.75,2283.6
11/01/2025,2876.7,32.983,1023.7,1000.3,69.19,109.65,157.73,1.0244,1.2207,0.6147,1.4423,,,,,6088.25,21914.75,2283.6
12/01/2025,2876.7,32.983,1023.7,1000.3,69.19,109.65,157.76,1.0241,1.221,0.6149,1.4426,,,,,6088.25,21914.75,2283.6
13/01/2025,2837.1,31.93,1002.8,972.5,68.74,109.956,157.48,1.0245,1.2202,0.6177,1.4379,,,,,6096.75,21846.25,2287.6
14/01/2025,2843.8,32.001,983.1,977,69.07,109.273,157.96,1.0308,1.2215,0.6195,1.4349,,,,,6104,21818,2313.2
15/01/2025,2879.6,33.14,981.5,1003,69.69,109.09,156.47,1.0289,1.2242,0.6227,1.4341,,,,,6212,22301.75,2358.6
16/01/2025,2914.8,33.369,984.5,987.8,69.03,108.957,155.16,1.0301,1.2239,0.6213,1.4395,,,,,6198.5,22150.25,2362.8
17/01/2025,2913.2,32.819,998.6,997.6,68.86,109.347,156.3,1.0273,1.2169,0.6193,1.4477,,,,,6257.5,22495.5,2371.8
18/01/2025,2913.2,32.819,998.6,997.6,68.86,109.347,156.3,1.0273,1.2169,0.6193,1.4477,,,,,6257.5,22495.5,2371.8
19/01/2025,2913.2,32.819,998.6,997.6,68.86,109.347,156.25,1.0285,1.2177,0.6199,1.4467,,,,,6257.5,22495.5,2371.8
20/01/2025,2913.2,32.819,998.6,997.6,68.86,109.347,155.62,1.0416,1.2328,0.6275,1.431,,,,,6257.5,22495.5,2371.8
21/01/2025,2925.2,33.225,1005.3,1006.4,68.75,108.062,155.52,1.0428,1.235,0.6274,1.4322,,,,,6308.75,22611.25,2414.5
22/01/2025,2937.7,33.153,1005.4,1034.9,68.87,108.167,156.53,1.0409,1.2316,0.6274,1.4379,,,,,6352.25,22911,2399.8
23/01/2025,2932.2,32.558,1003.6,1048.5,68.7,108.047,156.05,1.0415,1.2353,0.6285,1.4383,,,,,6384,22948.25,2410.2
24/01/2025,2948,32.888,1003.9,1040.3,68.44,107.443,156,1.0497,1.2484,0.6314,1.4341,,,,,6365,22820.75,2403.6
25/01/2025,2948,32.888,1003.9,1040.3,68.44,107.443,156,1.0497,1.2484,0.6314,1.4341,,,,,6365,22820.75,2403.6
26/01/2025,2948,32.888,1003.9,1040.3,68.44,107.443,155.74,1.0481,1.2471,0.6304,1.4366,,,,,6365,22820.75,2403.6
27/01/2025,2908.5,32.145,993.5,1005.5,67.41,107.341,154.51,1.0492,1.2499,0.6293,1.4374,,,,,6272.75,22162,2377.3
28/01/2025,2942.4,32.583,993.5,997.2,67.26,107.866,155.54,1.043,1.2443,0.6253,1.4399,,,,,6322,22485.25,2382.6
29/01/2025,2936.1,33.091,1008.9,1010.3,66.75,108,155.22,1.0421,1.2452,0.6231,1.4419,,,,,6293.25,22428.5,2377.2
30/01/2025,2987.5,34.179,1056.2,1043.9,66.96,107.797,154.29,1.0391,1.2419,0.6209,1.4486,,,,,6320.75,22530.5,2401.6
31/01/2025,2975.6,33.924,1069,1105.9,66.77,108.37,155.19,1.0362,1.2395,0.6218,1.4541,,,,,6292,22496.5,2381.2
01/02/2025,2975.6,33.924,1069,1105.9,66.77,108.37,155.19,1.0362,1.2395,0.6218,1.4541,,,,,6292,22496.5,2381.2
02/02/2025,2975.6,33.924,1069,1105.9,66.77,108.37,154.8,1.0236,1.2292,0.6155,1.4738,,,,,6292,22496.5,2381.2
03/02/2025,2995,34.072,1031.7,1080.1,66.74,108.99,154.73,1.0344,1.245,0.6227,1.4428,,,,,6246,22310.25,2350.2
04/02/2025,3015.7,34.617,1037.5,1051.7,67.29,107.96,154.34,1.0379,1.248,0.6254,1.4323,,,,,6282,22578.75,2383
05/02/2025,3034.1,34.538,1050.3,1056.9,66.33,107.579,152.61,1.0403,1.2505,0.6285,1.431,,,,,6306.25,22673,2408.9
06/02/2025,3021.4,34.217,1047.6,1034.8,66.49,107.689,151.41,1.0383,1.2435,0.6283,1.4308,,,,,6332,22781.75,2398.9
07/02/2025,3036.9,34.165,1045.7,1024.3,66.82,108.04,151.41,1.0328,1.2402,0.6274,1.4293,,,,,6275.5,22500,2371.1
08/02/2025,3036.9,34.165,1045.7,1024.3,66.82,108.04,151.41,1.0328,1.2402,0.6274,1.4293,,,,,6275.5,22500,2371.1
09/02/2025,3036.9,34.165,1045.7,1024.3,66.82,108.04,151.24,1.029,1.2376,0.6238,1.4362,,,,,6275.5,22500,2371.1
10/02/2025,3086.3,34.254,1056.5,1043.9,67.62,108.319,152,1.0307,1.2368,0.6277,1.4316,,,,,6314.75,22758,2378.9
11/02/2025,3087.9,34.115,1062.3,1034,68.65,107.963,152.49,1.0361,1.2446,0.6295,1.4287,,,,,6318,22697.5,2365.9
12/02/2025,3084.5,34.622,1073.7,1028.8,67.42,107.938,154.42,1.0383,1.2446,0.628,1.4306,,,,,6305.25,22715.75,2345.5
13/02/2025,3099.2,34.59,1069,1060.1,67.3,107.313,152.8,1.0465,1.2566,0.6317,1.4193,,,,,6365.75,23025.75,2372.2
14/02/2025,3051.4,34.714,1045.9,1047.7,67.29,106.71,152.31,1.0492,1.2586,0.6352,1.4182,,,,,6358.75,23111.5,2369.5
15/02/2025,3051.4,34.714,1045.9,1047.7,67.29,106.71,152.31,1.0492,1.2586,0.6352,1.4182,,,,,6358.75,23111.5,2369.5
16/02/2025,3051.4,34.714,1045.9,1047.7,67.29,106.71,152.26,1.0488,1.2592,0.6347,1.417,,,,,6358.75,23111.5,2369.5
17/02/2025,3051.4,34.714,1045.9,1047.7,67.29,106.575,151.51,1.0484,1.2625,0.6356,1.4184,,,,,6358.75,23111.5,2369.5
18/02/2025,3099.8,35.219,1033.6,1048,67.75,107.054,152.06,1.0446,1.2613,0.6353,1.4196,,,,,6373.25,23147,2379.2
19/02/2025,3082.8,34.826,1016.1,1024.2,68.01,107.173,151.47,1.0423,1.2586,0.6344,1.4234,,,,,6395.25,23165.75,2372.1
20/02/2025,3103.3,35.276,1026,1040.2,68.41,106.372,149.64,1.0501,1.2669,0.64,1.4175,,,,,6366.25,23055,2349.9
21/02/2025,3099.6,34.818,1018.8,1021,66.83,106.612,149.27,1.0458,1.2632,0.6357,1.4224,,,,,6253.25,22586.25,2280.6
22/02/2025,3099.6,34.818,1018.8,1021,66.83,106.612,149.27,1.0458,1.2632,0.6357,1.4224,,,,,6253.25,22586.25,2280.6
23/02/2025,3099.6,34.818,1018.8,1021,66.83,106.612,149.25,1.0478,1.2639,0.6366,1.4224,,,,,6253.25,22586.25,2280.6
24/02/2025,3111.5,34.403,1004,973.9,66.9,106.596,149.72,1.0468,1.2625,0.635,1.426,,,,,6220.5,22328,2262.7
25/02/2025,3066.5,33.607,1001.1,954.3,65.44,106.308,149.03,1.0514,1.2666,0.6344,1.4313,,,,,6186.75,22054.25,2253.6
26/02/2025,3078.9,34.063,1009.8,954.2,64.89,106.416,149.1,1.0485,1.2676,0.6305,1.4338,,,,,6182.5,22091.75,2256.4
27/02/2025,3043.9,33.583,994.2,940.8,65.86,107.244,149.81,1.0398,1.2601,0.6236,1.4437,,,,,6087.25,21500.25,2221.1
28/02/2025,2995,32.964,972,938.1,65.23,107.614,150.63,1.0375,1.2577,0.6209,1.4461,,,,,6172.75,21809.5,2243.5
01/03/2025,2995,32.964,972,938.1,65.23,107.614,150.63,1.0375,1.2577,0.6209,1.4461,,,,,6172.75,21809.5,2243.5
02/03/2025,2995,32.964,972,938.1,65.23,107.614,150.72,1.0405,1.2587,0.6216,1.4449,,,,,6172.75,21809.5,2243.5
03/03/2025,3049.2,33.744,1004.9,983.3,64.6,106.747,149.5,1.0487,1.2701,0.6225,1.4482,,,,,6065.5,21353.75,2180.3
04/03/2025,3068.3,33.784,1005.6,978.2,64.35,105.743,149.79,1.0626,1.2795,0.6272,1.4395,,,,,5988.75,21280,2158.7
05/03/2025,3073.2,34.531,1008.3,971.8,63.05,104.276,148.88,1.0789,1.2895,0.6335,1.4339,,,,,6051,21548.5,2181.4
06/03/2025,3074,34.731,1013.5,973.7,62.93,104.062,147.98,1.0785,1.2882,0.6333,1.4296,,,,,5939.75,20960.75,2143.9
07/03/2025,3060.2,34.195,1001.7,977,63.63,103.838,148.04,1.0833,1.292,0.6305,1.4372,,,,,5966,21100.75,2153.4
08/03/2025,3060.2,34.195,1001.7,977,63.63,103.838,148.04,1.0833,1.292,0.6305,1.4372,,,,,5966,21100.75,2153.4
09/03/2025,3060.2,34.195,1001.7,977,63.63,103.838,147.99,1.0836,1.292,0.6313,1.4371,,,,,5966,21100.75,2153.4
10/03/2025,3043.5,33.879,1001.4,970.7,62.52,103.9,147.27,1.0834,1.2879,0.6278,1.444,,,,,5801.25,20305,2094.6
11/03/2025,3066,34.45,1013.9,971.7,62.66,103.419,147.78,1.0919,1.2951,0.6298,1.4435,,,,,5763.5,20253.25,2099.3
12/03/2025,3090.9,35.053,1029.8,976.3,63.9,103.612,148.25,1.0888,1.2963,0.6321,1.437,,,,,5794.25,20414.5,2101.2
13/03/2025,3136.4,35.625,1039.3,985.3,63.09,103.828,147.81,1.0852,1.2952,0.6285,1.4439,,,,,5712,20042.5,2066.6
14/03/2025,3145.6,35.766,1044.4,995.6,63.58,103.718,148.64,1.0879,1.2935,0.6324,1.4366,,,,,5829,20512.5,2118.7
15/03/2025,3145.6,35.766,1044.4,995.6,63.58,103.718,148.64,1.0879,1.2935,0.6324,1.4366,,,,,5829,20512.5,2118.7
16/03/2025,3145.6,35.766,1044.4,995.6,63.58,103.718,148.77,1.0881,1.2927,0.6324,1.4379,,,,,5829,20512.5,2118.7
17/03/2025,3150.7,35.648,1056.9,997.8,64.06,103.37,149.21,1.0922,1.2992,0.6384,1.4288,,,,,5875.5,20673.5,2143.5
18/03/2025,3188.7,36.149,1055.1,1000.2,63.76,103.244,149.27,1.0945,1.3001,0.6361,1.4298,,,,,5809.75,20332.5,2123.9
19/03/2025,3189.6,35.548,1041.6,983.9,63.83,103.428,148.69,1.0903,1.3003,0.6357,1.4326,,,,,5874.25,20582.25,2156.5
20/03/2025,3191,35.316,1025.7,972.4,64.63,103.851,148.78,1.0851,1.2967,0.6303,1.4325,,,,,5855.5,20512.75,2143
21/03/2025,3164.3,34.757,1014.5,984,64.62,104.088,149.32,1.0818,1.2919,0.6273,1.4349,,,,,5860.5,20592.75,2130.7
22/03/2025,3164.3,34.757,1014.5,984,64.62,104.088,149.32,1.0818,1.2919,0.6273,1.4349,,,,,5860.5,20592.75,2130.7
23/03/2025,3164.3,34.757,1014.5,984,64.62,104.088,149.36,1.0815,1.2899,0.627,1.4354,,,,,5860.5,20592.75,2130.7
24/03/2025,3159,34.741,1002.9,978.8,65.12,104.262,150.7,1.0801,1.2923,0.6286,1.4318,,,,,5962.75,21009.25,2185.1
25/03/2025,3170.4,35.485,1014.4,984.5,65.13,104.184,149.91,1.0791,1.2944,0.6303,1.4279,,,,,5973.75,21123.5,2169.8
26/03/2025,3167,35.517,1011.7,996.4,65.54,104.547,150.57,1.0754,1.2888,0.6299,1.4267,,,,,5899.75,20751,2147.3
27/03/2025,3206.2,36.412,1026,1007,65.85,104.335,151.05,1.0801,1.2949,0.6305,1.4305,,,,,5879.5,20623,2138.9
28/03/2025,3230.4,36.13,1022.9,1006.7,65.1,104.044,149.84,1.0828,1.294,0.6287,1.4313,,,,,5753.75,20077,2094.4
29/03/2025,3230.4,36.13,1022.9,1006.7,65.1,104.044,149.84,1.0828,1.294,0.6287,1.4313,,,,,5753.75,20077,2094.4
30/03/2025,3230.4,36.13,1022.9,1006.7,65.1,104.044,149.79,1.0826,1.2941,0.6288,1.431,,,,,5753.75,20077,2094.4
31/03/2025,3267.5,35.973,1053.2,1022.4,66.4,104.21,149.96,1.0816,1.2918,0.6247,1.4387,,,,,5788.5,20063.5,2082.8
01/04/2025,3263,35.759,1034,1022.2,66.53,104.26,149.61,1.0793,1.2923,0.6278,1.4303,,,,,5808,20177,2074
02/04/2025,3285,36.061,1025.6,1007,66.74,103.807,149.28,1.0853,1.3007,0.6299,1.4241,,,,,5850,20338,2108.4
03/04/2025,3239,33.298,986.2,955.4,63.07,102.072,146.06,1.1052,1.31,0.6329,1.4097,,,,,5554,19242,1969.5
04/04/2025,3148,30.477,944.9,935.1,59.5,103.023,146.93,1.0956,1.2887,0.604,1.4219,,,,,5224,18090,1883.2
05/04/2025,3148,30.477,944.9,935.1,59.5,103.023,146.93,1.0956,1.2887,0.604,1.4219,,,,,5224,18090,1883.2
06/04/2025,3148,30.477,944.9,935.1,59.5,103.023,145.51,1.0893,1.2844,0.6003,1.4264,,,,,5224,18090,1883.2
07/04/2025,3085.9,30.877,934.3,918.1,59.22,103.256,147.84,1.0912,1.2724,0.5984,1.4248,,,,,5211.5,18116,1864.4
08/04/2025,3105.2,30.94,939.3,918.2,57.66,102.955,146.27,1.0958,1.2765,0.596,1.4264,,,,,5134.5,17776,1812.2
09/04/2025,3200.4,31.701,948.1,918.5,59.51,102.9,147.76,1.0949,1.282,0.6153,1.4082,,,,,5613.25,19858.75,1971.5
10/04/2025,3300.9,32.056,962.5,927.7,58.17,100.867,144.45,1.1201,1.297,0.6224,1.3983,,,,,5424,19036.25,1887.2
11/04/2025,3373.9,33.274,973,935.9,58.72,100.102,143.54,1.1355,1.3087,0.6289,1.3876,,,,,5515.5,19364.25,1914.7
12/04/2025,3373.9,33.274,973,935.9,58.72,100.102,143.54,1.1355,1.3087,0.6289,1.3876,,,,,5515.5,19364.25,1914.7
13/04/2025,3373.9,33.274,973,935.9,58.72,100.102,143.94,1.1319,1.3093,0.6305,1.386,,,,,5515.5,19364.25,1914.7
14/04/2025,3352.8,33.534,984.5,986.1,59.24,99.64001,143.06,1.1351,1.319,0.6328,1.3874,,,,,5566.5,19495.5,1937.2
15/04/2025,3367.6,33.648,995,1007.5,58.74,100.215,143.21,1.1282,1.3231,0.6345,1.3956,,,,,5554.25,19518.5,1938.4
16/04/2025,3478,34.352,1005.9,1008.1,59.32,99.38,141.88,1.1399,1.3244,0.6371,1.3859,,,,,5429.25,18937,1918.4
17/04/2025,3459.4,33.85,1005.2,989.7,61.06,99.37601,142.43,1.1365,1.3266,0.639,1.3841,,,,,5439,18934.5,1936
18/04/2025,3459.4,33.85,1005.2,989.7,61.06,99.23,142.18,1.1393,1.3296,0.6377,1.3847,,,,,5439,18934.5,1936
19/04/2025,3459.4,33.85,1005.2,989.7,61.06,99.23,142.18,1.1393,1.3296,0.6377,1.3847,,,,,5439,18934.5,1936
20/04/2025,3459.4,33.85,1005.2,989.7,61.06,99.23,142.13,1.1396,1.3279,0.6373,1.385,,,,,5439,18934.5,1936
21/04/2025,3558.2,33.899,996.5,959.9,59.52,98.27801,140.86,1.1515,1.3379,0.6415,1.3843,,,,,5306.5,18467.75,1894
22/04/2025,3553.3,34.302,992,963.6,60.6,98.91801,141.57,1.1421,1.3332,0.6367,1.3815,,,,,5439.75,18932,1944.8
23/04/2025,3425.9,34.946,1006.3,972.7,59.74,99.844,143.45,1.1316,1.3254,0.636,1.3882,,,,,5529.25,19355.5,1975.5
24/04/2025,3482.5,34.917,1006.8,982.9,60.31,99.37701,142.63,1.139,1.3342,0.6408,1.3853,,,,,5643,19879.75,2013.8
25/04/2025,3430.6,34.422,998.7,966,60.53,99.47101,143.67,1.1365,1.3315,0.6395,1.3863,,,,,5683.25,20092.75,2013.6
26/04/2025,3430.6,34.422,998.7,966,60.53,99.47101,143.67,1.1365,1.3315,0.6395,1.3863,,,,,5683.25,20092.75,2013.6
27/04/2025,3430.6,34.422,998.7,966,60.53,99.47101,143.62,1.1366,1.3308,0.6391,1.3867,,,,,5683.25,20092.75,2013.6
28/04/2025,3480.7,34.423,1020.2,980.2,59.91,99.01,142.01,1.142,1.3441,0.6431,1.383,,,,,5686.25,20085.75,2021.8
29/04/2025,3466,34.687,1011,966.4,58.95,99.23701,142.33,1.1387,1.3409,0.6384,1.3833,,,,,5717.5,20199.75,2025.6
30/04/2025,3449.2,33.919,995.1,963.4,56.81,99.468,143.07,1.1328,1.3329,0.6402,1.3799,,,,,5719.25,20210,2013.1
01/05/2025,3350.4,33.523,992.5,972.8,57.71,100.248,145.39,1.129,1.3278,0.6383,1.3854,,,,,5754,20434,2024.8
02/05/2025,3372.5,33.324,992.4,979.9,57.34,100.03,144.96,1.1297,1.3272,0.6434,1.3812,,,,,5848,20765.25,2070.9
03/05/2025,3372.5,33.324,992.4,979.9,57.34,100.03,144.96,1.1297,1.3272,0.6434,1.3812,,,,,5848,20765.25,2070.9
04/05/2025,3372.5,33.324,992.4,979.9,57.34,100.03,144.7,1.1306,1.3263,0.6455,1.3798,,,,,5848,20765.25,2070.9
05/05/2025,3454.6,33.559,989.1,971.6,56.69,99.831,143.7,1.1315,1.3296,0.6469,1.3825,,,,,5811,20625.5,2053.2
06/05/2025,3557.6,34.485,1017.6,1009.3,58.32,99.23801,142.45,1.137,1.3369,0.6495,1.3778,,,,,5762.25,20443.5,2031.8
07/05/2025,3527.6,33.916,1008.6,1011.1,57.35,99.61401,143.83,1.1301,1.3292,0.6424,1.3839,,,,,5789.25,20529,2038.5
08/05/2025,3439.6,33.744,1004.2,1009.7,58.64,100.64,145.91,1.1228,1.3246,0.64,1.3924,,,,,5823,20720.25,2075.5
09/05/2025,3477.8,34.041,1025.5,1008.4,59.24,100.339,145.37,1.125,1.3306,0.6414,1.3935,,,,,5818.75,20709.25,2071.7
10/05/2025,3477.8,34.041,1025.5,1008.4,59.24,100.339,145.37,1.125,1.3306,0.6414,1.3935,,,,,5818.75,20709.25,2071.7
11/05/2025,3477.8,34.041,1025.5,1008.4,59.24,100.339,146.25,1.1195,1.3264,0.6423,1.39,,,,,5818.75,20709.25,2071.7
12/05/2025,3360.6,33.751,1001.7,968.8,60.34,101.788,148.46,1.1087,1.3176,0.6372,1.3975,,,,,6017,21535.75,2146.6
13/05/2025,3382,34.233,1016.7,982.6,61.52,101.003,147.48,1.1185,1.3306,0.6471,1.3936,,,,,6057.25,21870.5,2159.8
14/05/2025,3320.2,33.565,1006.8,978,61.02,101.039,146.75,1.1175,1.3263,0.6428,1.3983,,,,,6062.5,22002.75,2140.8
15/05/2025,3357.3,33.775,1019.8,990.9,59.93,100.879,145.67,1.1187,1.3305,0.6406,1.3959,,,,,6090.5,22015.5,2149.8
16/05/2025,3316.8,33.451,1015.7,984.7,60.25,101.092,145.7,1.1163,1.3283,0.6406,1.3969,,,,,6135,22126.5,2170
17/05/2025,3316.8,33.451,1015.7,984.7,60.25,101.092,145.7,1.1163,1.3283,0.6406,1.3969,,,,,6135,22126.5,2170
18/05/2025,3316.8,33.451,1015.7,984.7,60.25,101.092,145.27,1.1178,1.3271,0.6409,1.3972,,,,,6135,22126.5,2170
19/05/2025,3365.6,33.607,1030.2,1005,60.12,100.426,144.86,1.124,1.3361,0.6457,1.3951,,,,,6142.5,22150,2159.8
20/05/2025,3415.7,34.273,1078,1047.9,60.34,100.118,144.51,1.1283,1.3393,0.6424,1.3916,,,,,6120.25,22071.75,2161.4
21/05/2025,3447.4,34.749,1105.5,1072.8,60.06,99.55901,143.68,1.1331,1.342,0.6436,1.386,,,,,6020.5,21777.75,2101.4
22/05/2025,3428.9,34.312,1101.8,1050.8,59.67,99.96001,144.01,1.1281,1.3419,0.6411,1.3857,,,,,6015.5,21799.75,2100.4
23/05/2025,3501.5,34.705,1108.1,1029.8,59.89,99.11201,142.56,1.1362,1.3537,0.6488,1.3731,,,,,5973.5,21591.75,2094.2
24/05/2025,3501.5,34.705,1108.1,1029.8,59.89,99.11201,142.56,1.1362,1.3537,0.6488,1.3731,,,,,5973.5,21591.75,2094.2
25/05/2025,3501.5,34.705,1108.1,1029.8,59.89,99.11201,142.51,1.1366,1.3527,0.6489,1.3732,,,,,5973.5,21591.75,2094.2
26/05/2025,3501.5,34.705,1108.1,1029.8,59.89,98.934,142.85,1.1387,1.3564,0.6486,1.3737,,,,,5973.5,21591.75,2094.2
27/05/2025,3436.8,34.401,1094,1004.7,59.41,99.521,144.33,1.1328,1.3507,0.6443,1.381,,,,,6090.75,22082,2144.1
28/05/2025,3429.4,34.254,1089.8,988.1,59.95,99.87501,144.84,1.1292,1.3469,0.6426,1.3837,,,,,6060.5,22002,2121.9
29/05/2025,3448.3,34.498,1094.7,997.5,58.89,99.27801,144.21,1.137,1.3492,0.6442,1.3809,,,,,6081,22031.5,2127.6
30/05/2025,3419.6,34.107,1073.2,987.3,58.36,99.329,144.02,1.1347,1.3459,0.6431,1.3739,,,,,6073.25,21999.5,2120.8
31/05/2025,3419.6,34.107,1073.2,987.3,58.36,99.329,144.02,1.1347,1.3459,0.6431,1.3739,,,,,6073.25,21999.5,2120.8
01/06/2025,3419.6,34.107,1073.2,987.3,58.36,99.329,143.87,1.1353,1.3463,0.6437,1.3741,,,,,6073.25,21999.5,2120.8
02/06/2025,3503.5,35.779,1082.8,1012.4,59.67,98.706,142.71,1.1441,1.3544,0.6495,1.3714,,,,,6102.5,22157,2122.5
03/06/2025,3485.2,35.754,1091.7,1043.3,60.69,99.22701,143.97,1.1372,1.3517,0.6462,1.372,,,,,6137.75,22328.5,2157.1
04/06/2025,3506.7,35.777,1106.5,1026.3,60.08,98.787,142.77,1.1417,1.3554,0.6492,1.3678,,,,,6137.75,22389.5,2152.3
05/06/2025,3482,36.946,1153.2,1029.9,60.53,98.741,143.53,1.1445,1.357,0.6506,1.3675,,,,,6102.5,22204.25,2149
06/06/2025,3453.6,37.285,1177.3,1082.3,61.21,99.19,144.85,1.1397,1.3528,0.649,1.3696,,,,,6165.75,22414.75,2185.5
07/06/2025,3453.6,37.285,1177.3,1082.3,61.21,99.19,144.85,1.1397,1.3528,0.649,1.3696,,,,,6165.75,22414.75,2185.5
08/06/2025,3453.6,37.285,1177.3,1082.3,61.21,99.19,144.89,1.1401,1.3527,0.65,1.3695,,,,,6165.75,22414.75,2185.5
09/06/2025,3461.5,37.958,1227.9,1112.3,61.57,98.939,144.57,1.1422,1.3551,0.6516,1.37,,,,,6169.25,22446.75,2199
10/06/2025,3450.3,37.828,1226.3,1096.7,61.37,99.09801,144.87,1.1425,1.35,0.6522,1.3671,,,,,6205.5,22587.75,2209.5
11/06/2025,3450,37.449,1270,1110,63.3,98.631,144.56,1.1487,1.3547,0.6501,1.3672,,,,,6184.75,22512.75,2201.5
12/06/2025,3507.9,37.448,1290.5,1082.7,63.02,97.92101,143.48,1.1584,1.3613,0.6533,1.3604,,,,,6204.75,22558.25,2192.2
13/06/2025,3559.6,37.53,1229.5,1063.1,65.32,98.18401,144.07,1.1549,1.3571,0.6487,1.3588,,,,,6132.5,22260,2151
14/06/2025,3559.6,37.53,1229.5,1063.1,65.32,98.18401,144.07,1.1549,1.3571,0.6487,1.3588,,,,,6132.5,22260,2151
15/06/2025,3559.6,37.53,1229.5,1063.1,65.32,98.18401,144.02,1.1529,1.3566,0.6483,1.3588,,,,,6132.5,22260,2151
16/06/2025,3523.8,37.63,1264.9,1054.6,65.55,97.998,144.75,1.1561,1.3578,0.6524,1.3571,,,,,6192.75,22567.25,2174.6
17/06/2025,3515.1,38.342,1274,1076.1,67.33,98.82001,145.29,1.148,1.3429,0.6475,1.3679,,,,,6144.5,22356,2152.5
18/06/2025,3515.1,38.115,1320.7,1076.8,67.32,98.90501,145.13,1.148,1.3422,0.6509,1.3695,,,110.6094,112.875,6136.5,22345.5,2163.5
19/06/2025,3515.1,38.115,1320.7,1076.8,67.32,98.90501,145.45,1.1495,1.3465,0.6482,1.37,,,110.6094,112.875,6136.5,22345.5,2163.5
20/06/2025,3492.6,37.206,1275.5,1071.8,67.36,98.70701,146.09,1.1523,1.3451,0.6452,1.3735,,,110.8125,113.0625,6117,22243,2159.3
21/06/2025,3492.6,37.206,1275.5,1071.8,67.36,98.70701,146.09,1.1523,1.3451,0.6452,1.3735,,,110.8125,113.0625,6117,22243,2159.3
22/06/2025,3492.6,37.206,1275.5,1071.8,67.36,98.70701,146.7,1.1458,1.3407,0.6426,1.3756,,,110.8125,113.0625,6117,22243,2159.3
23/06/2025,3501.2,37.4,1301.3,1103.5,64.68,98.41601,146.15,1.1578,1.3524,0.646,1.3734,,,111.2969,113.5938,6177,22473,2181.9
24/06/2025,3440.2,36.943,1327.3,1084.1,61.31,97.858,144.94,1.1609,1.3615,0.6489,1.3725,,,111.5,113.9688,6249.75,22823,2212.3
25/06/2025,3449.7,37.297,1349.2,1086,60.97,97.679,145.24,1.1659,1.3664,0.6513,1.3726,,,111.5313,113.8125,6248.25,22879,2186.8
26/06/2025,3454.3,37.795,1425.2,1163.4,61.4,97.147,144.42,1.1701,1.3728,0.6546,1.3644,,,111.875,114.1875,6294.5,23094,2222.6
27/06/2025,3392.7,37.232,1361.2,1171.8,61.38,97.401,144.65,1.1718,1.3716,0.6529,1.3689,,,111.6719,113.7188,6325.5,23181.25,2224.1
28/06/2025,3392.7,37.232,1361.2,1171.8,61.38,97.401,144.65,1.1718,1.3716,0.6529,1.3689,,,111.6719,113.7188,6325.5,23181.25,2224.1
29/06/2025,3392.7,37.232,1361.2,1171.8,61.38,97.401,144.35,1.173,1.3708,0.6537,1.3689,,,111.6719,113.7188,6325.5,23181.25,2224.1
30/06/2025,3412.9,37.021,1352.9,1127.6,61.31,96.87501,144.03,1.1787,1.3732,0.6581,1.3608,104.4023,109.2031,111.9844,114.7188,6355.5,23324.75,2225.7
01/07/2025,3455.5,37.256,1368.1,1136,61.54,96.81901,143.42,1.1806,1.3746,0.6583,1.3646,104.3008,108.9688,111.7188,114.625,6352,23121.75,2245.8
02/07/2025,3466,37.592,1441,1189.9,62.54,96.776,143.66,1.1799,1.3636,0.6584,1.359,104.2695,108.8516,111.4844,113.9375,6379,23275,2277.5
03/07/2025,3450.3,37.97,1391.1,1170.3,62.36,97.18001,144.93,1.1757,1.3655,0.6571,1.3583,104.082,108.5391,111.0781,113.5,6433.75,23520,2298.2
04/07/2025,3450.3,37.97,1391.1,1170.3,62.36,97.18001,144.47,1.1778,1.365,0.6556,1.3601,104.082,108.5391,111.0781,113.5,6433.75,23520,2298.2
05/07/2025,3450.3,37.97,1391.1,1170.3,62.36,97.18001,144.47,1.1778,1.365,0.6556,1.3601,104.082,108.5391,111.0781,113.5,6433.75,23520,2298.2
06/07/2025,3450.3,37.97,1391.1,1170.3,62.36,97.18001,144.46,1.1784,1.3655,0.6562,1.3594,104.082,108.5391,111.0781,113.5,6433.75,23520,2298.2
07/07/2025,3450.3,37.797,1383,1137.6,62.95,97.48,146.05,1.1709,1.3602,0.6491,1.3683,104.0469,108.4141,110.7656,112.4688,6382,23340,2263.5
08/07/2025,3424.5,37.643,1400.7,1144.6,63.5,97.51601,146.58,1.1725,1.3592,0.653,1.366,104.0391,108.3359,110.625,112.2813,6381.75,23353,2279.4
09/07/2025,3427.5,37.524,1393.2,1163.3,63.3,97.55501,146.33,1.172,1.3586,0.6535,1.3685,104.1289,108.6172,111.1094,113.3125,6415,23510,2302.7
10/07/2025,3432.1,38.198,1419.1,1218.9,62.42,97.65201,146.26,1.1701,1.3579,0.6588,1.3655,103.9453,108.5703,111.0781,113.5,6432.5,23480.5,2314.3
11/07/2025,3470.3,39.855,1476.6,1303.6,63.63,97.853,147.43,1.1689,1.3493,0.6578,1.3692,103.8438,108.2969,110.5469,112.1563,6408.25,23426.5,2283.9
12/07/2025,3470.3,39.855,1476.6,1303.6,63.63,97.853,147.43,1.1689,1.3493,0.6578,1.3692,103.8438,108.2969,110.5469,112.1563,6408.25,23426.5,2283.9
13/07/2025,3470.3,39.855,1476.6,1303.6,63.63,97.853,147.19,1.1673,1.3491,0.6564,1.3701,103.8438,108.2969,110.5469,112.1563,6408.25,23426.5,2283.9
14/07/2025,3466.8,39.641,1425.4,1262.1,63.17,98.081,147.72,1.1664,1.3427,0.6545,1.3705,103.8906,108.3359,110.5781,112,6421.25,23504,2298.9
15/07/2025,3444.4,39.028,1420.5,1271.7,62.8,98.616,148.88,1.1601,1.3384,0.6514,1.3724,103.7656,108.0313,110.0938,111.2188,6394.5,23528.75,2254.1
16/07/2025,3466.1,39.032,1441.9,1310.4,62.61,98.39201,147.88,1.1641,1.3422,0.6528,1.3683,103.9258,108.3203,110.4219,111.4063,6413.25,23547.75,2275.1
17/07/2025,3452.6,39.218,1478.1,1322,63.31,98.734,148.58,1.1596,1.3416,0.6488,1.3753,103.8516,108.2344,110.3281,111.3438,6450.5,23724,2303.2
18/07/2025,3465.5,39.385,1462.2,1322,63.34,98.482,148.81,1.1626,1.3416,0.6509,1.3726,103.9297,108.4219,110.625,111.6563,6446,23697.5,2288
19/07/2025,3465.5,39.385,1462.2,1322,63.34,98.482,148.81,1.1626,1.3416,0.6509,1.3726,103.9297,108.4219,110.625,111.6563,6446,23697.5,2288
20/07/2025,3465.5,39.385,1462.2,1322,63.34,98.482,147.91,1.1633,1.3421,0.6516,1.3717,103.9297,108.4219,110.625,111.6563,6446,23697.5,2288
21/07/2025,3515.4,40.269,1501.1,1321.4,63.44,97.853,147.38,1.1694,1.3493,0.6525,1.3683,104,108.6641,111.0469,112.6563,6456.75,23816,2278.7
22/07/2025,3555.2,40.508,1487.1,1344.2,63,97.39201,146.63,1.1754,1.3533,0.6556,1.3605,104.0391,108.8047,111.2813,113.1875,6460.75,23700.5,2297.6
23/07/2025,3507.3,40.458,1458.5,1346.9,63.13,97.214,146.51,1.1771,1.3582,0.6602,1.3597,103.9375,108.3438,110.875,112.5625,6505.5,23785.5,2330.7
24/07/2025,3483.9,40.177,1444.7,1309.2,63.49,97.37701,147.01,1.1749,1.351,0.659,1.3638,103.8594,108.1641,110.6406,112.5,6515.75,23853.5,2299.6
25/07/2025,3443.8,39.309,1426.3,1276.2,62.83,97.645,147.69,1.1742,1.3438,0.6566,1.3703,103.8789,108.2656,110.7969,112.8125,6540,23899.75,2307.5
26/07/2025,3443.8,39.309,1426.3,1276.2,62.83,97.645,147.69,1.1742,1.3438,0.6566,1.3703,103.8789,108.2656,110.7969,112.8125,6540,23899.75,2307.5
27/07/2025,3443.8,39.309,1426.3,1276.2,62.83,97.645,147.75,1.1758,1.343,0.6576,1.3708,103.8789,108.2656,110.7969,112.8125,6540,23899.75,2307.5
28/07/2025,3418,39.169,1424.5,1312.8,64.18,98.634,148.53,1.1589,1.3356,0.6521,1.3739,103.8477,108.1563,110.5781,112.375,6539,23970.75,2303.7
29/07/2025,3432.4,39.238,1424.5,1300.2,66,98.886,148.46,1.1547,1.3351,0.651,1.377,103.9453,108.4844,111.1875,113.7188,6522.25,23931.5,2289.6
30/07/2025,3403.7,38.682,1380.5,1285.7,66.24,99.815,149.51,1.1405,1.3237,0.6434,1.3828,103.8516,108.2266,110.8281,113.0625,6512.75,23961,2277.6
31/07/2025,3400,37.64,1307,1225.3,65.53,99.968,150.75,1.1415,1.3207,0.6425,1.3856,103.8242,108.2266,110.9219,113.4063,6492.5,23853.25,2255.7
01/08/2025,3449.9,37.839,1327.2,1237.2,63.58,99.14101,147.4,1.1587,1.3279,0.6474,1.3786,104.3008,109.0859,112.0781,114.9063,6372,23353,2210.2
02/08/2025,3449.9,37.839,1327.2,1237.2,63.58,99.14101,147.4,1.1587,1.3279,0.6474,1.3786,104.3008,109.0859,112.0781,114.9063,6372,23353,2210.2
03/08/2025,3449.9,37.839,1327.2,1237.2,63.58,99.14101,147.25,1.1594,1.3291,0.6469,1.3778,104.3008,109.0859,112.0781,114.9063,6372,23353,2210.2
04/08/2025,3476.9,38.251,1350.7,1223.5,63.25,98.784,147.09,1.1571,1.3285,0.6467,1.3779,104.3516,109.2109,112.2656,115.125,6464.75,23762.25,2256.1
05/08/2025,3485.7,38.756,1342,1225.5,62.42,98.78201,147.62,1.1575,1.3299,0.6473,1.3773,104.2773,109.125,112.1875,115.3438,6434.25,23602,2267.9
06/08/2025,3484.3,38.831,1350.7,1170.8,61.84,98.177,147.37,1.166,1.3357,0.6503,1.3741,104.3008,109.1172,112.1094,114.7813,6481.25,23893,2263.8
07/08/2025,3503.3,39.258,1364.5,1194.8,61.74,98.4,147.14,1.1666,1.3444,0.6524,1.3746,104.2266,109.0938,111.9688,114.75,6475.75,23958,2256.2
08/08/2025,3539.3,39.529,1351,1167.8,61.61,98.18001,147.74,1.1641,1.3452,0.6522,1.3759,104.1719,108.8984,111.7031,114.2188,6524.5,24189,2259.7
09/08/2025,3539.3,39.529,1351,1167.8,61.61,98.18001,147.74,1.1641,1.3452,0.6522,1.3759,104.1719,108.8984,111.7031,114.2188,6524.5,24189,2259.7
10/08/2025,3539.3,39.529,1351,1167.8,61.61,98.18001,147.56,1.1646,1.345,0.6524,1.3754,104.1719,108.8984,111.7031,114.2188,6524.5,24189,2259.7
11/08/2025,3457.5,38.756,1355.2,1184.7,61.83,98.52,148.15,1.1615,1.3432,0.6513,1.3779,104.1797,108.9297,111.75,114.375,6510.75,24112.5,2257.6
12/08/2025,3451.5,38.97,1366.2,1168.6,61.45,98.09701,147.84,1.1675,1.35,0.653,1.3772,104.2227,108.9297,111.6719,113.875,6579.5,24418,2324.9
13/08/2025,3460.8,39.582,1355.9,1158.1,61.01,97.84,147.38,1.1705,1.3576,0.6546,1.3759,104.3086,109.1641,112.0469,114.6875,6599.5,24426.5,2370.7
14/08/2025,3435.2,39.032,1374.9,1180.1,61.62,98.25401,147.76,1.1648,1.3532,0.6495,1.3817,104.207,108.9297,111.6563,113.8125,6602.75,24412.75,2341.2
15/08/2025,3434,38.933,1358.4,1143,60.93,97.85201,147.19,1.1703,1.3554,0.6507,1.3819,104.1602,108.8281,111.4531,113.1563,6584.25,24283,2327.1
16/08/2025,3434,38.933,1358.4,1143,60.93,97.85201,147.19,1.1703,1.3554,0.6507,1.3819,104.1602,108.8281,111.4531,113.1563,6584.25,24283,2327.1
17/08/2025,3434,38.933,1358.4,1143,60.93,97.85201,147.21,1.1714,1.3555,0.6512,1.3815,104.1602,108.8281,111.4531,113.1563,6584.25,24283,2327.1
18/08/2025,3429.4,38.994,1351.2,1153.8,61.47,98.16701,147.89,1.1661,1.3504,0.6491,1.3803,104.1328,108.7734,111.3906,112.9375,6582.75,24276.75,2335.5
19/08/2025,3409.3,38.277,1326.9,1131.9,60.85,98.26501,147.67,1.1647,1.3491,0.6454,1.3868,104.168,108.9141,111.6406,113.4688,6545,23945,2318.6
20/08/2025,3439.5,38.711,1355.7,1141.1,61.77,98.218,147.33,1.1652,1.3457,0.6434,1.3873,104.2266,108.9922,111.75,113.5313,6525,23799.75,2309.8
21/08/2025,3433,39.031,1372.7,1134.3,62.44,98.619,148.37,1.1606,1.3412,0.642,1.3911,104.1445,108.7734,111.4375,113.1875,6501,23694.25,2316.1
22/08/2025,3469.6,40.009,1380.3,1150.8,62.54,97.716,146.94,1.1718,1.3525,0.649,1.3826,104.3438,109.2266,112.0469,113.9688,6596.75,24043.5,2405.4
23/08/2025,3469.6,40.009,1380.3,1150.8,62.54,97.716,146.94,1.1718,1.3525,0.649,1.3826,104.3438,109.2266,112.0469,113.9688,6596.75,24043.5,2405.4
24/08/2025,3469.6,40.009,1380.3,1150.8,62.54,97.716,146.94,1.1724,1.3519,0.6493,1.3823,104.3438,109.2266,112.0469,113.9688,6596.75,24043.5,2405.4
25/08/2025,3469,39.667,1358,1124,63.44,98.43001,147.8,1.1618,1.3455,0.6482,1.386,104.2578,109.0938,111.875,113.875,6569.75,23972,2380.4
26/08/2025,3485.2,39.569,1367.7,1120.7,62.06,98.22501,147.4,1.1642,1.348,0.6495,1.3839,104.3438,109.3203,112.1094,113.75,6596.25,24065.25,2401
27/08/2025,3501.9,39.676,1367.6,1115.5,62.54,98.232,147.42,1.1639,1.3498,0.6506,1.3791,104.3906,109.4609,112.3438,113.75,6610,24100.5,2416.7
28/08/2025,3526.8,40.175,1381.1,1137.4,63.02,97.813,146.93,1.1683,1.3513,0.6532,1.3749,104.3672,109.4922,112.5,114.3125,6633.5,24243.75,2418.7
29/08/2025,3569.6,41.202,1390.6,1135.2,62.4,97.771,147.05,1.1686,1.3504,0.654,1.3741,104.3867,109.4844,112.4219,113.75,6587,23932,2405.8
30/08/2025,3569.6,41.202,1390.6,1135.2,62.4,97.771,147.05,1.1686,1.3504,0.654,1.3741,104.3867,109.4844,112.4219,113.75,6587,23932,2405.8
31/08/2025,3569.6,41.202,1390.6,1135.2,62.4,97.771,147.1,1.1697,1.3497,0.6546,1.3736,104.3867,109.4844,112.4219,113.75,6587,23932,2405.8
01/09/2025,3569.6,41.202,1390.6,1135.2,62.4,97.771,147.18,1.1711,1.3545,0.6552,1.3751,104.3867,109.4844,112.4219,113.75,6587,23932,2405.8
02/09/2025,3646.1,42.078,1431.1,1164.1,64,98.397,148.36,1.164,1.3394,0.652,1.3782,104.3125,109.2734,112.0625,112.9688,6538.75,23742.5,2393.3
03/09/2025,3689.9,42.549,1473.8,1198,62.81,98.14201,148.1,1.1662,1.3444,0.6543,1.3794,104.3984,109.5156,112.5156,114.0938,6570.5,23918.25,2389
04/09/2025,3661.3,41.907,1396.8,1155,62.21,98.34701,148.49,1.1649,1.3434,0.6518,1.3818,104.4492,109.6484,112.75,114.4063,6625.25,24140,2419.3
05/09/2025,3707.5,42.038,1407.3,1140.4,60.91,97.76801,147.43,1.1717,1.3509,0.6557,1.383,104.6016,109.9453,113.2656,115.9688,6601.25,24151.25,2429.3
06/09/2025,3707.5,42.038,1407.3,1140.4,60.91,97.76801,147.43,1.1717,1.3509,0.6557,1.383,104.6016,109.9453,113.2656,115.9688,6601.25,24151.25,2429.3
07/09/2025,3707.5,42.038,1407.3,1140.4,60.91,97.76801,148.18,1.1714,1.3502,0.6553,1.3833,104.6016,109.9453,113.2656,115.9688,6601.25,24151.25,2429.3
08/09/2025,3731.2,42.386,1407.7,1167.5,61.43,97.454,147.5,1.1763,1.3545,0.6592,1.3803,104.6289,110,113.4219,116.9688,6618,24268.75,2433
09/09/2025,3735.9,41.822,1394.6,1153.1,61.86,97.788,147.41,1.1708,1.3528,0.6585,1.3842,104.5313,109.8438,113.2188,116.6563,6635.25,24343.75,2420
10/09/2025,3735.8,42.08,1420.4,1223.3,62.75,97.78001,147.46,1.1695,1.3529,0.6613,1.3864,104.5469,109.9219,113.4531,117.2188,6653.5,24346.5,2415.7
11/09/2025,3726.8,42.632,1422.4,1248.5,61.61,97.53101,147.21,1.1734,1.3574,0.6659,1.3833,104.5586,109.9141,113.5313,117.5,6704.75,24486,2460.6
12/09/2025,3740.3,43.322,1435.6,1260.3,61.95,97.55,147.68,1.1734,1.3556,0.6648,1.3844,104.4922,109.7266,113.1563,116.9375,6703,24586.25,2434.8
13/09/2025,3740.3,43.322,1435.6,1260.3,61.95,97.55,147.68,1.1734,1.3556,0.6648,1.3844,104.4922,109.7266,113.1563,116.9375,6703,24586.25,2434.8
14/09/2025,3740.3,43.322,1435.6,1260.3,61.95,97.55,147.61,1.1735,1.3555,0.6642,1.3838,104.4922,109.7266,113.1563,116.9375,6703,24586.25,2434.8
15/09/2025,3773.1,43.459,1440.7,1234.1,62.43,97.302,147.4,1.1761,1.3599,0.6669,1.3778,104.5313,109.8359,113.3438,117.375,6738.25,24788.25,2443.6
16/09/2025,3779.5,43.415,1427.2,1210.2,63.33,96.633,146.48,1.1867,1.3647,0.6685,1.3739,104.5781,109.9141,113.4219,117.5,6726,24762,2439.5
17/09/2025,3772.5,42.644,1403.7,1184.9,62.76,96.873,146.99,1.1813,1.3626,0.6653,1.3774,104.4961,109.625,113,117,6716,24701.75,2445.1
18/09/2025,3732.6,42.608,1426.3,1197.5,62.3,97.34801,148,1.1788,1.3555,0.6612,1.3797,104.457,109.5625,112.8594,116.4063,6750.5,24946.25,2506.8
19/09/2025,3760.5,43.448,1440.3,1180.3,61.43,97.644,147.95,1.1746,1.3472,0.6593,1.3785,104.418,109.4375,112.6406,115.875,6780.5,25108.25,2486.3
20/09/2025,3760.5,43.448,1440.3,1180.3,61.43,97.644,147.95,1.1746,1.3472,0.6593,1.3785,104.418,109.4375,112.6406,115.875,6780.5,25108.25,2486.3
21/09/2025,3760.5,43.448,1440.3,1180.3,61.43,97.644,147.93,1.1748,1.3475,0.6597,1.378,104.418,109.4375,112.6406,115.875,6780.5,25108.25,2486.3
22/09/2025,3830.5,44.722,1454.6,1224.5,61.43,97.341,147.72,1.1803,1.3514,0.6599,1.3818,104.3828,109.4141,112.5781,115.7813,6811.25,25253.5,2501.5
23/09/2025,3872.3,45.121,1536.7,1262.4,62.28,97.26401,147.64,1.1815,1.3526,0.6599,1.3835,104.3945,109.4922,112.7344,116.125,6773.75,25076.25,2496.9
24/09/2025,3824.7,44.706,1516.8,1251.2,63.45,97.873,148.9,1.1738,1.3447,0.6583,1.3896,104.3398,109.3359,112.5156,115.8438,6750.75,24988,2474.1
25/09/2025,3828.8,45.64,1565.1,1294.4,63.53,98.553,149.8,1.1666,1.3345,0.654,1.394,104.207,109.0625,112.2031,115.75,6719,24879.25,2450
26/09/2025,3866.9,47.201,1613.8,1323.1,64.18,98.15201,149.49,1.1703,1.3402,0.6542,1.3934,104.2344,109.0625,112.1563,115.5938,6755.75,24978.25,2470.5
27/09/2025,3866.9,47.201,1613.8,1323.1,64.18,98.15201,149.49,1.1703,1.3402,0.6542,1.3934,104.2344,109.0625,112.1563,115.5938,6755.75,24978.25,2470.5
28/09/2025,3866.9,47.201,1613.8,1323.1,64.18,98.15201,149.5,1.1704,1.3396,0.655,1.3936,104.2344,109.0625,112.1563,115.5938,6755.75,24978.25,2470.5
29/09/2025,3914.6,47.577,1641.9,1305.3,62.37,97.90601,148.59,1.1727,1.3429,0.6577,1.3915,104.2656,109.1719,112.4219,116.375,6772.75,25090,2471.2
30/09/2025,3932.1,47.2,1615.9,1302,61.36,97.775,147.9,1.1734,1.3446,0.6613,1.392,104.3164,109.2109,112.3906,116.125,6797.75,25152.75,2475.3
01/10/2025,3956.9,48.24,1601.3,1290.2,60.89,97.706,147.07,1.1732,1.3478,0.6613,1.3935,104.4297,109.4531,112.7344,116.5313,6819.5,25265.5,2479.7
02/10/2025,3926.5,46.928,1596.7,1273.9,59.86,97.84601,147.26,1.1715,1.344,0.6596,1.3968,104.4219,109.4609,112.8125,116.8438,6824.5,25359,2493.7
03/10/2025,3967.6,48.533,1652.6,1307.2,60.16,97.72301,147.47,1.1742,1.348,0.6604,1.3952,104.3711,109.3047,112.5625,116.5,6822,25239.75,2512
04/10/2025,3967.6,48.533,1652.6,1307.2,60.16,97.72301,147.47,1.1742,1.348,0.6604,1.3952,104.3711,109.3047,112.5625,116.5,6822,25239.75,2512
05/10/2025,3967.6,48.533,1652.6,1307.2,60.16,97.72301,149.53,1.1727,1.3438,0.6585,1.3956,104.3711,109.3047,112.5625,116.5,6822,25239.75,2512
06/10/2025,4037.1,49.026,1670,1363.7,60.93,98.108,150.35,1.1711,1.3485,0.6617,1.3943,104.3125,109.1484,112.2656,115.8125,6847,25434.5,2521.2
07/10/2025,4066.6,48.098,1662.9,1389.1,60.8,98.578,151.9,1.1657,1.3426,0.6581,1.395,104.3633,109.3125,112.5469,116.3438,6819.25,25285.75,2493.2
08/10/2025,4133.7,49.58,1715.6,1497.2,61.37,98.915,152.69,1.1628,1.3404,0.6586,1.3951,104.3359,109.2344,112.4844,116.375,6859.75,25581.25,2519.4
09/10/2025,4034,47.707,1672.1,1469.5,60.53,99.538,153.07,1.1564,1.3304,0.6556,1.402,104.2969,109.1484,112.3594,116.1875,6837,25536.75,2502.9
10/10/2025,4062,47.807,1638.5,1484.5,58.19,98.978,151.19,1.1619,1.336,0.6474,1.4006,104.4688,109.5859,113.0156,117.625,6650.5,24634.5,2427.3
11/10/2025,4062,47.807,1638.5,1484.5,58.19,98.978,151.19,1.1619,1.336,0.6474,1.4006,104.4688,109.5859,113.0156,117.625,6650.5,24634.5,2427.3
12/10/2025,4062,47.807,1638.5,1484.5,58.19,98.978,151.87,1.1618,1.335,0.6515,1.3994,104.4688,109.5859,113.0156,117.625,6650.5,24634.5,2427.3
13/10/2025,4196.4,50.993,1707.1,1544.8,58.84,99.269,152.28,1.157,1.3333,0.6515,1.4036,104.5234,109.6484,113.0313,117.5313,6750.5,25164.75,2493.9
14/10/2025,4226.6,51.19,1692.6,1602.8,58.07,99.047,151.84,1.1607,1.332,0.6486,1.4045,104.5703,109.7891,113.2813,117.875,6742,25003.25,2529.8
15/10/2025,4265.5,51.949,1705,1603,57.75,98.79301,151.05,1.1647,1.3403,0.6513,1.4043,104.5078,109.6641,113.1094,117.5625,6771,25166.75,2555.1
16/10/2025,4369.7,53.873,1771.4,1692.7,56.93,98.33601,150.43,1.1687,1.3434,0.6485,1.4054,104.668,110.0234,113.6406,118.4688,6723.5,25070.25,2500.9
17/10/2025,4276.8,50.671,1637.1,1536.7,57.3,98.43301,150.61,1.1655,1.3427,0.6499,1.402,104.5781,109.8203,113.375,118.125,6758,25227.25,2483.1
18/10/2025,4276.8,50.671,1637.1,1536.7,57.3,98.43301,150.61,1.1655,1.3427,0.6499,1.402,104.5781,109.8203,113.375,118.125,6758,25227.25,2483.1
19/10/2025,4276.8,50.671,1637.1,1536.7,57.3,98.43301,150.48,1.1666,1.3431,0.6495,1.4018,104.5781,109.8203,113.375,118.125,6758,25227.25,2483.1
20/10/2025,4425.4,51.953,1669.2,1551,57.2,98.58601,150.75,1.1642,1.3405,0.6513,1.4037,104.5781,109.875,113.5,118.4375,6830.75,25551.5,2530.8
21/10/2025,4171.4,48.269,1537.2,1449.2,57.28,98.93401,151.93,1.16,1.3371,0.6488,1.4023,104.5938,109.9531,113.6563,118.8438,6830.5,25542,2518.9
22/10/2025,4128,48.237,1569.3,1473.7,58.32,98.897,151.98,1.1611,1.3356,0.6488,1.3994,104.6094,109.9844,113.7031,118.9688,6793.75,25284.75,2481.8
23/10/2025,4209.1,49.268,1612.6,1500.3,60.35,98.936,152.57,1.1618,1.3326,0.6512,1.3992,104.5234,109.7734,113.3906,118.5313,6832.5,25500.75,2512.9
24/10/2025,4201.3,49.157,1616.8,1495.5,60.27,98.952,152.86,1.1627,1.3311,0.6513,1.3996,104.5117,109.7422,113.3438,118.25,6884.75,25757.25,2543.1
25/10/2025,4201.3,49.157,1616.8,1495.5,60.27,98.952,152.86,1.1627,1.3311,0.6513,1.3996,104.5117,109.7422,113.3438,118.25,6884.75,25757.25,2543.1
26/10/2025,4201.3,49.157,1616.8,1495.5,60.27,98.952,152.84,1.1636,1.3326,0.6544,1.4007,104.5117,109.7422,113.3438,118.25,6884.75,25757.25,2543.1
27/10/2025,4081.3,47.333,1598.5,1448.9,60.18,98.783,152.88,1.1645,1.3336,0.6556,1.399,104.4766,109.7031,113.3125,118.4375,6967.5,26219.25,2551.6
28/10/2025,4043.7,47.885,1600.1,1436.4,59.47,98.66701,152.11,1.1651,1.3272,0.6585,1.3946,104.4805,109.7109,113.375,118.75,6985.25,26422.75,2537.5
29/10/2025,4062.6,48.488,1615.1,1463.9,59.85,99.22,152.73,1.1601,1.3194,0.6574,1.3943,104.3164,109.3438,112.8125,117.9688,6983.25,26525,2514.2
30/10/2025,4079,49.209,1630.2,1493.2,59.79,99.526,154.13,1.1565,1.3151,0.6555,1.3986,104.2695,109.2578,112.625,117.3125,6915.75,26144.5,2495.6
31/10/2025,4059,48.752,1591.4,1473.7,60.06,99.80401,153.99,1.1537,1.3152,0.6545,1.401,104.2773,109.2656,112.6094,117.0313,6934.75,26267,2510.2
01/11/2025,4059,48.752,1591.4,1473.7,60.06,99.80401,153.99,1.1537,1.3152,0.6545,1.401,104.2773,109.2656,112.6094,117.0313,6934.75,26267,2510.2
02/11/2025,4059,48.752,1591.4,1473.7,60.06,99.80401,154.06,1.1533,1.3133,0.6546,1.4016,104.2773,109.2656,112.6094,117.0313,6934.75,26267,2510.2
03/11/2025,4077.2,48.641,1598.1,1473.3,60.33,99.873,154.22,1.152,1.314,0.6537,1.4056,104.293,109.2734,112.6094,116.8438,6943.5,26366.5,2499.7
04/11/2025,4022.5,47.866,1567.3,1437.8,59.98,100.224,153.67,1.1482,1.3021,0.649,1.4104,104.3203,109.3281,112.7188,117.0938,6861.5,25836,2456.9
05/11/2025,4055.7,48.604,1578.7,1467.3,59.22,100.204,154.12,1.1492,1.305,0.6505,1.4109,104.2188,109.0391,112.25,116.125,6886,26010.25,2493.3
06/11/2025,4053.6,48.535,1551.1,1413,59.09,99.733,153.06,1.1547,1.3137,0.648,1.4117,104.3477,109.3906,112.75,116.875,6806.5,25501.75,2446.8
07/11/2025,4072.8,48.746,1563.8,1421.6,59.43,99.603,153.42,1.1566,1.3162,0.6493,1.4044,104.3672,109.4219,112.7813,116.75,6812.75,25421.75,2460.4
08/11/2025,4072.8,48.746,1563.8,1421.6,59.43,99.603,153.42,1.1566,1.3162,0.6493,1.4044,104.3672,109.4219,112.7813,116.75,6812.75,25421.75,2460.4
09/11/2025,4072.8,48.746,1563.8,1421.6,59.43,99.603,153.75,1.1559,1.315,0.6497,1.4052,104.3672,109.4219,112.7813,116.75,6812.75,25421.75,2460.4
10/11/2025,4186.5,50.922,1615.4,1466.4,59.85,99.589,154.15,1.1557,1.3175,0.6536,1.4021,104.3008,109.2891,112.6094,116.6563,6917.75,25979,2484.6
11/11/2025,4180.9,51.367,1613.5,1491.1,60.82,99.44301,154.16,1.1582,1.315,0.6527,1.4018,104.3789,109.5234,112.9688,117.1875,6932.25,25903,2486.3
12/11/2025,4279.2,54.116,1646.5,1522.2,58.42,99.495,154.79,1.1593,1.3133,0.6541,1.4006,104.3438,109.4688,112.9375,117.3125,6936.75,25887,2479.8
13/11/2025,4261.7,53.837,1628.7,1492.5,58.46,99.15601,154.56,1.1633,1.3192,0.6529,1.4036,104.3086,109.3203,112.7031,116.75,6820,25354,2409.3
14/11/2025,4159,51.324,1580.3,1441.3,59.63,99.299,154.55,1.1621,1.3171,0.6538,1.4023,104.2539,109.1875,112.4688,116.1563,6815.5,25352.25,2415
15/11/2025,4159,51.324,1580.3,1441.3,59.63,99.299,154.55,1.1621,1.3171,0.6538,1.4023,104.2539,109.1875,112.4688,116.1563,6815.5,25352.25,2415
16/11/2025,4159,51.324,1580.3,1441.3,59.63,99.299,154.6,1.162,1.3156,0.6534,1.4024,104.2539,109.1875,112.4688,116.1563,6815.5,25352.25,2415
17/11/2025,4139.5,51.343,1570.2,1436.4,59.55,99.58801,155.26,1.1592,1.3156,0.6494,1.4055,104.2695,109.25,112.5938,116.3125,6751.25,25133,2367.1
18/11/2025,4131.2,51.146,1569.2,1441.9,60.22,99.55,155.51,1.1581,1.3145,0.6507,1.3989,104.3242,109.3672,112.7188,116.3125,6698.5,24847.25,2374.9
19/11/2025,4148.3,51.503,1571.6,1427.3,58.74,100.228,157.16,1.1538,1.3059,0.6478,1.405,104.293,109.2969,112.6406,116.1875,6720.5,24975.5,2373.7
20/11/2025,4125.3,50.956,1533.1,1406.3,58.46,100.158,157.47,1.1528,1.3073,0.644,1.4096,104.375,109.4609,112.8125,116.5,6615.25,24377.5,2329
21/11/2025,4144.9,50.556,1540.6,1409.8,57.64,100.18,156.41,1.1513,1.3099,0.6455,1.4101,104.4609,109.7109,113.2031,116.8125,6677.75,24548.75,2394.4
22/11/2025,4144.9,50.556,1540.6,1409.8,57.64,100.18,156.41,1.1513,1.3099,0.6455,1.4101,104.4609,109.7109,113.2031,116.8125,6677.75,24548.75,2394.4
23/11/2025,4144.9,50.556,1540.6,1409.8,57.64,100.18,156.38,1.1518,1.3104,0.6462,1.4101,104.4609,109.7109,113.2031,116.8125,6677.75,24548.75,2394.4
24/11/2025,4159.6,50.96,1570.5,1432.7,58.41,100.142,156.89,1.1521,1.3105,0.6464,1.4108,104.4688,109.7578,113.3281,117.3438,6779.25,25197.25,2438.1
25/11/2025,4206.5,51.629,1583.9,1434.3,57.61,99.664,156.05,1.157,1.3166,0.6469,1.4098,104.5117,109.9375,113.5938,117.6875,6839.25,25334.25,2490.7
26/11/2025,4231.8,53.607,1604.9,1462,58.26,99.595,156.47,1.1595,1.3241,0.6518,1.4044,104.4648,109.8828,113.5781,117.8438,6886.25,25553.25,2512.3
27/11/2025,4231.8,53.607,1604.9,1462,58.26,99.536,156.31,1.1596,1.324,0.6534,1.4031,104.4648,109.8828,113.5781,117.8438,6886.25,25553.25,2512.3
28/11/2025,4284.8,57.163,1704.4,1506.3,58.09,99.45901,156.18,1.1598,1.3235,0.655,1.3977,104.4297,109.7656,113.3438,117.4375,6918.25,25735.5,2524.4
29/11/2025,4284.8,57.163,1704.4,1506.3,58.09,99.45901,156.18,1.1598,1.3235,0.655,1.3977,104.4297,109.7656,113.3438,117.4375,6918.25,25735.5,2524.4
30/11/2025,4284.8,57.163,1704.4,1506.3,58.09,99.45901,156.11,1.1596,1.3226,0.6541,1.3979,104.4297,109.7656,113.3438,117.4375,6918.25,25735.5,2524.4
01/12/2025,4305.7,59.142,1700.8,1478.9,58.87,99.414,155.46,1.161,1.3213,0.6544,1.3999,104.332,109.4297,112.8281,116.2188,6885,25641.75,2492.7
02/12/2025,4251.5,58.703,1672.9,1507.9,58.18,99.357,155.88,1.1625,1.3213,0.6563,1.397,104.3711,109.5,112.8906,116.3438,6898.5,25859,2488.8
03/12/2025,4263.2,58.62,1686.5,1508,58.45,98.854,155.25,1.1671,1.3353,0.6601,1.395,104.4258,109.6406,113.1094,116.6875,6920.25,25908,2533.5
04/12/2025,4273.4,57.491,1684.1,1484,59.06,98.98901,155.1,1.1644,1.3327,0.661,1.3958,104.332,109.3828,112.7188,116.0313,6925,25872.5,2555
05/12/2025,4273.8,59.053,1685.4,1502.2,59.56,98.992,155.33,1.1642,1.3328,0.664,1.3817,104.2617,109.2344,112.5156,115.5938,6937,25985,2544
06/12/2025,4273.8,59.053,1685.4,1502.2,59.56,98.992,155.33,1.1642,1.3328,0.664,1.3817,104.2617,109.2344,112.5156,115.5938,6937,25985,2544
07/12/2025,4273.8,59.053,1685.4,1502.2,59.56,98.992,155.23,1.164,1.3331,0.6635,1.3831,104.2617,109.2344,112.5156,115.5938,6937,25985,2544
08/12/2025,4248.6,58.405,1684.5,1515.8,58.43,99.08701,155.92,1.1637,1.3322,0.6624,1.3857,104.2266,109.0625,112.25,115.0938,6913.75,25916.5,2544.5
09/12/2025,4267.4,60.84,1724.8,1543.2,57.96,99.22,156.88,1.1627,1.3297,0.6642,1.3846,104.1602,108.9297,112.0938,115.1875,6906.5,25954,2549
10/12/2025,4255.6,61.029,1672.1,1487.5,58.16,98.786,156.02,1.1695,1.3383,0.6676,1.3793,104.2461,109.0469,112.2188,115.375,6950,26054,2584.1
11/12/2025,4344.4,64.592,1737.2,1542.9,57.35,98.34601,155.59,1.1738,1.3388,0.6664,1.3771,104.3086,109.2266,112.4531,115.625,6966.5,25971,2613.6
12/12/2025,4360,62.007,1787.3,1542.7,57.08,98.399,155.81,1.174,1.3371,0.6652,1.3772,104.3047,109.0938,112.1719,114.6563,6890.5,25469.5,2574
13/12/2025,4360,62.007,1787.3,1542.7,57.08,98.399,155.81,1.174,1.3371,0.6652,1.3772,104.3047,109.0938,112.1719,114.6563,6890.5,25469.5,2574
14/12/2025,4360,62.007,1787.3,1542.7,57.08,98.399,155.85,1.1739,1.3379,0.6642,1.3769,104.3047,109.0938,112.1719,114.6563,6890.5,25469.5,2574
15/12/2025,4367,63.589,1844.1,1623.1,56.56,98.30901,155.23,1.1753,1.3376,0.6641,1.3768,104.3477,109.1797,112.2813,114.875,6881,25342.75,2554.3
16/12/2025,4363.9,63.323,1907,1656.4,55.05,98.146,154.72,1.1747,1.3423,0.6632,1.3754,104.3984,109.3594,112.5156,115.375,6856.25,25380.25,2540
17/12/2025,4405.5,66.901,1972.4,1720,55.71,98.368,155.69,1.1741,1.3376,0.6605,1.3787,104.3945,109.3359,112.5,115.25,6778.5,24898.75,2512.3
18/12/2025,4395.9,65.219,1997.5,1774.8,55.86,98.427,155.55,1.1722,1.3381,0.6613,1.3777,104.4414,109.5,112.75,115.7188,6830.5,25261.75,2528.7
19/12/2025,4418.8,67.489,2054.8,1786.9,56.36,98.59901,157.75,1.171,1.3379,0.6612,1.3802,104.3945,109.3438,112.5,115.3125,6887.25,25574.75,2545.9
20/12/2025,4418.8,67.489,2054.8,1786.9,56.36,98.59901,157.75,1.171,1.3379,0.6612,1.3802,104.3945,109.3438,112.5,115.3125,6887.25,25574.75,2545.9
21/12/2025,4418.8,67.489,2054.8,1786.9,56.36,98.59901,157.69,1.1719,1.3387,0.6612,1.3796,104.3945,109.3438,112.5,115.3125,6887.25,25574.75,2545.9
22/12/2025,4501.6,68.565,2123.4,1830.9,57.84,98.286,157.05,1.1762,1.3461,0.6657,1.3749,104.3477,109.2344,112.3438,115.125,6930.25,25692.25,2574.9
23/12/2025,4538.1,71.137,2311.3,1955.9,58.13,97.942,156.23,1.1795,1.3518,0.6702,1.3688,104.293,109.1563,112.2969,115.2813,6961,25812.25,2559.1
24/12/2025,4535.1,71.685,2274,1806.9,58.13,97.97601,155.93,1.1779,1.3505,0.6709,1.3677,104.332,109.2813,112.5156,115.7813,6982.5,25880.5,2566.1
25/12/2025,4535.1,71.685,2274,1806.9,58.13,97.97601,155.83,1.1784,1.3521,0.6704,1.3676,104.332,109.2813,112.5156,115.7813,6982.5,25880.5,2566.1
26/12/2025,4585.7,77.196,2491.1,2023.3,56.56,98.022,156.57,1.1772,1.3497,0.6716,1.3672,104.3828,109.3672,112.5781,115.5313,6979.25,25863.25,2551.4
27/12/2025,4585.7,77.196,2491.1,2023.3,56.56,98.022,156.57,1.1772,1.3497,0.6716,1.3672,104.3828,109.3672,112.5781,115.5313,6979.25,25863.25,2551.4
28/12/2025,4585.7,77.196,2491.1,2023.3,56.56,98.022,156.56,1.1769,1.3496,0.6704,1.3663,104.3828,109.3672,112.5781,115.5313,6979.25,25863.25,2551.4
29/12/2025,4375.7,70.46,2134.6,1687.9,57.85,98.037,156.06,1.1773,1.3512,0.6694,1.3691,104.418,109.4375,112.7188,115.875,6955,25739.75,2536.2
30/12/2025,4418.9,77.919,2255.1,1727.1,57.74,98.23801,156.41,1.1748,1.3468,0.6695,1.3697,104.4297,109.4219,112.6406,115.8125,6944.25,25675.25,2517.7
31/12/2025,4373.9,70.603,2044.2,1651.4,57.22,98.32201,156.71,1.1746,1.3475,0.6673,1.3724,104.3945,109.3047,112.4375,115.5938,6892.5,25456.75,2498
01/01/2026,4373.9,70.603,2044.2,1651.4,57.22,98.32201,156.75,1.1746,1.3455,0.667,1.3717,104.3945,109.3047,112.4375,115.5938,6892.5,25456.75,2498
02/01/2026,4361.9,71.015,2137,1691.5,57.12,98.424,156.84,1.1719,1.3456,0.6693,1.3733,104.3711,109.1641,112.2031,115.0625,6900.5,25385.25,2522.5
03/01/2026,4361.9,71.015,2137,1691.5,57.12,98.424,156.84,1.1719,1.3456,0.6693,1.3733,104.3711,109.1641,112.2031,115.0625,6900.5,25385.25,2522.5
04/01/2026,4361.9,71.015,2137,1691.5,57.12,98.424,156.75,1.1724,1.3455,0.6682,1.3739,104.3711,109.1641,112.2031,115.0625,6900.5,25385.25,2522.5
05/01/2026,4484.1,76.657,2285.2,1765.6,58.08,98.27,156.38,1.1722,1.3542,0.6714,1.3772,104.4141,109.2969,112.4219,115.3125,6943.75,25577.75,2562.5
06/01/2026,4529.1,81.039,2452.4,1884.7,56.94,98.58,156.65,1.1689,1.3501,0.6738,1.3815,104.3711,109.2422,112.3281,115.1563,6987.75,25822,2596.5
07/01/2026,4495.3,77.613,2268.6,1785.1,55.9,98.68401,156.76,1.1675,1.3458,0.6721,1.3861,104.3789,109.3359,112.5781,115.9063,6963.25,25838.75,2589.5
08/01/2026,4493.9,75.144,2267.5,1798.3,57.64,98.93401,156.87,1.166,1.3439,0.6699,1.3864,104.3398,109.1641,112.25,115.375,6962,25687.5,2618.4
09/01/2026,4534.7,79.341,2296.7,1870.2,58.94,99.133,157.89,1.1637,1.3404,0.6687,1.3913,104.2383,109.0469,112.2188,115.7813,7005,25938.25,2636.9
10/01/2026,4534.7,79.341,2296.7,1870.2,58.94,99.133,157.89,1.1637,1.3404,0.6687,1.3913,104.2383,109.0469,112.2188,115.7813,7005,25938.25,2636.9
11/01/2026,4534.7,79.341,2296.7,1870.2,58.94,99.133,158.11,1.1634,1.34,0.668,1.3914,104.2383,109.0469,112.2188,115.7813,7005,25938.25,2636.9
12/01/2026,4649.2,85.091,2380.6,1939.3,59.32,98.86201,158.14,1.1667,1.3465,0.6711,1.3879,104.2305,109.0156,112.1406,115.625,7016.5,25956.75,2649.3
13/01/2026,4633.5,86.338,2353.3,1914.9,60.93,99.134,159.14,1.1642,1.3422,0.6682,1.3891,104.2617,109.1172,112.2656,115.8125,7001.75,25906,2647.8
14/01/2026,4670.1,91.385,2385.8,1902.2,61.88,99.055,158.46,1.1644,1.3443,0.6682,1.3882,104.2852,109.2266,112.4688,116.3125,6966.25,25631,2666.1
15/01/2026,4657.7,92.347,2409.9,1875.8,59.08,99.32101,158.63,1.1609,1.3381,0.6699,1.3891,104.1836,109.0078,112.2188,116.3125,6981.75,25705.75,2688.4
16/01/2026,4629.4,88.537,2322.7,1821.3,59.34,99.39301,158.12,1.1598,1.338,0.6683,1.3914,104.1211,108.7266,111.75,115.4375,6976.75,25689,2691.2
17/01/2026,4629.4,88.537,2322.7,1821.3,59.34,99.39301,158.12,1.1598,1.338,0.6683,1.3914,104.1211,108.7266,111.75,115.4375,6976.75,25689,2691.2
18/01/2026,4629.4,88.537,2322.7,1821.3,59.34,99.39301,157.92,1.1583,1.3354,0.6674,1.3914,104.1211,108.7266,111.75,115.4375,6976.75,25689,2691.2
19/01/2026,4629.4,88.537,2322.7,1821.3,59.34,99.39301,158.11,1.1646,1.3425,0.6714,1.3869,104.1211,108.7266,111.75,115.4375,6976.75,25689,2691.2
20/01/2026,4800.8,94.636,2450.5,1908.5,60.36,98.64101,158.15,1.1725,1.3439,0.6737,1.3837,104.1211,108.625,111.4219,114.25,6829.5,25129.25,2658.7
21/01/2026,4873.1,92.637,2495.3,1882.6,60.62,98.761,158.3,1.1685,1.3429,0.6762,1.3834,104.1211,108.7188,111.6563,114.9688,6910,25471,2710.8
22/01/2026,4949.4,96.372,2576.9,1927.7,59.36,98.359,158.41,1.1755,1.3501,0.684,1.3786,104.0859,108.6406,111.5938,115.1875,6945,25658.25,2730.8
23/01/2026,5017,101.333,2741.3,2027.6,61.07,97.59901,155.7,1.1828,1.3643,0.6894,1.3699,104.1055,108.6875,111.6719,115.3438,6945.75,25738.25,2679.6
24/01/2026,5017,101.333,2741.3,2027.6,61.07,97.59901,155.7,1.1828,1.3643,0.6894,1.3699,104.1055,108.6875,111.6719,115.3438,6945.75,25738.25,2679.6
25/01/2026,5017,101.333,2741.3,2027.6,61.07,97.59901,154.68,1.1866,1.3669,0.6924,1.3699,104.1055,108.6875,111.6719,115.3438,6945.75,25738.25,2679.6
26/01/2026,5121.399902,114.7050018,2835.699951,2162.5,60.79000092,96.93900299,154.1,1.1878,1.3694,0.693,1.371,104.1210938,108.7734375,111.828125,115.6875,6989,25914.75,2672.300049
