,Date,Open,High,Low,Close,Volume,Ticker
01/01/1900,09/09/2024,65.84,65.96,05/03/1900 20:09,05/03/1900 05:02,471,CLA Comdty
02/01/1900,10/09/2024,65.84,65.96,05/03/1900 20:09,03/03/1900 08:24,2703,CLA Comdty
03/01/1900,11/09/2024,64.12,64.4,04/03/1900 02:52,04/03/1900 08:52,1068,CLA Comdty
04/01/1900,12/09/2024,64.12,64.4,04/03/1900 02:52,05/03/1900 11:16,1087,CLA Comdty
05/01/1900,13/09/2024,65.18,65.18,04/03/1900 23:16,04/03/1900 23:16,924,CLA Comdty
06/01/1900,14/09/2024,65.18,65.18,04/03/1900 23:16,04/03/1900 23:16,924,CLA Comdty
07/01/1900,15/09/2024,65.18,65.18,04/03/1900 23:16,04/03/1900 23:16,924,CLA Comdty
08/01/1900,16/09/2024,65.75,65.75,05/03/1900 18:00,05/03/1900 20:09,1031,CLA Comdty
09/01/1900,17/09/2024,65.75,65.75,05/03/1900 18:00,06/03/1900 11:16,4012,CLA Comdty
10/01/1900,18/09/2024,65.75,65.75,05/03/1900 18:00,06/03/1900 09:07,756,CLA Comdty
11/01/1900,19/09/2024,67.18,67.18,06/03/1900 21:50,06/03/1900 22:19,1658,CLA Comdty
12/01/1900,20/09/2024,67.18,67.18,06/03/1900 21:50,06/03/1900 20:52,1264,CLA Comdty
13/01/1900,21/09/2024,67.18,67.18,06/03/1900 21:50,06/03/1900 20:52,1264,CLA Comdty
14/01/1900,22/09/2024,67.18,67.18,06/03/1900 21:50,06/03/1900 20:52,1264,CLA Comdty
15/01/1900,23/09/2024,67.18,67.18,06/03/1900 21:50,06/03/1900 17:16,715,CLA Comdty
16/01/1900,24/09/2024,67.18,67.18,06/03/1900 21:50,07/03/1900 15:36,1034,CLA Comdty
17/01/1900,25/09/2024,67.18,67.18,06/03/1900 21:50,06/03/1900 17:02,358,CLA Comdty
18/01/1900,26/09/2024,65.59,65.59,05/03/1900 10:19,05/03/1900 17:45,3237,CLA Comdty
19/01/1900,27/09/2024,65.68,65.68,65.68,65.91,515,CLA Comdty
20/01/1900,28/09/2024,65.68,65.68,65.68,65.91,515,CLA Comdty
21/01/1900,29/09/2024,65.68,65.68,65.68,65.91,515,CLA Comdty
22/01/1900,30/09/2024,65.68,65.68,65.68,66.16,618,CLA Comdty
23/01/1900,01/10/2024,65.68,65.68,65.68,67.15,1953,CLA Comdty
24/01/1900,02/10/2024,65.68,65.68,65.68,67.2,1868,CLA Comdty
25/01/1900,03/10/2024,67.83,69.57,67.83,69.47,2147,CLA Comdty
26/01/1900,04/10/2024,67.83,69.57,67.83,69.13,1503,CLA Comdty
27/01/1900,05/10/2024,67.83,69.57,67.83,69.13,1503,CLA Comdty
28/01/1900,06/10/2024,67.83,69.57,67.83,69.13,1503,CLA Comdty
29/01/1900,07/10/2024,69.71,69.71,69.71,71.04,2396,CLA Comdty
30/01/1900,08/10/2024,69.83,69.83,68.84,69.33,3193,CLA Comdty
31/01/1900,09/10/2024,68.52,68.72,68.52,68.7,1979,CLA Comdty
01/02/1900,10/10/2024,68.52,68.72,68.52,70.01,3722,CLA Comdty
02/02/1900,11/10/2024,68.52,68.72,68.52,70.04,1166,CLA Comdty
03/02/1900,12/10/2024,68.52,68.72,68.52,70.04,1166,CLA Comdty
04/02/1900,13/10/2024,68.52,68.72,68.52,70.04,1166,CLA Comdty
05/02/1900,14/10/2024,68.52,68.72,68.52,69.34,418,CLA Comdty
06/02/1900,15/10/2024,68.52,68.72,68.52,67.02,801,CLA Comdty
07/02/1900,16/10/2024,68.52,68.72,68.52,66.61,330,CLA Comdty
08/02/1900,17/10/2024,66.21,66.21,66.21,66.91,511,CLA Comdty
09/02/1900,18/10/2024,66.17,66.17,66.17,66.09,320,CLA Comdty
10/02/1900,19/10/2024,66.17,66.17,66.17,66.09,320,CLA Comdty
11/02/1900,20/10/2024,66.17,66.17,66.17,66.09,320,CLA Comdty
12/02/1900,21/10/2024,66.17,66.17,66.17,66.95,2475,CLA Comdty
13/02/1900,22/10/2024,66.17,66.17,66.17,68.16,2449,CLA Comdty
14/02/1900,23/10/2024,66.17,66.17,66.17,67.36,641,CLA Comdty
15/02/1900,24/10/2024,66.96,67,66.89,67.15,433,CLA Comdty
16/02/1900,25/10/2024,66.96,67,66.89,68.22,324,CLA Comdty
17/02/1900,26/10/2024,66.96,67,66.89,68.22,324,CLA Comdty
18/02/1900,27/10/2024,66.96,67,66.89,68.22,324,CLA Comdty
19/02/1900,28/10/2024,66.96,67,66.89,65,1886,CLA Comdty
20/02/1900,29/10/2024,66.96,67,66.89,64.88,755,CLA Comdty
21/02/1900,30/10/2024,66.05,66.05,66.05,65.94,1146,CLA Comdty
22/02/1900,31/10/2024,66.25,67.09,66.25,66.19,1850,CLA Comdty
23/02/1900,01/11/2024,67.2,67.2,66.44,66.5,1181,CLA Comdty
24/02/1900,02/11/2024,67.2,67.2,66.44,66.5,1181,CLA Comdty
25/02/1900,03/11/2024,67.2,67.2,66.44,66.5,1181,CLA Comdty
26/02/1900,04/11/2024,68.05,68.05,67.22,67.53,1416,CLA Comdty
27/02/1900,05/11/2024,68.03,68.03,67.86,67.74,855,CLA Comdty
28/02/1900,06/11/2024,66.52,68,66.52,67.7,1010,CLA Comdty
29/02/1900,07/11/2024,67.66,68.32,67.36,68.35,1836,CLA Comdty
01/03/1900,08/11/2024,67.99,67.99,67.99,67.37,1282,CLA Comdty
02/03/1900,09/11/2024,67.99,67.99,67.99,67.37,1282,CLA Comdty
03/03/1900,10/11/2024,67.99,67.99,67.99,67.37,1282,CLA Comdty
04/03/1900,11/11/2024,66.23,66.23,66,65.95,693,CLA Comdty
05/03/1900,12/11/2024,66.23,66.23,66,65.85,1309,CLA Comdty
06/03/1900,13/11/2024,66.23,66.23,66,65.85,2442,CLA Comdty
07/03/1900,14/11/2024,65.86,66.18,65.85,65.88,2735,CLA Comdty
08/03/1900,15/11/2024,65.86,66.18,65.85,64.73,4910,CLA Comdty
09/03/1900,16/11/2024,65.86,66.18,65.85,64.73,4910,CLA Comdty
10/03/1900,17/11/2024,65.86,66.18,65.85,64.73,4910,CLA Comdty
11/03/1900,18/11/2024,65.24,66.33,65.24,66.6,487,CLA Comdty
12/03/1900,19/11/2024,66.5,66.5,66.5,66.8,585,CLA Comdty
13/03/1900,20/11/2024,66.9,66.93,66.9,66.41,445,CLA Comdty
14/03/1900,21/11/2024,67.08,67.08,67.07,66.97,4963,CLA Comdty
15/03/1900,22/11/2024,67.08,67.08,67.07,67.64,2249,CLA Comdty
16/03/1900,23/11/2024,67.08,67.08,67.07,67.64,2249,CLA Comdty
17/03/1900,24/11/2024,67.08,67.08,67.07,67.64,2249,CLA Comdty
18/03/1900,25/11/2024,67.08,67.08,67.07,66.01,1755,CLA Comdty
19/03/1900,26/11/2024,67.08,67.08,67.07,66.1,2019,CLA Comdty
20/03/1900,27/11/2024,66.11,66.21,66.11,65.88,1216,CLA Comdty
21/03/1900,28/11/2024,66.11,66.21,66.11,65.88,1216,CLA Comdty
22/03/1900,29/11/2024,66.11,66.21,66.11,65.41,1022,CLA Comdty
23/03/1900,30/11/2024,66.11,66.21,66.11,65.41,1022,CLA Comdty
24/03/1900,01/12/2024,66.11,66.21,66.11,65.41,1022,CLA Comdty
25/03/1900,02/12/2024,66.11,66.21,66.11,65.51,1481,CLA Comdty
26/03/1900,03/12/2024,66.11,66.21,66.11,66.75,1171,CLA Comdty
27/03/1900,04/12/2024,66.11,66.21,66.11,65.61,3465,CLA Comdty
28/03/1900,05/12/2024,65.8,65.8,65.6,65.45,2366,CLA Comdty
29/03/1900,06/12/2024,65.19,65.38,65,65.05,2405,CLA Comdty
30/03/1900,07/12/2024,65.19,65.38,65,65.05,2405,CLA Comdty
31/03/1900,08/12/2024,65.19,65.38,65,65.05,2405,CLA Comdty
01/04/1900,09/12/2024,65.73,66,65.73,65.97,1102,CLA Comdty
02/04/1900,10/12/2024,66.18,66.18,66.14,66.02,1742,CLA Comdty
03/04/1900,11/12/2024,66.52,67.08,66.52,66.79,1594,CLA Comdty
04/04/1900,12/12/2024,66.62,66.87,66.62,66.86,1602,CLA Comdty
05/04/1900,13/12/2024,66.62,66.87,66.62,67.46,1078,CLA Comdty
06/04/1900,14/12/2024,66.62,66.87,66.62,67.46,1078,CLA Comdty
07/04/1900,15/12/2024,66.62,66.87,66.62,67.46,1078,CLA Comdty
08/04/1900,16/12/2024,66.62,66.87,66.62,67.05,1083,CLA Comdty
09/04/1900,17/12/2024,66.62,66.87,66.62,66.47,6467,CLA Comdty
10/04/1900,18/12/2024,66.46,66.46,66.46,66.41,2995,CLA Comdty
11/04/1900,19/12/2024,66.59,66.59,66.59,65.71,3772,CLA Comdty
12/04/1900,20/12/2024,65.71,65.71,65.71,65.81,1006,CLA Comdty
13/04/1900,21/12/2024,65.71,65.71,65.71,65.81,1006,CLA Comdty
14/04/1900,22/12/2024,65.71,65.71,65.71,65.81,1006,CLA Comdty
15/04/1900,23/12/2024,65.71,65.71,65.71,65.76,1129,CLA Comdty
16/04/1900,24/12/2024,66.4,66.4,66.12,66.33,637,CLA Comdty
17/04/1900,25/12/2024,66.4,66.4,66.12,66.33,637,CLA Comdty
18/04/1900,26/12/2024,66.5,66.5,65.84,66.02,972,CLA Comdty
19/04/1900,27/12/2024,66.29,66.29,66.29,66.49,1482,CLA Comdty
20/04/1900,28/12/2024,66.29,66.29,66.29,66.49,1482,CLA Comdty
21/04/1900,29/12/2024,66.29,66.29,66.29,66.49,1482,CLA Comdty
22/04/1900,30/12/2024,66.86,66.86,66.86,66.78,863,CLA Comdty
23/04/1900,31/12/2024,67.3,67.4,67,67.36,955,CLA Comdty
24/04/1900,01/01/2025,67.3,67.4,67,67.36,955,CLA Comdty
25/04/1900,02/01/2025,67.3,67.4,67,68.03,2466,CLA Comdty
26/04/1900,03/01/2025,67.3,67.4,67,68.39,3285,CLA Comdty
27/04/1900,04/01/2025,67.3,67.4,67,68.39,3285,CLA Comdty
28/04/1900,05/01/2025,67.3,67.4,67,68.39,3285,CLA Comdty
29/04/1900,06/01/2025,68.49,68.5,68.19,68.48,2411,CLA Comdty
30/04/1900,07/01/2025,68.49,68.5,68.19,68.74,1771,CLA Comdty
01/05/1900,08/01/2025,68.08,68.2,68.08,68.17,3508,CLA Comdty
02/05/1900,09/01/2025,68.3,68.55,68.3,68.41,2678,CLA Comdty
03/05/1900,10/01/2025,69.42,70.02,69.21,69.19,8222,CLA Comdty
04/05/1900,11/01/2025,69.42,70.02,69.21,69.19,8222,CLA Comdty
05/05/1900,12/01/2025,69.42,70.02,69.21,69.19,8222,CLA Comdty
06/05/1900,13/01/2025,68.78,68.95,68.78,68.74,9771,CLA Comdty
07/05/1900,14/01/2025,68.77,69.13,68.57,69.07,12911,CLA Comdty
08/05/1900,15/01/2025,69.19,69.63,69.19,69.69,7031,CLA Comdty
09/05/1900,16/01/2025,69,69,69,69.03,4145,CLA Comdty
10/05/1900,17/01/2025,69,69,69,68.86,2322,CLA Comdty
11/05/1900,18/01/2025,69,69,69,68.86,2322,CLA Comdty
12/05/1900,19/01/2025,69,69,69,68.86,2322,CLA Comdty
13/05/1900,20/01/2025,69,69,69,68.86,2322,CLA Comdty
14/05/1900,21/01/2025,68.99,68.99,68.61,68.75,8695,CLA Comdty
15/05/1900,22/01/2025,68.99,68.99,68.61,68.87,2856,CLA Comdty
16/05/1900,23/01/2025,68.99,68.99,68.61,68.7,9504,CLA Comdty
17/05/1900,24/01/2025,68.99,68.99,68.61,68.44,3707,CLA Comdty
18/05/1900,25/01/2025,68.99,68.99,68.61,68.44,3707,CLA Comdty
19/05/1900,26/01/2025,68.99,68.99,68.61,68.44,3707,CLA Comdty
20/05/1900,27/01/2025,67.5,67.5,67.21,67.41,3737,CLA Comdty
21/05/1900,28/01/2025,67.66,67.77,67.19,67.26,8020,CLA Comdty
22/05/1900,29/01/2025,67.26,67.26,67.05,66.75,4995,CLA Comdty
23/05/1900,30/01/2025,67.25,67.32,66.95,66.96,4936,CLA Comdty
24/05/1900,31/01/2025,67.17,67.17,66.8,66.77,2342,CLA Comdty
25/05/1900,01/02/2025,67.17,67.17,66.8,66.77,2342,CLA Comdty
26/05/1900,02/02/2025,67.17,67.17,66.8,66.77,2342,CLA Comdty
27/05/1900,03/02/2025,67,67,67,66.74,5572,CLA Comdty
28/05/1900,04/02/2025,66,67.31,65.99,67.29,4751,CLA Comdty
29/05/1900,05/02/2025,66,67.31,65.99,66.33,3445,CLA Comdty
30/05/1900,06/02/2025,66,67.31,65.99,66.49,2928,CLA Comdty
31/05/1900,07/02/2025,66.75,66.75,66.6,66.82,3667,CLA Comdty
01/06/1900,08/02/2025,66.75,66.75,66.6,66.82,3667,CLA Comdty
02/06/1900,09/02/2025,66.75,66.75,66.6,66.82,3667,CLA Comdty
03/06/1900,10/02/2025,67.78,67.78,67.58,67.62,5383,CLA Comdty
04/06/1900,11/02/2025,68.5,68.5,68.22,68.65,3274,CLA Comdty
05/06/1900,12/02/2025,67.41,67.41,67.41,67.42,3007,CLA Comdty
06/06/1900,13/02/2025,67.2,67.2,67.2,67.3,2082,CLA Comdty
07/06/1900,14/02/2025,67.51,67.51,67.35,67.29,1579,CLA Comdty
08/06/1900,15/02/2025,67.51,67.51,67.35,67.29,1579,CLA Comdty
09/06/1900,16/02/2025,67.51,67.51,67.35,67.29,1579,CLA Comdty
10/06/1900,17/02/2025,67.51,67.51,67.35,67.29,1579,CLA Comdty
11/06/1900,18/02/2025,67.49,67.99,67.31,67.75,7416,CLA Comdty
12/06/1900,19/02/2025,67.43,68.02,67.43,68.01,3243,CLA Comdty
13/06/1900,20/02/2025,67.43,68.02,67.43,68.41,3592,CLA Comdty
14/06/1900,21/02/2025,68,68.05,66.68,66.83,4128,CLA Comdty
15/06/1900,22/02/2025,68,68.05,66.68,66.83,4128,CLA Comdty
16/06/1900,23/02/2025,68,68.05,66.68,66.83,4128,CLA Comdty
17/06/1900,24/02/2025,66.91,67.14,66.74,66.9,4377,CLA Comdty
18/06/1900,25/02/2025,66.95,67,65.22,65.44,4860,CLA Comdty
19/06/1900,26/02/2025,65.37,65.44,64.87,64.89,8023,CLA Comdty
20/06/1900,27/02/2025,65.28,66.13,65.26,65.86,6858,CLA Comdty
21/06/1900,28/02/2025,65.68,65.68,65.17,65.23,4017,CLA Comdty
22/06/1900,01/03/2025,65.68,65.68,65.17,65.23,4017,CLA Comdty
23/06/1900,02/03/2025,65.68,65.68,65.17,65.23,4017,CLA Comdty
24/06/1900,03/03/2025,65.25,65.86,64.43,64.6,7649,CLA Comdty
25/06/1900,04/03/2025,64.35,64.41,63.54,64.35,6767,CLA Comdty
26/06/1900,05/03/2025,64.58,64.59,62.23,63.05,7915,CLA Comdty
27/06/1900,06/03/2025,63.2,63.5,62.48,62.93,11159,CLA Comdty
28/06/1900,07/03/2025,63.1,64.17,63.1,63.63,7634,CLA Comdty
29/06/1900,08/03/2025,63.1,64.17,63.1,63.63,7634,CLA Comdty
30/06/1900,09/03/2025,63.1,64.17,63.1,63.63,7634,CLA Comdty
01/07/1900,10/03/2025,63.7,63.7,62.3,62.52,4399,CLA Comdty
02/07/1900,11/03/2025,62.36,63.14,62.36,62.66,5790,CLA Comdty
03/07/1900,12/03/2025,63,63.91,62.85,63.9,6417,CLA Comdty
04/07/1900,13/03/2025,63.79,63.79,63.02,63.09,5484,CLA Comdty
05/07/1900,14/03/2025,63.58,63.59,63.25,63.58,4528,CLA Comdty
06/07/1900,15/03/2025,63.58,63.59,63.25,63.58,4528,CLA Comdty
07/07/1900,16/03/2025,63.58,63.59,63.25,63.58,4528,CLA Comdty
08/07/1900,17/03/2025,64.11,64.12,63.8,64.06,5042,CLA Comdty
09/07/1900,18/03/2025,64.55,64.89,63.61,63.76,8298,CLA Comdty
10/07/1900,19/03/2025,63.51,64.24,63.3,63.83,7033,CLA Comdty
11/07/1900,20/03/2025,64.17,64.77,63.94,64.63,5285,CLA Comdty
12/07/1900,21/03/2025,64.97,64.97,64.36,64.62,5776,CLA Comdty
13/07/1900,22/03/2025,64.97,64.97,64.36,64.62,5776,CLA Comdty
14/07/1900,23/03/2025,64.97,64.97,64.36,64.62,5776,CLA Comdty
15/07/1900,24/03/2025,64.65,65.25,64.61,65.12,5715,CLA Comdty
16/07/1900,25/03/2025,65.01,65.46,64.74,65.13,6738,CLA Comdty
17/07/1900,26/03/2025,65.33,65.88,65.3,65.54,6510,CLA Comdty
18/07/1900,27/03/2025,65.54,65.86,65.3,65.85,4820,CLA Comdty
19/07/1900,28/03/2025,65.79,65.83,64.81,65.1,4751,CLA Comdty
20/07/1900,29/03/2025,65.79,65.83,64.81,65.1,4751,CLA Comdty
21/07/1900,30/03/2025,65.79,65.83,64.81,65.1,4751,CLA Comdty
22/07/1900,31/03/2025,64.94,66.66,64.87,66.4,9568,CLA Comdty
23/07/1900,01/04/2025,66.34,66.73,66.27,66.53,6509,CLA Comdty
24/07/1900,02/04/2025,66.49,66.81,65.92,66.74,8985,CLA Comdty
25/07/1900,03/04/2025,65.6,65.6,62.53,63.07,13223,CLA Comdty
26/07/1900,04/04/2025,62.62,62.83,58.24,59.5,26566,CLA Comdty
27/07/1900,05/04/2025,62.62,62.83,58.24,59.5,26566,CLA Comdty
28/07/1900,06/04/2025,62.62,62.83,58.24,59.5,26566,CLA Comdty
29/07/1900,07/04/2025,58,61.35,57.4,59.22,34482,CLA Comdty
30/07/1900,08/04/2025,59.71,59.74,56.85,57.66,18855,CLA Comdty
31/07/1900,09/04/2025,56.63,60.12,54.56,59.51,32703,CLA Comdty
01/08/1900,10/04/2025,60.12,60.17,57.35,58.17,13112,CLA Comdty
02/08/1900,11/04/2025,57.88,58.95,57.7,58.72,9023,CLA Comdty
03/08/1900,12/04/2025,57.88,58.95,57.7,58.72,9023,CLA Comdty
04/08/1900,13/04/2025,57.88,58.95,57.7,58.72,9023,CLA Comdty
05/08/1900,14/04/2025,59.32,59.76,58.61,59.24,5441,CLA Comdty
06/08/1900,15/04/2025,59.3,59.57,58.68,58.74,3501,CLA Comdty
07/08/1900,16/04/2025,58.82,59.6,57.99,59.32,7042,CLA Comdty
08/08/1900,17/04/2025,59.58,61.2,59.48,61.06,7573,CLA Comdty
09/08/1900,18/04/2025,59.58,61.2,59.48,61.06,7573,CLA Comdty
10/08/1900,19/04/2025,59.58,61.2,59.48,61.06,7573,CLA Comdty
11/08/1900,20/04/2025,59.58,61.2,59.48,61.06,7573,CLA Comdty
12/08/1900,21/04/2025,60.14,60.29,59.33,59.52,5889,CLA Comdty
13/08/1900,22/04/2025,60.12,61.01,59.97,60.6,9724,CLA Comdty
14/08/1900,23/04/2025,60.73,61.5,59.27,59.74,18742,CLA Comdty
15/08/1900,24/04/2025,59.66,60.51,59.65,60.31,9053,CLA Comdty
16/08/1900,25/04/2025,60.53,60.72,59.72,60.53,7948,CLA Comdty
17/08/1900,26/04/2025,60.53,60.72,59.72,60.53,7948,CLA Comdty
18/08/1900,27/04/2025,60.53,60.72,59.72,60.53,7948,CLA Comdty
19/08/1900,28/04/2025,60.84,60.93,59.55,59.91,13137,CLA Comdty
20/08/1900,29/04/2025,59.75,59.86,58.84,58.95,14998,CLA Comdty
21/08/1900,30/04/2025,58.94,58.94,56.79,56.81,20633,CLA Comdty
22/08/1900,01/05/2025,57.03,57.81,55.58,57.71,14398,CLA Comdty
23/08/1900,02/05/2025,57.92,58.07,56.72,57.34,12546,CLA Comdty
24/08/1900,03/05/2025,57.92,58.07,56.72,57.34,12546,CLA Comdty
25/08/1900,04/05/2025,57.92,58.07,56.72,57.34,12546,CLA Comdty
26/08/1900,05/05/2025,55.82,56.98,55.78,56.69,12244,CLA Comdty
27/08/1900,06/05/2025,57.03,58.72,57.03,58.32,14454,CLA Comdty
28/08/1900,07/05/2025,58.41,58.94,57.19,57.35,10234,CLA Comdty
29/08/1900,08/05/2025,57.31,58.78,57.31,58.64,16193,CLA Comdty
30/08/1900,09/05/2025,58.66,59.52,58.66,59.24,8650,CLA Comdty
31/08/1900,10/05/2025,58.66,59.52,58.66,59.24,8650,CLA Comdty
01/09/1900,11/05/2025,58.66,59.52,58.66,59.24,8650,CLA Comdty
02/09/1900,12/05/2025,59.4,61.22,59.25,60.34,18306,CLA Comdty
03/09/1900,13/05/2025,60.25,61.68,60.09,61.52,11997,CLA Comdty
04/09/1900,14/05/2025,61.25,61.43,60.78,61.02,8405,CLA Comdty
05/09/1900,15/05/2025,60.31,60.39,59.39,59.93,21342,CLA Comdty
06/09/1900,16/05/2025,59.96,60.44,59.56,60.25,10783,CLA Comdty
07/09/1900,17/05/2025,59.96,60.44,59.56,60.25,10783,CLA Comdty
08/09/1900,18/05/2025,59.96,60.44,59.56,60.25,10783,CLA Comdty
09/09/1900,19/05/2025,60.23,60.5,59.68,60.12,11910,CLA Comdty
10/09/1900,20/05/2025,60.03,60.56,59.86,60.34,13358,CLA Comdty
11/09/1900,21/05/2025,60.78,61.81,59.81,60.06,15761,CLA Comdty
12/09/1900,22/05/2025,59.96,59.97,59.19,59.67,15145,CLA Comdty
13/09/1900,23/05/2025,59.36,60.05,58.74,59.89,18952,CLA Comdty
14/09/1900,24/05/2025,59.36,60.05,58.74,59.89,18952,CLA Comdty
15/09/1900,25/05/2025,59.36,60.05,58.74,59.89,18952,CLA Comdty
16/09/1900,26/05/2025,59.36,60.05,58.74,59.89,18952,CLA Comdty
17/09/1900,27/05/2025,60.06,60.13,58.98,59.41,18969,CLA Comdty
18/09/1900,28/05/2025,59.54,60.52,59.41,59.95,12991,CLA Comdty
19/09/1900,29/05/2025,59.83,60.79,58.73,58.89,16479,CLA Comdty
20/09/1900,30/05/2025,58.65,59.41,57.92,58.36,19108,CLA Comdty
21/09/1900,31/05/2025,58.65,59.41,57.92,58.36,19108,CLA Comdty
22/09/1900,01/06/2025,58.65,59.41,57.92,58.36,19108,CLA Comdty
23/09/1900,02/06/2025,59.29,60.48,59.22,59.67,16898,CLA Comdty
24/09/1900,03/06/2025,60.2,60.84,59.79,60.69,11713,CLA Comdty
25/09/1900,04/06/2025,60.62,60.89,59.73,60.08,15250,CLA Comdty
26/09/1900,05/06/2025,60.31,60.91,60.22,60.53,12368,CLA Comdty
27/09/1900,06/06/2025,60.38,61.33,60.13,61.21,14710,CLA Comdty
28/09/1900,07/06/2025,60.38,61.33,60.13,61.21,14710,CLA Comdty
29/09/1900,08/06/2025,60.38,61.33,60.13,61.21,14710,CLA Comdty
30/09/1900,09/06/2025,61.22,61.59,61,61.57,11592,CLA Comdty
01/10/1900,10/06/2025,61.59,62.06,61.05,61.37,20763,CLA Comdty
02/10/1900,11/06/2025,61.14,63.47,61.14,63.3,44577,CLA Comdty
03/10/1900,12/06/2025,63.73,63.73,62.45,63.02,45483,CLA Comdty
04/10/1900,13/06/2025,63.39,67.07,63.39,65.32,116958,CLA Comdty
05/10/1900,14/06/2025,63.39,67.07,63.39,65.32,116958,CLA Comdty
06/10/1900,15/06/2025,63.39,67.07,63.39,65.32,116958,CLA Comdty
07/10/1900,16/06/2025,67.23,67.53,63.6,65.55,47712,CLA Comdty
08/10/1900,17/06/2025,65.45,67.44,65.24,67.33,45366,CLA Comdty
09/10/1900,18/06/2025,66.85,67.57,66.02,67.32,48815,CLA Comdty
10/10/1900,19/06/2025,66.85,67.57,66.02,67.32,48815,CLA Comdty
11/10/1900,20/06/2025,67.03,68.25,66.57,67.36,38366,CLA Comdty
12/10/1900,21/06/2025,67.03,68.25,66.57,67.36,38366,CLA Comdty
13/10/1900,22/06/2025,67.03,68.25,66.57,67.36,38366,CLA Comdty
14/10/1900,23/06/2025,69.8,69.8,63.74,64.68,51650,CLA Comdty
15/10/1900,24/06/2025,63.07,63.79,61.29,61.31,40614,CLA Comdty
16/10/1900,25/06/2025,61.94,62.26,60.92,60.97,25426,CLA Comdty
17/10/1900,26/06/2025,61.02,62.07,60.98,61.4,13045,CLA Comdty
18/10/1900,27/06/2025,61.43,61.77,60.89,61.38,15038,CLA Comdty
19/10/1900,28/06/2025,61.43,61.77,60.89,61.38,15038,CLA Comdty
20/10/1900,29/06/2025,61.43,61.77,60.89,61.38,15038,CLA Comdty
21/10/1900,30/06/2025,61.25,61.59,61.05,61.31,11770,CLA Comdty
22/10/1900,01/07/2025,61,61.71,61,61.54,12955,CLA Comdty
23/10/1900,02/07/2025,61.56,62.59,61.35,62.54,15002,CLA Comdty
24/10/1900,03/07/2025,62.31,62.42,61.82,62.36,12285,CLA Comdty
25/10/1900,04/07/2025,62.31,62.42,61.82,62.36,12285,CLA Comdty
26/10/1900,05/07/2025,62.31,62.42,61.82,62.36,12285,CLA Comdty
27/10/1900,06/07/2025,62.31,62.42,61.82,62.36,12285,CLA Comdty
28/10/1900,07/07/2025,61.47,63.18,61.41,62.95,22633,CLA Comdty
29/10/1900,08/07/2025,62.88,63.83,62.6,63.5,17168,CLA Comdty
30/10/1900,09/07/2025,63.35,63.81,62.91,63.3,18748,CLA Comdty
31/10/1900,10/07/2025,63.26,63.69,62.29,62.42,31028,CLA Comdty
01/11/1900,11/07/2025,62.52,63.89,62.37,63.63,24118,CLA Comdty
02/11/1900,12/07/2025,62.52,63.89,62.37,63.63,24118,CLA Comdty
03/11/1900,13/07/2025,62.52,63.89,62.37,63.63,24118,CLA Comdty
04/11/1900,14/07/2025,63.89,64.36,62.88,63.17,26048,CLA Comdty
05/11/1900,15/07/2025,63.12,63.4,62.75,62.8,27655,CLA Comdty
06/11/1900,16/07/2025,62.99,63.06,62.22,62.61,24289,CLA Comdty
07/11/1900,17/07/2025,62.78,63.42,62.53,63.31,18770,CLA Comdty
08/11/1900,18/07/2025,63.29,64.05,63.29,63.34,29807,CLA Comdty
09/11/1900,19/07/2025,63.29,64.05,63.29,63.34,29807,CLA Comdty
10/11/1900,20/07/2025,63.29,64.05,63.29,63.34,29807,CLA Comdty
11/11/1900,21/07/2025,63.46,63.62,63.04,63.44,19072,CLA Comdty
12/11/1900,22/07/2025,63.38,63.38,62.69,63,25385,CLA Comdty
13/11/1900,23/07/2025,63.15,63.32,62.66,63.13,17000,CLA Comdty
14/11/1900,24/07/2025,63.18,63.75,62.98,63.49,18889,CLA Comdty
15/11/1900,25/07/2025,63.63,63.92,62.65,62.83,17845,CLA Comdty
16/11/1900,26/07/2025,63.63,63.92,62.65,62.83,17845,CLA Comdty
17/11/1900,27/07/2025,63.63,63.92,62.65,62.83,17845,CLA Comdty
18/11/1900,28/07/2025,62.89,64.45,62.89,64.18,27539,CLA Comdty
19/11/1900,29/07/2025,64.18,66.33,64.1,66,63592,CLA Comdty
20/11/1900,30/07/2025,66.03,66.49,65.33,66.24,45562,CLA Comdty
21/11/1900,31/07/2025,66.31,66.31,65.1,65.53,27889,CLA Comdty
22/11/1900,01/08/2025,65.62,65.63,63.29,63.58,26428,CLA Comdty
23/11/1900,02/08/2025,65.62,65.63,63.29,63.58,26428,CLA Comdty
24/11/1900,03/08/2025,65.62,65.63,63.29,63.58,26428,CLA Comdty
25/11/1900,04/08/2025,63,63.86,62.56,63.25,22141,CLA Comdty
26/11/1900,05/08/2025,63.3,63.31,62.36,62.42,26670,CLA Comdty
27/11/1900,06/08/2025,62.66,63.64,61.38,61.84,25741,CLA Comdty
28/11/1900,07/08/2025,61.77,62.57,61.63,61.74,26670,CLA Comdty
29/11/1900,08/08/2025,61.73,62.2,60.94,61.61,34550,CLA Comdty
30/11/1900,09/08/2025,61.73,62.2,60.94,61.61,34550,CLA Comdty
01/12/1900,10/08/2025,61.73,62.2,60.94,61.61,34550,CLA Comdty
02/12/1900,11/08/2025,61.41,62.06,61.11,61.83,18170,CLA Comdty
03/12/1900,12/08/2025,62.03,62.12,61.31,61.45,28868,CLA Comdty
04/12/1900,13/08/2025,61.4,61.51,60.44,61.01,26277,CLA Comdty
05/12/1900,14/08/2025,61.13,61.73,60.81,61.62,26285,CLA Comdty
06/12/1900,15/08/2025,61.61,61.61,60.85,60.93,26931,CLA Comdty
07/12/1900,16/08/2025,61.61,61.61,60.85,60.93,26931,CLA Comdty
08/12/1900,17/08/2025,61.61,61.61,60.85,60.93,26931,CLA Comdty
09/12/1900,18/08/2025,61,61.66,60.56,61.47,23802,CLA Comdty
10/12/1900,19/08/2025,61.49,61.49,60.73,60.85,19792,CLA Comdty
11/12/1900,20/08/2025,61.11,62.01,60.95,61.77,27311,CLA Comdty
12/12/1900,21/08/2025,61.95,62.5,61.75,62.44,36550,CLA Comdty
13/12/1900,22/08/2025,62.3,62.71,62.24,62.54,33824,CLA Comdty
14/12/1900,23/08/2025,62.3,62.71,62.24,62.54,33824,CLA Comdty
15/12/1900,24/08/2025,62.3,62.71,62.24,62.54,33824,CLA Comdty
16/12/1900,25/08/2025,62.65,63.66,62.48,63.44,18925,CLA Comdty
17/12/1900,26/08/2025,63.41,63.41,61.96,62.06,17938,CLA Comdty
18/12/1900,27/08/2025,62.17,62.59,61.76,62.54,24643,CLA Comdty
19/12/1900,28/08/2025,62.3,63.06,62.02,63.02,21208,CLA Comdty
20/12/1900,29/08/2025,62.67,62.88,62.3,62.4,18280,CLA Comdty
21/12/1900,30/08/2025,62.67,62.88,62.3,62.4,18280,CLA Comdty
22/12/1900,31/08/2025,62.67,62.88,62.3,62.4,18280,CLA Comdty
23/12/1900,01/09/2025,62.67,62.88,62.3,62.4,18280,CLA Comdty
24/12/1900,02/09/2025,62.45,64.13,62.15,64,50250,CLA Comdty
25/12/1900,03/09/2025,63.95,64.08,62.59,62.81,35127,CLA Comdty
26/12/1900,04/09/2025,62.64,62.64,61.63,62.21,27930,CLA Comdty
27/12/1900,05/09/2025,62.05,62.2,60.52,60.91,40556,CLA Comdty
28/12/1900,06/09/2025,62.05,62.2,60.52,60.91,40556,CLA Comdty
29/12/1900,07/09/2025,62.05,62.2,60.52,60.91,40556,CLA Comdty
30/12/1900,08/09/2025,61.03,62.16,61,61.43,29932,CLA Comdty
31/12/1900,09/09/2025,61.63,62.7,61.58,61.86,30488,CLA Comdty
01/01/1901,10/09/2025,61.95,62.98,61.95,62.75,28312,CLA Comdty
02/01/1901,11/09/2025,62.75,62.81,61.47,61.61,27551,CLA Comdty
03/01/1901,12/09/2025,61.56,63.02,61.04,61.95,45179,CLA Comdty
04/01/1901,13/09/2025,61.56,63.02,61.04,61.95,45179,CLA Comdty
05/01/1901,14/09/2025,61.56,63.02,61.04,61.95,45179,CLA Comdty
06/01/1901,15/09/2025,62.23,62.76,61.86,62.43,20547,CLA Comdty
07/01/1901,16/09/2025,62.47,63.5,62.14,63.33,34210,CLA Comdty
08/01/1901,17/09/2025,63.4,63.41,62.47,62.76,34696,CLA Comdty
09/01/1901,18/09/2025,62.84,63.16,62.17,62.3,37850,CLA Comdty
10/01/1901,19/09/2025,62.34,62.39,61.27,61.43,38946,CLA Comdty
11/01/1901,20/09/2025,62.34,62.39,61.27,61.43,38946,CLA Comdty
12/01/1901,21/09/2025,62.34,62.39,61.27,61.43,38946,CLA Comdty
13/01/1901,22/09/2025,61.44,61.95,60.85,61.43,33556,CLA Comdty
14/01/1901,23/09/2025,61.45,62.73,60.99,62.28,29826,CLA Comdty
15/01/1901,24/09/2025,62.56,63.48,62.16,63.45,47944,CLA Comdty
16/01/1901,25/09/2025,63.32,63.76,62.81,63.53,36194,CLA Comdty
17/01/1901,26/09/2025,63.73,64.75,63.34,64.18,44554,CLA Comdty
18/01/1901,27/09/2025,63.73,64.75,63.34,64.18,44554,CLA Comdty
19/01/1901,28/09/2025,63.73,64.75,63.34,64.18,44554,CLA Comdty
20/01/1901,29/09/2025,63.68,63.96,62.01,62.37,34826,CLA Comdty
21/01/1901,30/09/2025,62.04,62.13,61.07,61.36,50647,CLA Comdty
22/01/1901,01/10/2025,61.51,61.78,60.56,60.89,41150,CLA Comdty
23/01/1901,02/10/2025,60.93,61.55,59.77,59.86,50377,CLA Comdty
24/01/1901,03/10/2025,60.05,60.57,59.94,60.16,39639,CLA Comdty
25/01/1901,04/10/2025,60.05,60.57,59.94,60.16,39639,CLA Comdty
26/01/1901,05/10/2025,60.05,60.57,59.94,60.16,39639,CLA Comdty
27/01/1901,06/10/2025,60.44,61.15,60.31,60.93,36810,CLA Comdty
28/01/1901,07/10/2025,61.01,61.25,60.07,60.8,40042,CLA Comdty
29/01/1901,08/10/2025,61.09,61.63,61.03,61.37,55064,CLA Comdty
30/01/1901,09/10/2025,61.08,61.6,60.21,60.53,54879,CLA Comdty
31/01/1901,10/10/2025,60.5,60.64,57.58,58.19,71899,CLA Comdty
01/02/1901,11/10/2025,60.5,60.64,57.58,58.19,71899,CLA Comdty
02/02/1901,12/10/2025,60.5,60.64,57.58,58.19,71899,CLA Comdty
03/02/1901,13/10/2025,58.39,59.27,58.39,58.84,44855,CLA Comdty
04/02/1901,14/10/2025,59.05,59.11,57.2,58.07,52273,CLA Comdty
05/02/1901,15/10/2025,58.06,58.64,57.67,57.75,45060,CLA Comdty
06/02/1901,16/10/2025,58.18,58.36,56.74,56.93,52007,CLA Comdty
07/02/1901,17/10/2025,56.95,57.42,56.27,57.3,53965,CLA Comdty
08/02/1901,18/10/2025,56.95,57.42,56.27,57.3,53965,CLA Comdty
09/02/1901,19/10/2025,56.95,57.42,56.27,57.3,53965,CLA Comdty
10/02/1901,20/10/2025,57.36,57.55,56.31,57.2,50917,CLA Comdty
11/02/1901,21/10/2025,57.07,58.03,56.57,57.28,50102,CLA Comdty
12/02/1901,22/10/2025,57.59,59.44,57.37,58.32,75886,CLA Comdty
13/02/1901,23/10/2025,59.5,60.84,59.18,60.35,250623,CLA Comdty
14/02/1901,24/10/2025,60.25,60.91,59.89,60.27,111529,CLA Comdty
15/02/1901,25/10/2025,60.25,60.91,59.89,60.27,111529,CLA Comdty
16/02/1901,26/10/2025,60.25,60.91,59.89,60.27,111529,CLA Comdty
17/02/1901,27/10/2025,60.57,60.8,59.58,60.18,53188,CLA Comdty
18/02/1901,28/10/2025,60.31,60.31,59.04,59.47,77129,CLA Comdty
19/02/1901,29/10/2025,59.5,60.1,59.16,59.85,63244,CLA Comdty
20/02/1901,30/10/2025,59.71,59.98,58.94,59.79,57819,CLA Comdty
21/02/1901,31/10/2025,59.5,60.37,59.19,60.06,54151,CLA Comdty
22/02/1901,01/11/2025,59.5,60.37,59.19,60.06,54151,CLA Comdty
23/02/1901,02/11/2025,59.5,60.37,59.19,60.06,54151,CLA Comdty
24/02/1901,03/11/2025,60.42,60.66,59.8,60.33,52376,CLA Comdty
25/02/1901,04/11/2025,60.27,60.28,59.34,59.98,54349,CLA Comdty
26/02/1901,05/11/2025,59.75,60.38,59.15,59.22,66936,CLA Comdty
27/02/1901,06/11/2025,59.25,60.01,58.64,59.09,73161,CLA Comdty
28/02/1901,07/11/2025,59.32,59.96,59.02,59.43,59950,CLA Comdty
01/03/1901,08/11/2025,59.32,59.96,59.02,59.43,59950,CLA Comdty
02/03/1901,09/11/2025,59.32,59.96,59.02,59.43,59950,CLA Comdty
03/03/1901,10/11/2025,59.45,60.03,59.15,59.85,52091,CLA Comdty
04/03/1901,11/11/2025,59.76,60.9,59.42,60.82,74524,CLA Comdty
05/03/1901,12/11/2025,60.77,60.81,58.25,58.42,67162,CLA Comdty
06/03/1901,13/11/2025,58.32,58.95,58.02,58.46,62042,CLA Comdty
07/03/1901,14/11/2025,58.45,59.93,58.44,59.63,137365,CLA Comdty
08/03/1901,15/11/2025,58.45,59.93,58.44,59.63,137365,CLA Comdty
09/03/1901,16/11/2025,58.45,59.93,58.44,59.63,137365,CLA Comdty
10/03/1901,17/11/2025,59.35,59.93,58.97,59.55,60457,CLA Comdty
11/03/1901,18/11/2025,59.39,60.39,58.99,60.22,64119,CLA Comdty
12/03/1901,19/11/2025,60.18,60.24,58.3,58.74,88406,CLA Comdty
13/03/1901,20/11/2025,58.88,59.51,58.09,58.46,104559,CLA Comdty
14/03/1901,21/11/2025,58.22,58.22,56.96,57.64,99627,CLA Comdty
15/03/1901,22/11/2025,58.22,58.22,56.96,57.64,99627,CLA Comdty
16/03/1901,23/11/2025,58.22,58.22,56.96,57.64,99627,CLA Comdty
17/03/1901,24/11/2025,57.65,58.58,57.05,58.41,63361,CLA Comdty
18/03/1901,25/11/2025,58.4,58.45,56.74,57.61,87515,CLA Comdty
19/03/1901,26/11/2025,57.62,58.33,57.33,58.26,60918,CLA Comdty
20/03/1901,27/11/2025,57.62,58.33,57.33,58.26,60918,CLA Comdty
21/03/1901,28/11/2025,58.18,59.12,57.83,58.09,41534,CLA Comdty
22/03/1901,29/11/2025,58.18,59.12,57.83,58.09,41534,CLA Comdty
23/03/1901,30/11/2025,58.18,59.12,57.83,58.09,41534,CLA Comdty
24/03/1901,01/12/2025,58.46,59.41,58.38,58.87,78261,CLA Comdty
25/03/1901,02/12/2025,59.03,59.19,57.88,58.18,84357,CLA Comdty
26/03/1901,03/12/2025,58.17,59.09,57.91,58.45,79150,CLA Comdty
27/03/1901,04/12/2025,58.53,59.42,58.35,59.06,91845,CLA Comdty
28/03/1901,05/12/2025,59.05,59.85,58.85,59.56,77290,CLA Comdty
29/03/1901,06/12/2025,59.05,59.85,58.85,59.56,77290,CLA Comdty
30/03/1901,07/12/2025,59.05,59.85,58.85,59.56,77290,CLA Comdty
31/03/1901,08/12/2025,59.65,59.78,58.26,58.43,93722,CLA Comdty
01/04/1901,09/12/2025,58.43,58.73,57.83,57.96,107031,CLA Comdty
02/04/1901,10/12/2025,58.07,58.67,57.41,58.16,98258,CLA Comdty
03/04/1901,11/12/2025,58.59,58.59,56.74,57.35,109165,CLA Comdty
04/04/1901,12/12/2025,57.65,57.86,56.83,57.08,89554,CLA Comdty
05/04/1901,13/12/2025,57.65,57.86,56.83,57.08,89554,CLA Comdty
06/04/1901,14/12/2025,57.65,57.86,56.83,57.08,89554,CLA Comdty
07/04/1901,15/12/2025,57.08,57.44,56.11,56.56,107948,CLA Comdty
08/04/1901,16/12/2025,56.38,56.42,54.84,55.05,146452,CLA Comdty
09/04/1901,17/12/2025,55.06,56.65,55.05,55.71,154168,CLA Comdty
10/04/1901,18/12/2025,56.62,56.69,55.63,55.86,89551,CLA Comdty
11/04/1901,19/12/2025,55.77,56.55,55.5,56.36,94846,CLA Comdty
12/04/1901,20/12/2025,55.77,56.55,55.5,56.36,94846,CLA Comdty
13/04/1901,21/12/2025,55.77,56.55,55.5,56.36,94846,CLA Comdty
14/04/1901,22/12/2025,56.47,57.92,56.47,57.84,110921,CLA Comdty
15/04/1901,23/12/2025,57.79,58.31,57.56,58.13,111048,CLA Comdty
16/04/1901,24/12/2025,58.17,58.49,57.89,58.13,53263,CLA Comdty
17/04/1901,25/12/2025,58.17,58.49,57.89,58.13,53263,CLA Comdty
18/04/1901,26/12/2025,58.17,58.62,56.48,56.56,70256,CLA Comdty
19/04/1901,27/12/2025,58.17,58.62,56.48,56.56,70256,CLA Comdty
20/04/1901,28/12/2025,58.17,58.62,56.48,56.56,70256,CLA Comdty
21/04/1901,29/12/2025,56.86,58.05,56.74,57.85,79426,CLA Comdty
22/04/1901,30/12/2025,57.49,58.24,57.36,57.74,81457,CLA Comdty
23/04/1901,31/12/2025,57.69,58.32,57.01,57.22,88973,CLA Comdty
24/04/1901,01/01/2026,57.69,58.32,57.01,57.22,88973,CLA Comdty
25/04/1901,02/01/2026,57.23,57.73,56.42,57.12,93428,CLA Comdty
26/04/1901,03/01/2026,57.23,57.73,56.42,57.12,93428,CLA Comdty
27/04/1901,04/01/2026,57.23,57.73,56.42,57.12,93428,CLA Comdty
28/04/1901,05/01/2026,57.25,58.23,56.13,58.08,163003,CLA Comdty
29/04/1901,06/01/2026,58.1,58.6,56.66,56.94,187860,CLA Comdty
30/04/1901,07/01/2026,56.84,57.01,55.65,55.9,303737,CLA Comdty
01/05/1901,08/01/2026,56.3,58.58,55.89,57.64,246920,CLA Comdty
02/05/1901,09/01/2026,58.19,59.57,57.48,58.94,278434,CLA Comdty
03/05/1901,10/01/2026,58.19,59.57,57.48,58.94,278434,CLA Comdty
04/05/1901,11/01/2026,58.19,59.57,57.48,58.94,278434,CLA Comdty
05/05/1901,12/01/2026,58.89,59.72,58.32,59.32,282479,CLA Comdty
06/05/1901,13/01/2026,59.75,61.23,59.29,60.93,410800,CLA Comdty
07/05/1901,14/01/2026,60.88,62.2,59.08,61.88,451218,CLA Comdty
08/05/1901,15/01/2026,61,61.01,58.76,59.08,360637,CLA Comdty
09/05/1901,16/01/2026,59.17,60.05,58.81,59.34,313210,CLA Comdty
10/05/1901,17/01/2026,59.17,60.05,58.81,59.34,313210,CLA Comdty
11/05/1901,18/01/2026,59.17,60.05,58.81,59.34,313210,CLA Comdty
12/05/1901,19/01/2026,59.17,60.05,58.81,59.34,313210,CLA Comdty
13/05/1901,20/01/2026,58.94,60.51,58.53,60.36,499595,CLA Comdty
14/05/1901,21/01/2026,59.57,60.89,59.22,60.62,333062,CLA Comdty
15/05/1901,22/01/2026,60.68,60.82,58.96,59.36,324349,CLA Comdty
16/05/1901,23/01/2026,59.66,61.36,59.52,61.07,283419,CLA Comdty
17/05/1901,24/01/2026,59.66,61.36,59.52,61.07,283419,CLA Comdty
18/05/1901,25/01/2026,59.66,61.36,59.52,61.07,283419,CLA Comdty
19/05/1901,26/01/2026,61.22000122,61.70999908,60.41999817,60.79000092,191122,CLA Comdty
