,gross_leverage
2018-01-01,0.9999999999999999
2018-01-02,0.9999999999999999
2018-01-03,0.9999999999999999
2018-01-04,0.9999999999999999
2018-01-05,0.9999999999999999
2018-01-06,0.9999999999999999
2018-01-07,0.9999999999999999
2018-01-08,0.9999999999999999
2018-01-09,0.9999999999999999
2018-01-10,0.9999999999999999
2018-01-11,0.9999999999999999
2018-01-12,0.9999999999999999
2018-01-13,0.9999999999999999
2018-01-14,0.9999999999999999
2018-01-15,0.9999999999999999
2018-01-16,0.9999999999999999
2018-01-17,0.9999999999999999
2018-01-18,0.9999999999999999
2018-01-19,0.9999999999999999
2018-01-20,0.9999999999999999
2018-01-21,3.9999999999999996
2018-01-22,3.9999999999999996
2018-01-23,3.9999999999999996
2018-01-24,3.9999999999999996
2018-01-25,3.9999999999999996
2018-01-26,3.9999999999999996
2018-01-27,3.9999999999999996
2018-01-28,3.9999999999999996
2018-01-29,3.9999999999999996
2018-01-30,3.9999999999999996
2018-01-31,3.9999999999999996
2018-02-01,3.9999999999999996
2018-02-02,3.9999999999999996
2018-02-03,3.9999999999999996
2018-02-04,3.9999999999999996
2018-02-05,3.9999999999999996
2018-02-06,3.9999999999999996
2018-02-07,3.9999999999999996
2018-02-08,3.9999999999999996
2018-02-09,3.9999999999999996
2018-02-10,3.9999999999999996
2018-02-11,3.9999999999999996
2018-02-12,3.9999999999999996
2018-02-13,3.9999999999999996
2018-02-14,3.9999999999999996
2018-02-15,3.9999999999999996
2018-02-16,3.9999999999999996
2018-02-17,3.9999999999999996
2018-02-18,3.9999999999999996
2018-02-19,3.9999999999999996
2018-02-20,3.9999999999999996
2018-02-21,3.9999999999999996
2018-02-22,3.9999999999999996
2018-02-23,3.9999999999999996
2018-02-24,3.9999999999999996
2018-02-25,3.9999999999999996
2018-02-26,3.9999999999999996
2018-02-27,3.9999999999999996
2018-02-28,3.9999999999999996
2018-03-01,3.9999999999999996
2018-03-02,3.9999999999999996
2018-03-03,3.9999999999999996
2018-03-04,3.9999999999999996
2018-03-05,3.9999999999999996
2018-03-06,3.9999999999999996
2018-03-07,3.9999999999999996
2018-03-08,3.9999999999999996
2018-03-09,3.9999999999999996
2018-03-10,3.9999999999999996
2018-03-11,3.9999999999999996
2018-03-12,3.9999999999999996
2018-03-13,3.9999999999999996
2018-03-14,3.9999999999999996
2018-03-15,3.9999999999999996
2018-03-16,3.9999999999999996
2018-03-17,3.9999999999999996
2018-03-18,3.9999999999999996
2018-03-19,3.9999999999999996
2018-03-20,3.9999999999999996
2018-03-21,3.9999999999999996
2018-03-22,3.9999999999999996
2018-03-23,3.9999999999999996
2018-03-24,3.9999999999999996
2018-03-25,3.9999999999999996
2018-03-26,3.9999999999999996
2018-03-27,3.9999999999999996
2018-03-28,3.9999999999999996
2018-03-29,3.9999999999999996
2018-03-30,3.9999999999999996
2018-03-31,3.9999999999999996
2018-04-01,3.9999999999999996
2018-04-02,3.9999999999999996
2018-04-03,3.9999999999999996
2018-04-04,3.9999999999999996
2018-04-05,3.9999999999999996
2018-04-06,3.9999999999999996
2018-04-07,3.9999999999999996
2018-04-08,3.9999999999999996
2018-04-09,3.9999999999999996
2018-04-10,3.9999999999999996
2018-04-11,3.9999999999999996
2018-04-12,3.9999999999999996
2018-04-13,3.9999999999999996
2018-04-14,3.9999999999999996
2018-04-15,3.9999999999999996
2018-04-16,3.9999999999999996
2018-04-17,3.9999999999999996
2018-04-18,3.9999999999999996
2018-04-19,3.9999999999999996
2018-04-20,3.9999999999999996
2018-04-21,3.9999999999999996
2018-04-22,3.9999999999999996
2018-04-23,3.9999999999999996
2018-04-24,3.9999999999999996
2018-04-25,3.9999999999999996
2018-04-26,3.9999999999999996
2018-04-27,3.9999999999999996
2018-04-28,3.9999999999999996
2018-04-29,3.9999999999999996
2018-04-30,3.9999999999999996
2018-05-01,3.9999999999999996
2018-05-02,3.9999999999999996
2018-05-03,3.9999999999999996
2018-05-04,3.9999999999999996
2018-05-05,3.9999999999999996
2018-05-06,3.9999999999999996
2018-05-07,3.9999999999999996
2018-05-08,3.9999999999999996
2018-05-09,3.9999999999999996
2018-05-10,3.9999999999999996
2018-05-11,3.9999999999999996
2018-05-12,3.9999999999999996
2018-05-13,3.9999999999999996
2018-05-14,3.9999999999999996
2018-05-15,3.9999999999999996
2018-05-16,3.9999999999999996
2018-05-17,3.9999999999999996
2018-05-18,3.9999999999999996
2018-05-19,3.9999999999999996
2018-05-20,3.9999999999999996
2018-05-21,3.9999999999999996
2018-05-22,3.9999999999999996
2018-05-23,3.9999999999999996
2018-05-24,3.9999999999999996
2018-05-25,3.9999999999999996
2018-05-26,3.9999999999999996
2018-05-27,3.9999999999999996
2018-05-28,3.9999999999999996
2018-05-29,3.9999999999999996
2018-05-30,3.9999999999999996
2018-05-31,3.9999999999999996
2018-06-01,3.9999999999999996
2018-06-02,3.9999999999999996
2018-06-03,3.9999999999999996
2018-06-04,3.9999999999999996
2018-06-05,3.9999999999999996
2018-06-06,3.9999999999999996
2018-06-07,3.9999999999999996
2018-06-08,3.9999999999999996
2018-06-09,3.9999999999999996
2018-06-10,3.9999999999999996
2018-06-11,3.9999999999999996
2018-06-12,3.9999999999999996
2018-06-13,3.9999999999999996
2018-06-14,3.9999999999999996
2018-06-15,3.9999999999999996
2018-06-16,3.9999999999999996
2018-06-17,3.9999999999999996
2018-06-18,3.9999999999999996
2018-06-19,3.9999999999999996
2018-06-20,3.9999999999999996
2018-06-21,3.9999999999999996
2018-06-22,3.9999999999999996
2018-06-23,3.9999999999999996
2018-06-24,3.9999999999999996
2018-06-25,3.9999999999999996
2018-06-26,3.9999999999999996
2018-06-27,3.9999999999999996
2018-06-28,3.9999999999999996
2018-06-29,3.9999999999999996
2018-06-30,3.9999999999999996
2018-07-01,3.9999999999999996
2018-07-02,3.9999999999999996
2018-07-03,3.9999999999999996
2018-07-04,3.9999999999999996
2018-07-05,3.9999999999999996
2018-07-06,3.9999999999999996
2018-07-07,3.9999999999999996
2018-07-08,3.9999999999999996
2018-07-09,3.9999999999999996
2018-07-10,3.9999999999999996
2018-07-11,3.9999999999999996
2018-07-12,3.9999999999999996
2018-07-13,3.9999999999999996
2018-07-14,3.9999999999999996
2018-07-15,3.9999999999999996
2018-07-16,3.9999999999999996
2018-07-17,3.9999999999999996
2018-07-18,3.9999999999999996
2018-07-19,3.9999999999999996
2018-07-20,3.9999999999999996
2018-07-21,3.9999999999999996
2018-07-22,3.9999999999999996
2018-07-23,3.9999999999999996
2018-07-24,3.9999999999999996
2018-07-25,3.9999999999999996
2018-07-26,3.9999999999999996
2018-07-27,3.9999999999999996
2018-07-28,3.9999999999999996
2018-07-29,3.9999999999999996
2018-07-30,3.9999999999999996
2018-07-31,3.9999999999999996
2018-08-01,3.9999999999999996
2018-08-02,3.9999999999999996
2018-08-03,3.9999999999999996
2018-08-04,3.9999999999999996
2018-08-05,3.9999999999999996
2018-08-06,3.9999999999999996
2018-08-07,3.9999999999999996
2018-08-08,3.9999999999999996
2018-08-09,3.9999999999999996
2018-08-10,3.9999999999999996
2018-08-11,3.9999999999999996
2018-08-12,3.9999999999999996
2018-08-13,3.9999999999999996
2018-08-14,3.9999999999999996
2018-08-15,3.9999999999999996
2018-08-16,3.9999999999999996
2018-08-17,3.9999999999999996
2018-08-18,3.9999999999999996
2018-08-19,3.9999999999999996
2018-08-20,3.9999999999999996
2018-08-21,3.9999999999999996
2018-08-22,3.9999999999999996
2018-08-23,3.9999999999999996
2018-08-24,3.9999999999999996
2018-08-25,3.9999999999999996
2018-08-26,3.9999999999999996
2018-08-27,3.9999999999999996
2018-08-28,3.9999999999999996
2018-08-29,3.9999999999999996
2018-08-30,3.9999999999999996
2018-08-31,3.9999999999999996
2018-09-01,3.9999999999999996
2018-09-02,3.9999999999999996
2018-09-03,3.9999999999999996
2018-09-04,3.9999999999999996
2018-09-05,3.9999999999999996
2018-09-06,3.9999999999999996
2018-09-07,3.9999999999999996
2018-09-08,3.9999999999999996
2018-09-09,3.9999999999999996
2018-09-10,3.9999999999999996
2018-09-11,3.9999999999999996
2018-09-12,3.9999999999999996
2018-09-13,3.9999999999999996
2018-09-14,3.9999999999999996
2018-09-15,3.9999999999999996
2018-09-16,3.9999999999999996
2018-09-17,3.9999999999999996
2018-09-18,3.9999999999999996
2018-09-19,3.9999999999999996
2018-09-20,3.9999999999999996
2018-09-21,3.9999999999999996
2018-09-22,3.9999999999999996
2018-09-23,3.9999999999999996
2018-09-24,3.9999999999999996
2018-09-25,3.9999999999999996
2018-09-26,3.9999999999999996
2018-09-27,3.9999999999999996
2018-09-28,3.9999999999999996
2018-09-29,3.9999999999999996
2018-09-30,3.9999999999999996
2018-10-01,3.9999999999999996
2018-10-02,3.9999999999999996
2018-10-03,3.9999999999999996
2018-10-04,3.9999999999999996
2018-10-05,3.9999999999999996
2018-10-06,3.9999999999999996
2018-10-07,3.9999999999999996
2018-10-08,3.9999999999999996
2018-10-09,3.9999999999999996
2018-10-10,3.9999999999999996
2018-10-11,3.9999999999999996
2018-10-12,3.9999999999999996
2018-10-13,3.9999999999999996
2018-10-14,3.9999999999999996
2018-10-15,3.9999999999999996
2018-10-16,3.9999999999999996
2018-10-17,3.9999999999999996
2018-10-18,3.9999999999999996
2018-10-19,3.9999999999999996
2018-10-20,3.9999999999999996
2018-10-21,3.9999999999999996
2018-10-22,3.9999999999999996
2018-10-23,3.9999999999999996
2018-10-24,3.9999999999999996
2018-10-25,3.9999999999999996
2018-10-26,3.9999999999999996
2018-10-27,3.9999999999999996
2018-10-28,3.9999999999999996
2018-10-29,3.9999999999999996
2018-10-30,3.9999999999999996
2018-10-31,3.9999999999999996
2018-11-01,3.9999999999999996
2018-11-02,3.9999999999999996
2018-11-03,3.9999999999999996
2018-11-04,3.9999999999999996
2018-11-05,3.9999999999999996
2018-11-06,3.9999999999999996
2018-11-07,3.9999999999999996
2018-11-08,3.9999999999999996
2018-11-09,3.9999999999999996
2018-11-10,3.9999999999999996
2018-11-11,3.9999999999999996
2018-11-12,3.9999999999999996
2018-11-13,3.9999999999999996
2018-11-14,3.9999999999999996
2018-11-15,3.9999999999999996
2018-11-16,3.9999999999999996
2018-11-17,3.9999999999999996
2018-11-18,3.9999999999999996
2018-11-19,3.9999999999999996
2018-11-20,3.9999999999999996
2018-11-21,3.9999999999999996
2018-11-22,3.9999999999999996
2018-11-23,3.9999999999999996
2018-11-24,3.9999999999999996
2018-11-25,3.9999999999999996
2018-11-26,3.9999999999999996
2018-11-27,3.9999999999999996
2018-11-28,3.9999999999999996
2018-11-29,3.9999999999999996
2018-11-30,3.9999999999999996
2018-12-01,3.9999999999999996
2018-12-02,3.9999999999999996
2018-12-03,3.9999999999999996
2018-12-04,3.9999999999999996
2018-12-05,3.9999999999999996
2018-12-06,3.9999999999999996
2018-12-07,3.9999999999999996
2018-12-08,3.9999999999999996
2018-12-09,3.9999999999999996
2018-12-10,3.9999999999999996
2018-12-11,3.9999999999999996
2018-12-12,3.9999999999999996
2018-12-13,3.9999999999999996
2018-12-14,3.9999999999999996
2018-12-15,3.9999999999999996
2018-12-16,3.9999999999999996
2018-12-17,3.9999999999999996
2018-12-18,3.9999999999999996
2018-12-19,3.9999999999999996
2018-12-20,3.9999999999999996
2018-12-21,3.9999999999999996
2018-12-22,3.9999999999999996
2018-12-23,3.9999999999999996
2018-12-24,3.9999999999999996
2018-12-25,3.9999999999999996
2018-12-26,3.9999999999999996
2018-12-27,3.9999999999999996
2018-12-28,3.9999999999999996
2018-12-29,3.9999999999999996
2018-12-30,3.9999999999999996
2018-12-31,3.9999999999999996
2019-01-01,3.9999999999999996
2019-01-02,3.9999999999999996
2019-01-03,3.9999999999999996
2019-01-04,3.9999999999999996
2019-01-05,3.9999999999999996
2019-01-06,3.9999999999999996
2019-01-07,3.9999999999999996
2019-01-08,3.9999999999999996
2019-01-09,3.9999999999999996
2019-01-10,3.9999999999999996
2019-01-11,3.9999999999999996
2019-01-12,3.9999999999999996
2019-01-13,3.9999999999999996
2019-01-14,3.9999999999999996
2019-01-15,3.9999999999999996
2019-01-16,3.9999999999999996
2019-01-17,3.9999999999999996
2019-01-18,3.9999999999999996
2019-01-19,3.9999999999999996
2019-01-20,3.9999999999999996
2019-01-21,3.9999999999999996
2019-01-22,3.9999999999999996
2019-01-23,3.9999999999999996
2019-01-24,3.9999999999999996
2019-01-25,3.9999999999999996
2019-01-26,3.9999999999999996
2019-01-27,3.9999999999999996
2019-01-28,3.9999999999999996
2019-01-29,3.9999999999999996
2019-01-30,3.9999999999999996
2019-01-31,3.9999999999999996
2019-02-01,3.9999999999999996
2019-02-02,3.9999999999999996
2019-02-03,3.9999999999999996
2019-02-04,3.9999999999999996
2019-02-05,3.2751761790979272
2019-02-06,3.2812326484940058
2019-02-07,0.5762890786893197
2019-02-08,0.5784985008647259
2019-02-09,0.6005913150918798
2019-02-10,0.6221977034625901
2019-02-11,0.6448945853942011
2019-02-12,0.602374459232233
2019-02-13,0.5699865101076167
2019-02-14,0.5840097182631748
2019-02-15,0.6006187518025775
2019-02-16,0.5332337461139881
2019-02-17,0.5526297300551196
2019-02-18,0.5728336908990752
2019-02-19,0.5927472323952152
2019-02-20,0.5321896305784574
2019-02-21,0.5423306949003498
2019-02-22,0.5328606503765909
2019-02-23,0.5415384832287339
2019-02-24,0.5604781258682175
2019-02-25,0.5801387279077316
2019-02-26,0.5962606108643713
2019-02-27,0.6141646649531909
2019-02-28,0.6351677375312609
2019-03-01,0.6560770566743078
2019-03-02,0.6352519709313085
2019-03-03,0.6574184779631299
2019-03-04,0.6804275334880303
2019-03-05,0.6991475491205222
2019-03-06,0.7206372713653255
2019-03-07,0.7456434912644233
2019-03-08,0.7695671228414143
2019-03-09,0.794069389743504
2019-03-10,0.8221980224031059
2019-03-11,0.8514205550692144
2019-03-12,0.8696483523822864
2019-03-13,0.896885026538825
2019-03-14,0.8895979869787904
2019-03-15,0.8426903768031552
2019-03-16,0.8716464432027732
2019-03-17,0.9022482505509593
2019-03-18,0.9340229438453965
2019-03-19,0.9626164604261114
2019-03-20,0.9830271645276044
2019-03-21,1.0174150865112987
2019-03-22,1.0458255663711375
2019-03-23,1.0564497805385382
2019-03-24,1.0938972839627892
2019-03-25,1.13280870247629
2019-03-26,1.1637179624536438
2019-03-27,1.2055274925808968
2019-03-28,1.2207985312220275
2019-03-29,1.1701995102449763
2019-03-30,0.9625071304921182
2019-03-31,0.9960716253682749
2019-04-01,1.0309029321692218
2019-04-02,1.066576332918682
2019-04-03,1.103775459034155
2019-04-04,1.1307772124686952
2019-04-05,1.1671997430958057
2019-04-06,1.2085241329079146
2019-04-07,1.2513256017398446
2019-04-08,1.29578959023867
2019-04-09,1.262285857308972
2019-04-10,1.307198717718089
2019-04-11,1.3420270751900178
2019-04-12,1.1546126208831617
2019-04-13,1.1828648928898995
2019-04-14,1.2244590853095383
2019-04-15,1.26764513408885
2019-04-16,1.3116417555744952
2019-04-17,1.35647845793835
2019-04-18,1.4041480500297507
2019-04-19,1.453234431271151
2019-04-20,1.505399689656809
2019-04-21,1.5593308808792414
2019-04-22,1.6154015077477588
2019-04-23,1.612196191376105
2019-04-24,1.502327985786981
2019-04-25,1.5553303699997176
2019-04-26,1.598693948602647
2019-04-27,1.6541576795510449
2019-04-28,1.7143104397663536
2019-04-29,1.776876268524698
2019-04-30,1.841829462573904
2019-05-01,1.8407004211120215
2019-05-02,1.9080112111932526
2019-05-03,1.937027005656629
2019-05-04,1.9459635101738142
2019-05-05,1.9567643514695976
2019-05-06,1.9679067323989563
2019-05-07,1.9788804905108983
2019-05-08,1.9899055351058546
2019-05-09,2.0003605725419997
2019-05-10,2.007349516694488
2019-05-11,2.0201469807612074
2019-05-12,2.0333459079587035
2019-05-13,2.0469596415922515
2019-05-14,2.0609631334848357
2019-05-15,2.0678348936623703
2019-05-16,2.082524103603208
2019-05-17,2.0976659699389826
2019-05-18,2.107966048308193
2019-05-19,2.123926969339289
2019-05-20,2.14038940256098
2019-05-21,2.153312359019751
2019-05-22,2.1700953624034702
2019-05-23,2.1865069101950536
2019-05-24,2.199706017844838
2019-05-25,2.1961340798370683
2019-05-26,2.214839626798926
2019-05-27,2.234133712197324
2019-05-28,2.254031288967396
2019-05-29,2.262661116652297
2019-05-30,2.278209768518343
2019-05-31,2.2750851343648697
2019-06-01,2.289469214152699
2019-06-02,2.3109777218134755
2019-06-03,2.3331668858249777
2019-06-04,2.3241336752996915
2019-06-05,2.345520944080433
2019-06-06,2.2957118983524136
2019-06-07,2.3028430317200987
2019-06-08,2.3246759771655325
2019-06-09,2.3473329665997276
2019-06-10,2.370705364792276
2019-06-11,2.3850974747548044
2019-06-12,2.3759610901273667
2019-06-13,2.4000771673792953
2019-06-14,2.4126090748704674
2019-06-15,2.4374314532676986
2019-06-16,2.4631048125671824
2019-06-17,2.4896056862347957
2019-06-18,2.5175330087900636
2019-06-19,2.5403674034763957
2019-06-20,2.5334817190173866
2019-06-21,2.127745631736505
2019-06-22,2.147738781658514
2019-06-23,2.234022137869265
2019-06-24,2.3245209354734477
2019-06-25,2.21332246812524
2019-06-26,2.302248899935753
2019-06-27,2.389536661552234
2019-06-28,2.472721845471454
2019-06-29,2.4934387443707062
2019-06-30,2.531431067433196
2019-07-01,2.5598278553871547
2019-07-02,2.344387246153866
2019-07-03,2.3525487719638245
2019-07-04,1.9715058466728737
2019-07-05,2.054239507659183
2019-07-06,2.016139521385859
2019-07-07,2.1016421286732747
2019-07-08,2.1912558369666923
2019-07-09,2.2847834599027483
2019-07-10,2.33039829348583
2019-07-11,2.053044921055519
2019-07-12,2.11545153997083
2019-07-13,2.082187090028071
2019-07-14,2.166928549871194
2019-07-15,2.255855370817439
2019-07-16,2.213349471915859
2019-07-17,2.1575944235427915
2019-07-18,2.233858024543958
2019-07-19,2.2604777997192116
2019-07-20,2.1963765403814657
2019-07-21,2.2902014299669027
2019-07-22,2.3886226058040654
2019-07-23,2.387127998124124
2019-07-24,2.4913481407341296
2019-07-25,2.589675642381645
2019-07-26,2.5640747946557205
2019-07-27,2.4924564157250964
2019-07-28,2.6014610127113063
2019-07-29,2.68863588455099
2019-07-30,2.703353146263814
2019-07-31,2.7251391332347183
2019-08-01,2.733443930627358
2019-08-02,2.735025764757871
2019-08-03,2.464346477398282
2019-08-04,2.5640700704452897
2019-08-05,2.669117115253716
2019-08-06,2.7548070675494922
2019-08-07,2.7987703774365715
2019-08-08,2.836437087226558
2019-08-09,2.8751031171703496
2019-08-10,2.91433827036084
2019-08-11,2.9521701004040444
2019-08-12,2.99132113711921
2019-08-13,2.914472607353894
2019-08-14,2.916806360778146
2019-08-15,2.9581573794228153
2019-08-16,2.9999135122740292
2019-08-17,3.033621012970529
2019-08-18,3.0779384017494578
2019-08-19,3.1236715118091314
2019-08-20,3.09800703726004
2019-08-21,3.138349773096254
2019-08-22,3.1726592659468458
2019-08-23,3.220073213853945
2019-08-24,3.270562246438686
2019-08-25,3.3228405296367787
2019-08-26,3.3767680205324893
2019-08-27,3.431990740723298
2019-08-28,3.396058206781048
2019-08-29,3.4008059818132224
2019-08-30,3.4259883930032218
2019-08-31,3.473012721559273
2019-09-01,3.530374749309814
2019-09-02,3.589587805161559
2019-09-03,3.638161133763195
2019-09-04,3.5792339932549466
2019-09-05,2.8628431535142584
2019-09-06,2.9925009486468275
2019-09-07,3.087246645874492
2019-09-08,3.2160164847232555
2019-09-09,3.3522712721708348
2019-09-10,3.3996265053895076
2019-09-11,3.309006342646218
2019-09-12,3.406526704235434
2019-09-13,3.5184581557544137
2019-09-14,3.543354995068561
2019-09-15,3.637811644463755
2019-09-16,3.6972736422701806
2019-09-17,3.7601537622938284
2019-09-18,3.8195594793745653
2019-09-19,3.397604380822778
2019-09-20,3.5076323970860126
2019-09-21,3.681287173646881
2019-09-22,3.800351331939097
2019-09-23,3.868926169988145
2019-09-24,3.9063987644999156
2019-09-25,3.950049042253306
2019-09-26,3.5147276188821492
2019-09-27,3.554128011582472
2019-09-28,3.731282481736415
2019-09-29,3.917632221116963
2019-09-30,3.9999999999999996
2019-10-01,1.7045710965483163
2019-10-02,1.7567469160911542
2019-10-03,1.8162460644127219
2019-10-04,1.9013094868682576
2019-10-05,1.9767034482148222
2019-10-06,2.060866709315115
2019-10-07,2.149715910924604
2019-10-08,2.2339557937002517
2019-10-09,2.290710115115111
2019-10-10,2.33928592598467
2019-10-11,2.345521190428105
2019-10-12,2.022666057059031
2019-10-13,2.11776216200024
2019-10-14,2.217912201118699
2019-10-15,2.3133925563154856
2019-10-16,2.319087431072301
2019-10-17,2.4306925135948227
2019-10-18,2.471803293694749
2019-10-19,2.504064003521273
2019-10-20,2.6252881025975365
2019-10-21,2.7530477544424774
2019-10-22,2.841825242368301
2019-10-23,2.980979627722404
2019-10-24,3.1242422221445034
2019-10-25,3.158777019262273
2019-10-26,3.315714719296202
2019-10-27,3.481127347966035
2019-10-28,3.655659170956408
2019-10-29,3.4073803027527623
2019-10-30,3.125225812659116
2019-10-31,3.268941507781752
2019-11-01,2.709437985621672
2019-11-02,2.8220888112434976
2019-11-03,2.961247848127635
2019-11-04,3.1080061013950204
2019-11-05,3.1699890826218784
2019-11-06,2.1957621431889796
2019-11-07,2.1895380622374776
2019-11-08,2.1016016322036983
2019-11-09,2.1821240582801384
2019-11-10,2.2817272810276035
2019-11-11,2.3867076095013586
2019-11-12,2.4830477869448124
2019-11-13,2.603128633358527
2019-11-14,2.595453169463246
2019-11-15,2.550044767214201
2019-11-16,2.61725107414517
2019-11-17,2.7437075723801763
2019-11-18,2.877011047989493
2019-11-19,2.9699892884061994
2019-11-20,3.0056189485936855
2019-11-21,3.0616595707753342
2019-11-22,3.2132169629517353
2019-11-23,2.907948273292803
2019-11-24,3.0481885768415964
2019-11-25,3.1961147398156466
2019-11-26,3.3488652893246456
2019-11-27,3.500914670834772
2019-11-28,3.598838236961041
2019-11-29,3.7681931727130564
2019-11-30,2.700687875182414
2019-12-01,2.8335111334685874
2019-12-02,2.973569995078009
2019-12-03,2.8711937982574245
2019-12-04,2.8739253290711475
2019-12-05,2.828213677142565
2019-12-06,2.9675241057398916
2019-12-07,3.083557135566289
2019-12-08,3.234949677560716
2019-12-09,3.394686880421355
2019-12-10,3.48423602472755
2019-12-11,3.612219625041058
2019-12-12,3.7836972129587227
2019-12-13,3.7318115300274224
2019-12-14,3.823860129895065
2019-12-15,3.9435502427202884
2019-12-16,3.9999999999999996
2019-12-17,3.9999999999999996
2019-12-18,3.9999999999999996
2019-12-19,3.9999999999999996
2019-12-20,3.9999999999999996
2019-12-21,3.9999999999999996
2019-12-22,3.9999999999999996
2019-12-23,3.9999999999999996
2019-12-24,3.698754256196978
2019-12-25,3.721028276155571
2019-12-26,3.830665208084474
2019-12-27,3.516118254663367
2019-12-28,3.590812010395009
2019-12-29,3.7025932204796344
2019-12-30,3.8179186738249045
2019-12-31,3.9232640583173386
2020-01-01,3.9999999999999996
2020-01-02,3.9999999999999996
2020-01-03,3.9948836830432204
2020-01-04,2.2601581976211906
2020-01-05,2.357964642214411
2020-01-06,2.4613354294116596
2020-01-07,2.4207990391840104
2020-01-08,2.453430701285125
2020-01-09,1.9575452849069785
2020-01-10,1.9723645157815806
2020-01-11,2.06327550587548
2020-01-12,2.1591910340914944
2020-01-13,2.260255846065783
2020-01-14,2.0880539638740583
2020-01-15,2.1870357366986255
2020-01-16,1.729439468139493
2020-01-17,1.7871535871135797
2020-01-18,1.8600890859717527
2020-01-19,1.9416135929415825
2020-01-20,2.027479798940666
2020-01-21,2.1199907605355395
2020-01-22,2.0985918918056146
2020-01-23,2.1969406027193767
2020-01-24,2.273009766496687
2020-01-25,2.192963494100717
2020-01-26,2.2844033261733445
2020-01-27,2.380940945520107
2020-01-28,2.47906635929703
2020-01-29,2.419862743697056
2020-01-30,2.5141184591235404
2020-01-31,1.9793344425177288
2020-02-01,1.8749352838731912
2020-02-02,1.9555236172950734
2020-02-03,2.040394671880619
2020-02-04,2.021557809689864
2020-02-05,2.0653786014292024
2020-02-06,1.7116243970140366
2020-02-07,1.7581077352284025
2020-02-08,1.8158778355400114
2020-02-09,1.8884147698629468
2020-02-10,1.9648908919072747
2020-02-11,2.0499751771531813
2020-02-12,2.089889453227071
2020-02-13,2.050241348636387
2020-02-14,2.1292681569379535
2020-02-15,2.210495309125966
2020-02-16,2.297095449525706
2020-02-17,2.38861330827011
2020-02-18,2.481520673337224
2020-02-19,2.093813876120449
2020-02-20,1.9429199813008886
2020-02-21,1.9469411902987526
2020-02-22,1.9650349551268904
2020-02-23,2.0398132579160677
2020-02-24,2.1188334630470633
2020-02-25,1.3397356883503955
2020-02-26,1.0699825932699634
2020-02-27,1.09325606196407
2020-02-28,0.9803262071170218
2020-02-29,0.9086488405141814
2020-03-01,0.9408643913629204
2020-03-02,0.9745434507503788
2020-03-03,0.9092645979813627
2020-03-04,0.9371398813693103
2020-03-05,0.9537455445870548
2020-03-06,0.9855948777520025
2020-03-07,0.9965341082289079
2020-03-08,1.0336740967897609
2020-03-09,1.0724247524864152
2020-03-10,0.7749395365735956
2020-03-11,0.7831382185514172
2020-03-12,0.8048772848826286
2020-03-13,0.7534593212488759
2020-03-14,0.7799275509765059
2020-03-15,0.804062271101369
2020-03-16,0.8292499493768682
2020-03-17,0.7743819557957118
2020-03-18,0.7956788722220165
2020-03-19,0.7946407842079991
2020-03-20,0.7697108781348247
2020-03-21,0.7933407739430014
2020-03-22,0.8175005459684087
2020-03-23,0.8426413161952466
2020-03-24,0.8533937628865155
2020-03-25,0.7969220769529191
2020-03-26,0.8149812269581731
2020-03-27,0.842750695427397
2020-03-28,0.8702231300454928
2020-03-29,0.8995667241414173
2020-03-30,0.9300145560245873
2020-03-31,0.9621089285018046
2020-04-01,0.9926948967732238
2020-04-02,1.0257607745719408
2020-04-03,1.061479703264033
2020-04-04,1.0984135708155203
2020-04-05,1.1364026493598356
2020-04-06,1.1758531150106524
2020-04-07,1.2115800963341423
2020-04-08,1.2543990395500177
2020-04-09,1.2988150848236284
2020-04-10,1.3382734193201906
2020-04-11,1.3858760488641517
2020-04-12,1.4352289070273274
2020-04-13,1.4865245895837944
2020-04-14,1.5400640912919945
2020-04-15,1.5730822794394277
2020-04-16,1.6274483215573134
2020-04-17,1.686293841513075
2020-04-18,1.7473544662400031
2020-04-19,1.8112823800829412
2020-04-20,1.877800151251344
2020-04-21,0.8614401652779576
2020-04-22,0.8762891186254635
2020-04-23,0.9002705286553557
2020-04-24,0.9279264715110778
2020-04-25,0.9579078244404472
2020-04-26,0.989950719796565
2020-04-27,1.0232426922160325
2020-04-28,1.0590871953075494
2020-04-29,1.0956914687437593
2020-04-30,1.1256229233479913
2020-05-01,1.151166176994718
2020-05-02,1.1912718263570805
2020-05-03,1.2328064046246991
2020-05-04,1.27597095081352
2020-05-05,1.3210634275877116
2020-05-06,1.366409197254629
2020-05-07,1.4154724166994292
2020-05-08,1.4652485965157598
2020-05-09,1.5169253143173793
2020-05-10,1.571461143613481
2020-05-11,1.628193773258089
2020-05-12,1.6873091122350865
2020-05-13,1.7490829370258163
2020-05-14,1.8135880168544618
2020-05-15,1.8795562557216088
2020-05-16,1.9480833985201909
2020-05-17,1.9665131599225285
2020-05-18,1.9779408119868291
2020-05-19,1.9882305067395376
2020-05-20,2.000272301731476
2020-05-21,2.0127703542288793
2020-05-22,2.025653030655214
2020-05-23,2.0389902860032634
2020-05-24,2.052730375241244
2020-05-25,2.066903843879551
2020-05-26,2.081484950217587
2020-05-27,2.0955437131147345
2020-05-28,2.1110102611530683
2020-05-29,2.1269517073620636
2020-05-30,2.1435057622150735
2020-05-31,2.1605648147378815
2020-06-01,2.1781604515834836
2020-06-02,2.1959239856493515
2020-06-03,2.2141648505117035
2020-06-04,2.23312462205396
2020-06-05,2.2528956693512425
2020-06-06,2.2729856215931385
2020-06-07,2.294130370223063
2020-06-08,2.315939552765518
2020-06-09,2.338319114419663
2020-06-10,2.3612448790802136
2020-06-11,2.385163017334466
2020-06-12,2.4083521403750683
2020-06-13,2.4336872600390698
2020-06-14,2.4598789471362283
2020-06-15,2.486893725665127
2020-06-16,2.5146407423775616
2020-06-17,2.5430987931045963
2020-06-18,2.572319078021659
2020-06-19,2.602720716078473
2020-06-20,2.6337172626386924
2020-06-21,2.6661979470987407
2020-06-22,2.6996992151502988
2020-06-23,2.734009757253981
2020-06-24,2.7695063202240546
2020-06-25,2.8018528000663463
2020-06-26,2.837457973859754
2020-06-27,2.8755106192829083
2020-06-28,2.9155592235407046
2020-06-29,2.9568671062978935
2020-06-30,2.9917623383258865
2020-07-01,3.0203948938155336
2020-07-02,3.047406716920604
2020-07-03,3.0899617862910387
2020-07-04,3.136659037063241
2020-07-05,3.184761557134903
2020-07-06,3.234381097534112
2020-07-07,3.2825357189650943
2020-07-08,3.3314981285072096
2020-07-09,3.3847986158861034
2020-07-10,3.433809820226307
2020-07-11,3.48893045016449
2020-07-12,3.5478583122038914
2020-07-13,3.608650959852121
2020-07-14,3.606592843330105
2020-07-15,3.668884060156904
2020-07-16,3.7194719783092833
2020-07-17,3.786065780135616
2020-07-18,3.8546378309435263
2020-07-19,3.9252645543624785
2020-07-20,3.998117119286127
2020-07-21,3.9999999999999996
2020-07-22,3.9999999999999996
2020-07-23,3.9999999999999996
2020-07-24,3.9999999999999996
2020-07-25,3.9999999999999996
2020-07-26,3.9999999999999996
2020-07-27,3.9999999999999996
2020-07-28,3.9999999999999996
2020-07-29,3.9999999999999996
2020-07-30,3.9999999999999996
2020-07-31,3.9999999999999996
2020-08-01,3.9999999999999996
2020-08-02,3.9999999999999996
2020-08-03,3.9999999999999996
2020-08-04,3.9999999999999996
2020-08-05,3.9999999999999996
2020-08-06,3.9999999999999996
2020-08-07,3.9999999999999996
2020-08-08,3.9999999999999996
2020-08-09,3.9999999999999996
2020-08-10,3.9999999999999996
2020-08-11,3.9999999999999996
2020-08-12,3.9999999999999996
2020-08-13,3.9999999999999996
2020-08-14,3.9999999999999996
2020-08-15,3.9999999999999996
2020-08-16,3.9999999999999996
2020-08-17,3.9999999999999996
2020-08-18,3.9999999999999996
2020-08-19,3.9999999999999996
2020-08-20,3.9999999999999996
2020-08-21,3.9999999999999996
2020-08-22,3.9999999999999996
2020-08-23,3.9999999999999996
2020-08-24,3.9999999999999996
2020-08-25,3.9999999999999996
2020-08-26,3.9999999999999996
2020-08-27,3.9999999999999996
2020-08-28,3.9999999999999996
2020-08-29,3.9999999999999996
2020-08-30,3.9999999999999996
2020-08-31,3.9999999999999996
2020-09-01,3.9999999999999996
2020-09-02,3.9999999999999996
2020-09-03,3.958945918906524
2020-09-04,3.345784470405353
2020-09-05,3.475735028828741
2020-09-06,3.571486611885468
2020-09-07,3.670798464700804
2020-09-08,3.7603277547239204
2020-09-09,3.873268574203444
2020-09-10,3.23223298241945
2020-09-11,3.342776763368766
2020-09-12,3.3736598475269255
2020-09-13,3.484275179505987
2020-09-14,3.591423225195269
2020-09-15,2.6299492847740087
2020-09-16,2.7602990546883333
2020-09-17,2.8356093813310665
2020-09-18,2.9079849341990425
2020-09-19,2.582824429679638
2020-09-20,2.7037095721554025
2020-09-21,2.8312950312327096
2020-09-22,1.4440938581216087
2020-09-23,1.5097095179694542
2020-09-24,1.0972913974764875
2020-09-25,1.1433962435528058
2020-09-26,1.1839739385629011
2020-09-27,1.2334948364630238
2020-09-28,1.285488468891496
2020-09-29,1.337913096264538
2020-09-30,1.2987213307477778
2020-10-01,1.3227527732942805
2020-10-02,1.3802978332154594
2020-10-03,1.436785742736443
2020-10-04,1.5000293579232398
2020-10-05,1.5664400208159588
2020-10-06,1.6005339740161337
2020-10-07,1.6659727306655638
2020-10-08,1.6557704621262652
2020-10-09,1.729791508193925
2020-10-10,1.700554699578885
2020-10-11,1.7762478834087962
2020-10-12,1.8557728391575221
2020-10-13,1.9282102699611554
2020-10-14,1.9413758195395974
2020-10-15,2.0281431256048874
2020-10-16,2.1105701537296047
2020-10-17,2.1781622718174583
2020-10-18,2.2785515118335753
2020-10-19,2.3841415266661445
2020-10-20,2.488745274474989
2020-10-21,2.566618344062184
2020-10-22,2.408168400087072
2020-10-23,2.3548177235923453
2020-10-24,2.4643128869816895
2020-10-25,2.5785092132087573
2020-10-26,2.698702056111208
2020-10-27,2.819760392292788
2020-10-28,2.9535313908909244
2020-10-29,2.7738443823525682
2020-10-30,2.8971048308143086
2020-10-31,2.985887512672439
2020-11-01,3.1288098290205575
2020-11-02,3.279367994949366
2020-11-03,3.353894763045934
2020-11-04,3.350647843443635
2020-11-05,3.232456202045067
2020-11-06,2.440278327592063
2020-11-07,2.5465287957563545
2020-11-08,2.656465358361652
2020-11-09,2.7724529810975764
2020-11-10,2.0322935358058856
2020-11-11,2.117749550496219
2020-11-12,2.177418563958765
2020-11-13,2.249204583257742
2020-11-14,2.2539975640274896
2020-11-15,2.3565875838719057
2020-11-16,2.4645884768745425
2020-11-17,2.569852308133627
2020-11-18,2.6744663518094955
2020-11-19,2.7051762936257835
2020-11-20,2.81445025770399
2020-11-21,2.880828209343181
2020-11-22,3.018325700104626
2020-11-23,3.1632000315350384
2020-11-24,3.2997074858716604
2020-11-25,3.2706320511279867
2020-11-26,3.415040989285425
2020-11-27,3.574834529319008
2020-11-28,3.6266234625333387
2020-11-29,3.688920182868157
2020-11-30,3.7532190304880326
2020-12-01,3.6803719192088438
2020-12-02,3.1303690199975174
2020-12-03,3.283718337103083
2020-12-04,3.4346180026251183
2020-12-05,3.1104869348087347
2020-12-06,3.263187181063488
2020-12-07,3.4242039930601527
2020-12-08,3.250464330385434
2020-12-09,3.328253332325554
2020-12-10,3.4859548505577282
2020-12-11,3.4015725421818335
2020-12-12,3.3391187369697604
2020-12-13,3.497585707260645
2020-12-14,3.664853209645992
2020-12-15,3.7421786683853666
2020-12-16,3.466404266292139
2020-12-17,3.5207140241129946
2020-12-18,2.594125752507964
2020-12-19,2.6997259957563635
2020-12-20,2.8074680708810327
2020-12-21,2.9217608887203093
2020-12-22,2.93192910533462
2020-12-23,2.931930554941322
2020-12-24,3.033456483993461
2020-12-25,3.171955492869099
2020-12-26,3.3144369263683324
2020-12-27,3.4495819195206217
2020-12-28,3.593029516306982
2020-12-29,3.352299388732089
2020-12-30,3.303359279561182
2020-12-31,2.7842426647870826
2021-01-01,2.91226653010671
2021-01-02,3.0272080734855775
2021-01-03,3.146498299144911
2021-01-04,3.2746162304602247
2021-01-05,3.2959912703960232
2021-01-06,1.7699633471412561
2021-01-07,1.7035597440545194
2021-01-08,1.781763044515584
2021-01-09,1.454372273605087
2021-01-10,1.5164517481393303
2021-01-11,1.5817817524150544
2021-01-12,1.5331169381956553
2021-01-13,1.285910089426908
2021-01-14,1.339779641405778
2021-01-15,1.378298995618088
2021-01-16,1.3218988951332507
2021-01-17,1.3765257849021015
2021-01-18,1.4338955654800778
2021-01-19,1.4896080443080457
2021-01-20,1.5484805756207207
2021-01-21,1.6063050509651673
2021-01-22,1.6765132677758054
2021-01-23,1.3802508734922718
2021-01-24,1.439616005588993
2021-01-25,1.50188427187531
2021-01-26,1.4956682414531899
2021-01-27,1.5003342666116626
2021-01-28,1.4810976920004555
2021-01-29,1.5345487973601029
2021-01-30,1.5874414207116376
2021-01-31,1.655578011036736
2021-02-01,1.7270756462015382
2021-02-02,1.6807307218668417
2021-02-03,1.5536583537585085
2021-02-04,1.5994658949380762
2021-02-05,1.612721589909625
2021-02-06,1.6188134377465118
2021-02-07,1.6876049303702307
2021-02-08,1.759754460088476
2021-02-09,1.6431845363430606
2021-02-10,1.7113531203906505
2021-02-11,1.7319797230628224
2021-02-12,1.8066615485434885
2021-02-13,1.8849112367831482
2021-02-14,1.964778305259691
2021-02-15,2.0486183388348236
2021-02-16,2.138472759004844
2021-02-17,2.140130997313823
2021-02-18,2.1165721168910068
2021-02-19,2.1850000403760084
2021-02-20,2.236833703574894
2021-02-21,2.330758837232688
2021-02-22,2.429505133008802
2021-02-23,2.4791039491742897
2021-02-24,2.5844728550495297
2021-02-25,2.5548127297506897
2021-02-26,1.9434046856827611
2021-02-27,1.5711760318998829
2021-02-28,1.6380164695734825
2021-03-01,1.7080777141244967
2021-03-02,1.7816148378188883
2021-03-03,1.7016195019166016
2021-03-04,1.5757758329354061
2021-03-05,1.4258952410514276
2021-03-06,1.469290770644522
2021-03-07,1.5294736201051056
2021-03-08,1.592504788012403
2021-03-09,1.652783052098823
2021-03-10,1.5997244788901048
2021-03-11,1.666081817835347
2021-03-12,1.7123942435361768
2021-03-13,1.7758360412014185
2021-03-14,1.851089522361607
2021-03-15,1.929962707479246
2021-03-16,1.9758950534309119
2021-03-17,2.0583151504831902
2021-03-18,2.141623336416283
2021-03-19,2.1653044222335325
2021-03-20,2.2487728382341374
2021-03-21,2.3472116488946457
2021-03-22,2.450518409544464
2021-03-23,2.5499643530336913
2021-03-24,2.5843547845255843
2021-03-25,2.5903081457422794
2021-03-26,2.607564990580145
2021-03-27,2.5577759271640703
2021-03-28,2.670189493844021
2021-03-29,2.7772537339407815
2021-03-30,2.7940601080817973
2021-03-31,2.338517620718285
2021-04-01,1.6339194438206057
2021-04-02,1.690149791220172
2021-04-03,1.7619055793360323
2021-04-04,1.837723155916838
2021-04-05,1.9172316649897765
2021-04-06,1.9980056477653139
2021-04-07,2.081029600089964
2021-04-08,2.170221954004856
2021-04-09,2.16593856918868
2021-04-10,2.2453059214616524
2021-04-11,2.3448589896442575
2021-04-12,2.4493973021706084
2021-04-13,2.45696457537967
2021-04-14,2.4776735674220833
2021-04-15,2.3096275268099187
2021-04-16,2.3323522456677286
2021-04-17,2.4345721802825397
2021-04-18,2.5399591959797405
2021-04-19,2.6507474579556223
2021-04-20,2.7504676430620454
2021-04-21,2.8470312388064674
2021-04-22,2.7240808324717074
2021-04-23,2.7567873069077544
2021-04-24,2.833570049399443
2021-04-25,2.943206489089605
2021-04-26,2.9806085427529863
2021-04-27,2.6819818994902147
2021-04-28,2.804710896690382
2021-04-29,2.9106789895323404
2021-04-30,3.020008556772773
2021-05-01,3.0624923374100868
2021-05-02,3.1004738732896304
2021-05-03,3.1400093692715703
2021-05-04,3.129798516602063
2021-05-05,3.1753743658709586
2021-05-06,3.216728433057288
2021-05-07,3.2151289678734893
2021-05-08,3.2145738068379726
2021-05-09,3.2541462385920883
2021-05-10,3.295510382240613
2021-05-11,3.2262055969526524
2021-05-12,3.2770452834411103
2021-05-13,3.2371145318408945
2021-05-14,2.4953539437198518
2021-05-15,2.5846705072920964
2021-05-16,2.704992546229514
2021-05-17,2.8316296641538408
2021-05-18,2.8969429545552376
2021-05-19,3.0154899897237173
2021-05-20,2.3259687377854985
2021-05-21,2.4236696623029745
2021-05-22,2.4814468258727858
2021-05-23,2.5967205293148568
2021-05-24,2.7180530888892145
2021-05-25,2.7974342984928673
2021-05-26,2.8637579490922165
2021-05-27,2.9885024279843573
2021-05-28,2.5277054574658133
2021-05-29,2.6308347098284774
2021-05-30,2.755121690712391
2021-05-31,2.8859792985591124
2021-06-01,3.0232643883595713
2021-06-02,2.5008556513105984
2021-06-03,2.6113300582447687
2021-06-04,1.985994628263656
2021-06-05,1.8413789057489143
2021-06-06,1.9243604077396232
2021-06-07,2.011576884547358
2021-06-08,2.1015656038365
2021-06-09,2.197647104273904
2021-06-10,2.286203575140721
2021-06-11,2.3923575805587736
2021-06-12,2.500098216398002
2021-06-13,2.6173600516355124
2021-06-14,2.7407874755246886
2021-06-15,2.8484585536466116
2021-06-16,2.592226588233271
2021-06-17,2.707539841469299
2021-06-18,1.03057990946606
2021-06-19,1.070882192770204
2021-06-20,1.1131516575429963
2021-06-21,1.157521522066764
2021-06-22,1.1728132333088368
2021-06-23,1.2127356522448778
2021-06-24,1.2405990638102395
2021-06-25,1.2932798264895862
2021-06-26,1.3490943829350042
2021-06-27,1.4066462041921208
2021-06-28,1.4670527254618266
2021-06-29,1.5089929106536153
2021-06-30,1.5672971468935837
2021-07-01,1.5165067710497766
2021-07-02,1.5503119441946889
2021-07-03,1.5931139205164595
2021-07-04,1.66317381024181
2021-07-05,1.73672537686796
2021-07-06,1.814053786989661
2021-07-07,1.5966263551832927
2021-07-08,1.6644366998951037
2021-07-09,1.7181382651864312
2021-07-10,1.6354105404891832
2021-07-11,1.7063204417587283
2021-07-12,1.7807436272993762
2021-07-13,1.7725607028902195
2021-07-14,1.847572895839998
2021-07-15,1.8765107430162227
2021-07-16,1.9473798134471854
2021-07-17,2.0058666370691167
2021-07-18,2.095394648769868
2021-07-19,2.1894390987710937
2021-07-20,1.7173406174574681
2021-07-21,1.7252686884913615
2021-07-22,1.6703234673715464
2021-07-23,1.7355480049404097
2021-07-24,1.8102836914085219
2021-07-25,1.8895769441360983
2021-07-26,1.9727985251865305
2021-07-27,1.9959639456480038
2021-07-28,1.958148322292655
2021-07-29,2.0148052744636757
2021-07-30,1.830719756379649
2021-07-31,1.7564827817678608
2021-08-01,1.8326877336470875
2021-08-02,1.9126289279910869
2021-08-03,1.9892023252506355
2021-08-04,2.0633064999479696
2021-08-05,2.137635379314002
2021-08-06,2.2239962457396185
2021-08-07,2.149066260756529
2021-08-08,2.2431408660521717
2021-08-09,2.3419575930009535
2021-08-10,2.1631366669290513
2021-08-11,2.096154771663289
2021-08-12,2.0857046289549457
2021-08-13,2.177491456075915
2021-08-14,2.167164815379619
2021-08-15,2.2636150392529637
2021-08-16,2.3649061319139344
2021-08-17,2.4436111488137655
2021-08-18,2.092933852297564
2021-08-19,2.1596235413705367
2021-08-20,1.957140583564401
2021-08-21,2.037510837409383
2021-08-22,2.120489593657807
2021-08-23,2.2077536774811817
2021-08-24,1.7218872351638896
2021-08-25,1.7377872346094951
2021-08-26,1.8128658393781916
2021-08-27,1.8892212631741856
2021-08-28,1.7602715391741839
2021-08-29,1.835642761497077
2021-08-30,1.9146993544209707
2021-08-31,1.94712343672045
2021-09-01,2.02931795243744
2021-09-02,2.116537544085382
2021-09-03,2.1921433209480807
2021-09-04,2.2881786263286212
2021-09-05,2.3891982401723255
2021-09-06,2.495309120968045
2021-09-07,2.6076366229014236
2021-09-08,2.6749531551976182
2021-09-09,2.791664819501145
2021-09-10,2.892154039089513
2021-09-11,2.930512871315623
2021-09-12,2.9719597824563713
2021-09-13,3.0147202233580344
2021-09-14,3.053715317648678
2021-09-15,3.0817299817511965
2021-09-16,3.0562987708785543
2021-09-17,3.102029212541066
2021-09-18,3.106080810152817
2021-09-19,3.152980879638967
2021-09-20,3.2013678145807645
2021-09-21,2.7778084701991097
2021-09-22,2.9026062500299115
2021-09-23,2.694198075225898
2021-09-24,2.489896319393941
2021-09-25,2.5893346251181035
2021-09-26,2.7075105087563447
2021-09-27,2.831863843465458
2021-09-28,2.8386442257255036
2021-09-29,2.7568511737032204
2021-09-30,2.831497661188159
2021-10-01,2.94405852976592
2021-10-02,3.0725699308643666
2021-10-03,3.2179206865007965
2021-10-04,3.2722159455212796
2021-10-05,3.3171144957545056
2021-10-06,3.314352108916085
2021-10-07,3.2661439046164626
2021-10-08,3.1546293802334877
2021-10-09,3.2798057611922533
2021-10-10,3.3665711704072314
2021-10-11,3.4212370388430418
2021-10-12,3.4775537346803564
2021-10-13,3.5137076174208723
2021-10-14,3.569362293703683
2021-10-15,3.264607288906545
2021-10-16,3.0422694871451426
2021-10-17,3.17886694707642
2021-10-18,3.3229990975806456
2021-10-19,3.384886105928331
2021-10-20,3.523925869162588
2021-10-21,3.58984329648808
2021-10-22,3.3367921098613977
2021-10-23,3.500124355549101
2021-10-24,3.630207218891043
2021-10-25,3.6926003118872894
2021-10-26,3.6505498294706347
2021-10-27,3.719285655370372
2021-10-28,3.7695714641050952
2021-10-29,3.8373168344990813
2021-10-30,3.89798718982189
2021-10-31,3.967010211695299
2021-11-01,3.9999999999999996
2021-11-02,3.9750974086714916
2021-11-03,3.9999999999999996
2021-11-04,3.9999999999999996
2021-11-05,3.8929442618376933
2021-11-06,3.8365720964300287
2021-11-07,3.987020419245169
2021-11-08,3.9999999999999996
2021-11-09,3.9999999999999996
2021-11-10,3.9999999999999996
2021-11-11,3.9999999999999996
2021-11-12,3.9999999999999996
2021-11-13,3.9999999999999996
2021-11-14,3.9999999999999996
2021-11-15,3.9999999999999996
2021-11-16,3.9999999999999996
2021-11-17,3.9999999999999996
2021-11-18,3.9999999999999996
2021-11-19,3.9999999999999996
2021-11-20,3.9999999999999996
2021-11-21,3.9999999999999996
2021-11-22,3.9999999999999996
2021-11-23,3.9999999999999996
2021-11-24,3.9999999999999996
2021-11-25,3.9999999999999996
2021-11-26,3.9999999999999996
2021-11-27,2.151893866094609
2021-11-28,2.254378360911368
2021-11-29,2.3624088662974985
2021-11-30,2.4780965497950627
2021-12-01,1.8390746384336512
2021-12-02,1.8819940621091564
2021-12-03,1.8098370817446814
2021-12-04,1.8382531406574731
2021-12-05,1.9216961927138303
2021-12-06,2.00956697413288
2021-12-07,1.9080558184201046
2021-12-08,1.7583228366591663
2021-12-09,1.8292846807097543
2021-12-10,1.8644433916807346
2021-12-11,1.9487696835812234
2021-12-12,2.0398494118297714
2021-12-13,2.1356981922738747
2021-12-14,2.058687219021126
2021-12-15,2.154624334416734
2021-12-16,2.2499327397801103
2021-12-17,2.3287841010613795
2021-12-18,2.331607714403839
2021-12-19,2.4416830576936364
2021-12-20,2.5576144134427503
2021-12-21,2.605146415343935
2021-12-22,1.9005619403643608
2021-12-23,1.8120625193704245
2021-12-24,1.8854931955023126
2021-12-25,1.968021067436369
2021-12-26,2.0569594910452476
2021-12-27,2.150535953577543
2021-12-28,2.051769865916799
2021-12-29,2.089990540755272
2021-12-30,2.1867101918015064
2021-12-31,2.1142532608158713
2022-01-01,2.1743489554757898
2022-01-02,2.2752544748321832
2022-01-03,2.3814264789502664
2022-01-04,2.2074460402974547
2022-01-05,2.2604141395593023
2022-01-06,2.2297414445662
2022-01-07,2.283093482116291
2022-01-08,2.3895847002904467
2022-01-09,2.498160433199981
2022-01-10,2.6124755872842793
2022-01-11,2.6988566330826895
2022-01-12,2.814751427463126
2022-01-13,2.93098957928345
2022-01-14,2.475200916092526
2022-01-15,2.569493558981106
2022-01-16,2.6911742931232694
2022-01-17,2.8192987148702566
2022-01-18,2.953565815738269
2022-01-19,3.077702968588146
2022-01-20,3.0942400658527207
2022-01-21,3.238943839977667
2022-01-22,3.3533011356937608
2022-01-23,3.515908234511884
2022-01-24,3.5838179478482997
2022-01-25,3.643342069978591
2022-01-26,3.7073174941683393
2022-01-27,3.1290107156040357
2022-01-28,3.0850118395778487
2022-01-29,2.4757187661557727
2022-01-30,2.585730553168086
2022-01-31,2.7017573689036136
2022-02-01,2.8156728893920975
2022-02-02,2.9309073383989492
2022-02-03,3.0337704599131894
2022-02-04,2.835841107441909
2022-02-05,2.855646659352392
2022-02-06,2.9916530217069495
2022-02-07,3.135039026337519
2022-02-08,2.8708023150946183
2022-02-09,3.0104204101573715
2022-02-10,3.028632929222488
2022-02-11,3.164787396858469
2022-02-12,3.312690460329178
2022-02-13,3.475442713777721
2022-02-14,3.6471094525917116
2022-02-15,3.8026977464535476
2022-02-16,3.869130759704642
2022-02-17,3.880023604571939
2022-02-18,2.743745556478072
2022-02-19,2.876194368931559
2022-02-20,3.014157280704331
2022-02-21,3.1596885694616037
2022-02-22,3.30343073928382
2022-02-23,3.3639793127830804
2022-02-24,3.49837926392396
2022-02-25,2.455221297451609
2022-02-26,2.5704793319717076
2022-02-27,2.6960080152320676
2022-02-28,2.828340313370806
2022-03-01,2.57760942974898
2022-03-02,2.4310393732939692
2022-03-03,1.9550591728715188
2022-03-04,2.0380503937129157
2022-03-05,2.1244219344076485
2022-03-06,2.211045730868569
2022-03-07,2.30259713767051
2022-03-08,2.411240017827628
2022-03-09,2.4247973088530013
2022-03-10,2.338408801813426
2022-03-11,2.333479743621588
2022-03-12,2.281111526989949
2022-03-13,2.3845265342484625
2022-03-14,2.493507164478477
2022-03-15,2.612185687893482
2022-03-16,2.62072646059642
2022-03-17,2.5879513009866146
2022-03-18,2.616408392387934
2022-03-19,2.6985866560132328
2022-03-20,2.8223448658272328
2022-03-21,2.9528641308874137
2022-03-22,2.3743787902545974
2022-03-23,2.486532738429736
2022-03-24,2.602753012711578
2022-03-25,2.4339539477360783
2022-03-26,2.40915519321035
2022-03-27,2.514060996701024
2022-03-28,2.6247459828477475
2022-03-29,2.678352807261316
2022-03-30,2.6032492668548253
2022-03-31,2.722024021014828
2022-04-01,2.515850117813924
2022-04-02,2.587986144887715
2022-04-03,2.7124448999764526
2022-04-04,2.843567995214819
2022-04-05,2.3708642595763036
2022-04-06,2.363618529878322
2022-04-07,2.379355811780546
2022-04-08,2.4592493562476343
2022-04-09,2.4446161673670184
2022-04-10,2.554612497961039
2022-04-11,2.6705567560518433
2022-04-12,2.6646341328013246
2022-04-13,2.473850471975138
2022-04-14,2.588794655173183
2022-04-15,2.638320199503862
2022-04-16,2.764881638001846
2022-04-17,2.8843599326173712
2022-04-18,3.0105345911535935
2022-04-19,2.7329233174332077
2022-04-20,2.6960110275555564
2022-04-21,2.5551268571941046
2022-04-22,2.5438224245671015
2022-04-23,2.620927813204424
2022-04-24,2.738998795728259
2022-04-25,2.8635032561929563
2022-04-26,2.9274665589194773
2022-04-27,3.0202708698007834
2022-04-28,2.92933473461999
2022-04-29,2.898027218271376
2022-04-30,2.876079820513291
2022-05-01,3.0030078783379666
2022-05-02,3.13702007139748
2022-05-03,3.0455533636876138
2022-05-04,2.9900134407155337
2022-05-05,3.0930524533814174
2022-05-06,2.8239577991646354
2022-05-07,2.9017467179417045
2022-05-08,3.0363688217561764
2022-05-09,3.178352137338765
2022-05-10,2.3014431943687916
2022-05-11,2.4092377844696924
2022-05-12,2.4472397403072574
2022-05-13,2.318317723654537
2022-05-14,2.3884549487999274
2022-05-15,2.498708794596029
2022-05-16,2.614869620994354
2022-05-17,2.6968571901016967
2022-05-18,2.8261701215614847
2022-05-19,2.5841444018840645
2022-05-20,2.666302543320763
2022-05-21,2.769250752564057
2022-05-22,2.903253483805435
2022-05-23,3.0444737521070633
2022-05-24,3.139958318430728
2022-05-25,3.0243045274019495
2022-05-26,3.162244401778697
2022-05-27,3.128891911107372
2022-05-28,3.2165757936985564
2022-05-29,3.373177605137672
2022-05-30,3.5383456445262715
2022-05-31,3.6272113910503867
2022-06-01,3.1445681891748403
2022-06-02,3.280271419714563
2022-06-03,2.8382539315294264
2022-06-04,2.932526329253452
2022-06-05,3.0726941027027976
2022-06-06,3.2205385396053825
2022-06-07,2.6799064233370884
2022-06-08,2.7000681886785998
2022-06-09,2.746833234891702
2022-06-10,2.131635204194536
2022-06-11,2.1220784480971986
2022-06-12,2.213874183672127
2022-06-13,2.3106716368648077
2022-06-14,2.180687483815143
2022-06-15,2.274715614094256
2022-06-16,2.0448368863815167
2022-06-17,2.120800836389807
2022-06-18,2.21061593124236
2022-06-19,2.310189481629668
2022-06-20,2.415082621117126
2022-06-21,2.504572021628414
2022-06-22,2.1814953291044517
2022-06-23,2.2702398891710263
2022-06-24,2.3048798977240317
2022-06-25,2.4124628701870403
2022-06-26,2.527034826540476
2022-06-27,2.647685532787743
2022-06-28,2.7743351158757594
2022-06-29,2.5651718862357065
2022-06-30,2.663647807370163
2022-07-01,2.0793636002316678
2022-07-02,1.6932736059465952
2022-07-03,1.7681780725987812
2022-07-04,1.8469132913412754
2022-07-05,1.9294239404564235
2022-07-06,2.0141016088777546
2022-07-07,1.9515593623109673
2022-07-08,2.026117399220853
2022-07-09,1.8986579639813068
2022-07-10,1.9848461821397996
2022-07-11,2.075453830518657
2022-07-12,1.776255530532627
2022-07-13,1.6703227607127211
2022-07-14,1.7444078961546499
2022-07-15,1.5415634143626773
2022-07-16,1.5366479386586904
2022-07-17,1.6025026293821083
2022-07-18,1.6716097409917092
2022-07-19,1.7443275223834962
2022-07-20,1.7314776964888814
2022-07-21,1.804551255053178
2022-07-22,1.6109422075652797
2022-07-23,1.6243861647137843
2022-07-24,1.6937878040527956
2022-07-25,1.766604702706159
2022-07-26,1.6523247909154468
2022-07-27,1.6114866739971943
2022-07-28,1.6328563069289797
2022-07-29,1.5922139092814473
2022-07-30,1.635785997289972
2022-07-31,1.705186186950955
2022-08-01,1.7779595495821352
2022-08-02,1.4128962045437727
2022-08-03,1.4675994812426387
2022-08-04,1.5146496507513396
2022-08-05,1.571152489816631
2022-08-06,1.569823204636272
2022-08-07,1.6345307740960204
2022-08-08,1.7023556487965223
2022-08-09,1.6742805632838649
2022-08-10,1.6577823620821768
2022-08-11,1.692977599607701
2022-08-12,1.6942582474577164
2022-08-13,1.7638594208116414
2022-08-14,1.837402843649846
2022-08-15,1.914513265498553
2022-08-16,1.9772042039799818
2022-08-17,2.0483629703998476
2022-08-18,1.9245098104384857
2022-08-19,1.965102149663852
2022-08-20,1.86519092924891
2022-08-21,1.944283887279372
2022-08-22,2.027215923023069
2022-08-23,1.7965516426962156
2022-08-24,1.8728629376383215
2022-08-25,1.91685820984204
2022-08-26,1.7319570353937745
2022-08-27,1.5623071162963704
2022-08-28,1.6238917340798016
2022-08-29,1.688435946154627
2022-08-30,1.716717278889341
2022-08-31,1.7884919441156928
2022-09-01,1.8560648501319519
2022-09-02,1.9330609423686842
2022-09-03,1.9997699097179642
2022-09-04,2.078955361576568
2022-09-05,2.1621094434648955
2022-09-06,2.2546664028947445
2022-09-07,2.3390742158084925
2022-09-08,2.3028841416679
2022-09-09,2.335526870360697
2022-09-10,2.4329016763223223
2022-09-11,2.5384611277158036
2022-09-12,2.6492702970915363
2022-09-13,2.668940297187383
2022-09-14,2.3711373300278686
2022-09-15,2.4707495524663377
2022-09-16,2.5252424652609315
2022-09-17,2.63483705769819
2022-09-18,2.7342100412053356
2022-09-19,2.769419534247207
2022-09-20,2.796567701141257
2022-09-21,2.7824502747732294
2022-09-22,2.811488270409335
2022-09-23,2.8488110226205907
2022-09-24,2.835652824379094
2022-09-25,2.8717891978724164
2022-09-26,2.9091588979782323
2022-09-27,2.919126163311207
2022-09-28,2.9587165095791748
2022-09-29,2.9393204962082167
2022-09-30,2.9718553509950447
2022-10-01,3.0080930583917147
2022-10-02,3.049512241646941
2022-10-03,3.09233436846209
2022-10-04,2.1502627916865373
2022-10-05,1.9986963698221587
2022-10-06,1.9884142425494125
2022-10-07,2.0619726466782624
2022-10-08,1.9812814354514616
2022-10-09,2.068931015054236
2022-10-10,2.1609758464370024
2022-10-11,2.0671893807501567
2022-10-12,2.1504282624105193
2022-10-13,2.2442516498401224
2022-10-14,2.332772845143652
2022-10-15,2.4095791361569088
2022-10-16,2.5162755808188453
2022-10-17,2.628466316480267
2022-10-18,2.1954544770263094
2022-10-19,2.2728804512682896
2022-10-20,2.2324248152702837
2022-10-21,2.278706690977057
2022-10-22,2.0765048524595033
2022-10-23,2.168384133201767
2022-10-24,2.2649104051854514
2022-10-25,2.3559326151381237
2022-10-26,2.448107337760765
2022-10-27,2.2746274264023056
2022-10-28,2.3212241913665084
2022-10-29,2.349783237641194
2022-10-30,2.4554289994324194
2022-10-31,2.5664907910227863
2022-11-01,2.193137445677424
2022-11-02,2.229260495088804
2022-11-03,2.301873972381693
2022-11-04,2.356618997410423
2022-11-05,1.8287700191124576
2022-11-06,1.908732253400581
2022-11-07,1.9926846525727047
2022-11-08,2.080016943305753
2022-11-09,1.77603868247278
2022-11-10,1.8408975956420388
2022-11-11,1.4998460060308898
2022-11-12,1.558330704428732
2022-11-13,1.6176976547757458
2022-11-14,1.6801115981471282
2022-11-15,1.7428546566581125
2022-11-16,1.7916390534802884
2022-11-17,1.8656566033802517
2022-11-18,1.8783901859519414
2022-11-19,1.948132948050009
2022-11-20,2.030779428784212
2022-11-21,2.117571052066857
2022-11-22,2.11183966897762
2022-11-23,2.161069927199874
2022-11-24,2.243556592414614
2022-11-25,2.343576089279057
2022-11-26,2.4480905860855167
2022-11-27,2.5542109784072236
2022-11-28,2.665796658233082
2022-11-29,2.56739884079856
2022-11-30,2.6810258902379838
2022-12-01,2.526197627288494
2022-12-02,2.023492829956159
2022-12-03,2.1001760740471984
2022-12-04,2.18273705698712
2022-12-05,2.2697197572218415
2022-12-06,2.3002427924922744
2022-12-07,2.402283699567786
2022-12-08,2.5066806126863224
2022-12-09,2.617252783500487
2022-12-10,2.73235469407597
2022-12-11,2.845831006066445
2022-12-12,2.965437574415246
2022-12-13,2.5037966165362238
2022-12-14,2.470961025019617
2022-12-15,2.5830490454851907
2022-12-16,1.9871578832447465
2022-12-17,2.073406541911035
2022-12-18,2.1662164909727086
2022-12-19,2.2637160267616867
2022-12-20,2.3529827421494596
2022-12-21,2.3784681419176876
2022-12-22,2.4043453928518326
2022-12-23,2.460521185047947
2022-12-24,2.5726896189044006
2022-12-25,2.69103757493986
2022-12-26,2.815502268401326
2022-12-27,2.945250534911899
2022-12-28,3.0701660006270584
2022-12-29,3.0892758264884117
2022-12-30,2.8151553935671267
2023-01-01,2.92990259603373
2023-01-02,3.067265753903011
2023-01-03,3.1690283213604533
2023-01-04,2.8512046085657965
2023-01-05,2.6223665181049736
2023-01-06,2.6832087967572806
2023-01-07,2.343291490161754
2023-01-08,2.441409245222911
2023-01-09,2.544818268363957
2023-01-10,2.65257410195279
2023-01-11,2.7731802189551225
2023-01-12,2.8879797748211264
2023-01-13,3.0232290226573992
2023-01-14,3.1668305572940034
2023-01-15,3.274011067920998
2023-01-16,3.3219573499417456
2023-01-17,3.364406844396212
2023-01-18,3.2491999469439174
2023-01-19,3.307280301536129
2023-01-20,3.378016099904062
2023-01-21,3.4230728388169323
2023-01-22,3.4766861690293376
2023-01-23,3.5321160298758723
2023-01-24,3.577356349149809
2023-01-25,3.6361786736609143
2023-01-26,3.6998656236485155
2023-01-27,3.6608053800815887
2023-01-28,3.7247794686575735
2023-01-29,3.7883506056363534
2023-01-30,3.8540295520626455
2023-01-31,3.88900925620139
2023-02-01,3.9572381509887484
2023-02-02,3.982725307500963
2023-02-03,3.9999999999999996
2023-02-04,3.9999999999999996
2023-02-05,3.9999999999999996
2023-02-06,3.9999999999999996
2023-02-07,3.9999999999999996
2023-02-08,3.9999999999999996
2023-02-09,3.9999999999999996
2023-02-10,3.9999999999999996
2023-02-11,3.496080700612411
2023-02-12,3.6710198132429723
2023-02-13,3.8556447177587962
2023-02-14,3.8528924792682466
2023-02-15,3.9923827042687043
2023-02-16,3.983022055651766
2023-02-17,3.9999999999999996
2023-02-18,3.9999999999999996
2023-02-19,3.9999999999999996
2023-02-20,3.9999999999999996
2023-02-21,3.9999999999999996
2023-02-22,3.9999999999999996
2023-02-23,3.9999999999999996
2023-02-24,3.9999999999999996
2023-02-25,3.9999999999999996
2023-02-26,3.9999999999999996
2023-02-27,3.9999999999999996
2023-02-28,3.9999999999999996
2023-03-01,3.9999999999999996
2023-03-02,3.9999999999999996
2023-03-03,3.9999999999999996
2023-03-04,3.9999999999999996
2023-03-05,3.9999999999999996
2023-03-06,3.9999999999999996
2023-03-07,3.9999999999999996
2023-03-08,3.215481187973877
2023-03-09,3.3666326712496346
2023-03-10,3.4758278878600466
2023-03-11,3.5381022828540947
2023-03-12,3.6490585802573032
2023-03-13,3.7635078571041434
2023-03-14,3.8806278547383872
2023-03-15,3.5688955130653497
2023-03-16,1.8389931416820198
2023-03-17,1.843098870002749
2023-03-18,1.878889761346696
2023-03-19,1.96346740890824
2023-03-20,2.052636286392808
2023-03-21,2.1050165423115192
2023-03-22,2.1720116778121437
2023-03-23,2.263254228093759
2023-03-24,2.331288569727983
2023-03-25,2.444070061433538
2023-03-26,2.5574596998896006
2023-03-27,2.6770949712250247
2023-03-28,2.5522668776214927
2023-03-29,2.6680535359115254
2023-03-30,2.666944945820537
2023-03-31,2.78820328163113
2023-04-01,2.6780343075009667
2023-04-02,2.8096844622990087
2023-04-03,2.9485200173364166
2023-04-04,2.3429796540196737
2023-04-05,2.138978519728634
2023-04-06,2.185977286489117
2023-04-07,2.0515424966617486
2023-04-08,2.130378413688659
2023-04-09,2.2307942891767905
2023-04-10,2.3365623514837313
2023-04-11,2.3571843389760194
2023-04-12,2.3833893837687157
2023-04-13,2.1604078222655767
2023-04-14,2.130538958034121
2023-04-15,2.0856512015041755
2023-04-16,2.1804925300274203
2023-04-17,2.2803775267277344
2023-04-18,2.387822157941022
2023-04-19,2.2908466650007604
2023-04-20,1.990882660206757
2023-04-21,1.9734239727443432
2023-04-22,1.9635075211357522
2023-04-23,2.0545102683413585
2023-04-24,2.150244244501121
2023-04-25,2.1540462124068354
2023-04-26,1.9231895924997744
2023-04-27,1.963835000814392
2023-04-28,2.0452067832262615
2023-04-29,1.9506611885893725
2023-04-30,2.0381085983589395
2023-05-01,2.1300878317631833
2023-05-02,1.5901420280463137
2023-05-03,1.6581253840289105
2023-05-04,1.6718690788507087
2023-05-05,1.6895289830507403
2023-05-06,1.6339358262844472
2023-05-07,1.7056018860208193
2023-05-08,1.7808610001584968
2023-05-09,1.8163925561178231
2023-05-10,1.8673465602803432
2023-05-11,1.9512790188191111
2023-05-12,1.5347247775135733
2023-05-13,1.5691142954568855
2023-05-14,1.6326614340089562
2023-05-15,1.6994312704446697
2023-05-16,1.5846907716277816
2023-05-17,1.458701869680578
2023-05-18,1.5104782322788908
2023-05-19,1.5118686744606813
2023-05-20,1.5647209401669548
2023-05-21,1.6254866988619439
2023-05-22,1.6893361857981604
2023-05-23,1.7202660528568186
2023-05-24,1.79428577403507
2023-05-25,1.847595791535683
2023-05-26,1.8845489014335328
2023-05-27,1.6841553757438243
2023-05-28,1.7535261955468309
2023-05-29,1.8263225809144892
2023-05-30,1.9026872256049319
2023-05-31,1.8092943648245334
2023-06-01,1.8758737718151564
2023-06-02,1.915317280334498
2023-06-03,1.8450509944792062
2023-06-04,1.9237771047269563
2023-06-05,2.00637575258015
2023-06-06,2.091362507187501
2023-06-07,2.1620702024291734
2023-06-08,2.214034813401835
2023-06-09,2.3112982150923838
2023-06-10,2.408306024782218
2023-06-11,2.515553049942228
2023-06-12,2.6282217691131344
2023-06-13,2.7433365804732452
2023-06-14,2.610365403975994
2023-06-15,2.5963026461194167
2023-06-16,1.8699889307301687
2023-06-17,1.863094024722225
2023-06-18,1.9418519644704784
2023-06-19,2.024537438063304
2023-06-20,2.1133738758058196
2023-06-21,2.1200926767531123
2023-06-22,1.6126935725501677
2023-06-23,1.656064589391748
2023-06-24,1.665632186659537
2023-06-25,1.7324859392296597
2023-06-26,1.8026772629178547
2023-06-27,1.880625905574581
2023-06-28,1.6392478601258982
2023-06-29,1.4975795060016504
2023-06-30,1.5578438626196345
2023-07-01,1.6234198945423641
2023-07-02,1.692194598262066
2023-07-03,1.7642649585770194
2023-07-04,1.6545278940844854
2023-07-05,1.7206894650998965
2023-07-06,1.792090205144589
2023-07-07,1.8554727026141022
2023-07-08,1.9309959129861007
2023-07-09,2.0139598140860633
2023-07-10,2.1009761177522823
2023-07-11,2.185372581158269
2023-07-12,2.2570119239630753
2023-07-13,2.1710370754419
2023-07-14,2.248312931536168
2023-07-15,2.34699140647481
2023-07-16,2.450264580803996
2023-07-17,2.55870344737429
2023-07-18,2.635679226560756
2023-07-19,2.6819886650502975
2023-07-20,2.6812718068912806
2023-07-21,2.6538873689116325
2023-07-22,2.6846057200109414
2023-07-23,2.805898419372608
2023-07-24,2.8581823528593033
2023-07-25,2.368639874940632
2023-07-26,2.471753777101031
2023-07-27,2.4929662373837824
2023-07-28,2.60459955308731
2023-07-29,2.5234940484034354
2023-07-30,2.6376786026239643
2023-07-31,2.757680516777403
2023-08-01,2.5894550418476854
2023-08-02,2.639960159305823
2023-08-03,2.7226433394790375
2023-08-04,2.83484645873076
2023-08-05,2.9436843660987893
2023-08-06,2.9934484983328447
2023-08-07,3.037199045894526
2023-08-08,3.043632463593466
2023-08-09,3.0200918566155885
2023-08-10,3.059833156275405
2023-08-11,2.9442633004496264
2023-08-12,3.0631271306257433
2023-08-13,3.108638078643206
2023-08-14,3.1555935211792394
2023-08-15,3.1991379473136132
2023-08-16,3.249363604567964
2023-08-17,3.300339422406075
2023-08-18,3.3529366464362744
2023-08-19,3.4074551997890814
2023-08-20,3.463899687434854
2023-08-21,3.5221285161521645
2023-08-22,3.4414999772204573
2023-08-23,3.467508366730447
2023-08-24,3.4411725860805844
2023-08-25,3.492456841490237
2023-08-26,3.551306178048821
2023-08-27,3.611512483697147
2023-08-28,3.6736459582788794
2023-08-29,3.6897407188468008
2023-08-30,3.6758547654205445
2023-08-31,3.7310559445003393
2023-09-01,3.659098625785965
2023-09-02,3.708886238881392
2023-09-03,3.774387796920664
2023-09-04,3.8419714707243915
2023-09-05,3.9120534949414165
2023-09-06,3.9429060845565327
2023-09-07,3.9511369127258162
2023-09-08,3.981524631245636
2023-09-09,3.9999999999999996
2023-09-10,3.9999999999999996
2023-09-11,3.9999999999999996
2023-09-12,3.9999999999999996
2023-09-13,3.9999999999999996
2023-09-14,3.9999999999999996
2023-09-15,3.9999999999999996
2023-09-16,3.9999999999999996
2023-09-17,3.9999999999999996
2023-09-18,3.9999999999999996
2023-09-19,3.9999999999999996
2023-09-20,3.9999999999999996
2023-09-21,3.9999999999999996
2023-09-22,3.9999999999999996
2023-09-23,3.9999999999999996
2023-09-24,3.9999999999999996
2023-09-25,3.9999999999999996
2023-09-26,3.9999999999999996
2023-09-27,3.9999999999999996
2023-09-28,3.9999999999999996
2023-09-29,3.9999999999999996
2023-10-01,3.9999999999999996
2023-10-02,3.9999999999999996
2023-10-03,3.9999999999999996
2023-10-04,3.9999999999999996
2023-10-05,3.9999999999999996
2023-10-06,3.9999999999999996
2023-10-07,3.9182689191470845
2023-10-08,3.9999999999999996
2023-10-09,3.9999999999999996
2023-10-10,3.9999999999999996
2023-10-11,3.93293225119155
2023-10-12,3.7715676384975296
2023-10-13,3.886498867816544
2023-10-14,3.9999999999999996
2023-10-15,3.9999999999999996
2023-10-16,3.9999999999999996
2023-10-17,3.9999999999999996
2023-10-18,3.9999999999999996
2023-10-19,3.9999999999999996
2023-10-20,3.9999999999999996
2023-10-21,3.9999999999999996
2023-10-22,3.9999999999999996
2023-10-23,3.9999999999999996
2023-10-24,3.9999999999999996
2023-10-25,3.9999999999999996
2023-10-26,3.9999999999999996
2023-10-27,3.9999999999999996
2023-10-28,3.9999999999999996
2023-10-29,3.9999999999999996
2023-10-30,3.9999999999999996
2023-10-31,3.9999999999999996
2023-11-01,3.9999999999999996
2023-11-02,3.9999999999999996
2023-11-03,2.9575167346330935
2023-11-04,3.0754234635670445
2023-11-05,3.2260099744211903
2023-11-06,3.376288284399855
2023-11-07,3.4745675055785585
2023-11-08,2.187418936897512
2023-11-09,1.7338990209715168
2023-11-10,1.6309240666606504
2023-11-11,1.6683031457615607
2023-11-12,1.7445592017421607
2023-11-13,1.8247960747912868
2023-11-14,1.9100189567170085
2023-11-15,1.3285799830930638
2023-11-16,1.347756205030919
2023-11-17,1.4070476465481836
2023-11-18,1.37372643848765
2023-11-19,1.4320037526883032
2023-11-20,1.4932108482036899
2023-11-21,1.5311779940085932
2023-11-22,1.5987420997810313
2023-11-23,1.633569184020198
2023-11-24,1.7067291272755085
2023-11-25,1.6263354472923166
2023-11-26,1.6931852237105856
2023-11-27,1.763502038267079
2023-11-28,1.8430106852689037
2023-11-29,1.8619445994947645
2023-11-30,1.9319626564479007
2023-12-01,1.9465836941350163
2023-12-02,1.749748078926141
2023-12-03,1.8266711480404076
2023-12-04,1.9074854204909215
2023-12-05,1.9911739854924557
2023-12-06,2.0798128180267055
2023-12-07,1.8549819856359777
2023-12-08,1.5777116090024181
2023-12-09,1.6141260902996057
2023-12-10,1.6847554763980868
2023-12-11,1.7588773319841606
2023-12-12,1.7852915079693283
2023-12-13,1.8642416783028417
2023-12-14,1.9421728434076972
2023-12-15,1.9255304848354533
2023-12-16,1.9942926807039953
2023-12-17,2.0836692417521596
2023-12-18,2.177559261019727
2023-12-19,2.2381761864244756
2023-12-20,2.3380424693434443
2023-12-21,2.443156660684008
2023-12-22,2.4908304021522407
2023-12-23,2.6054940539384925
2023-12-24,2.726091600436375
2023-12-25,2.852951279937581
2023-12-26,2.9863757943992635
2023-12-27,2.5557393655032477
2023-12-28,2.541711352587472
2023-12-29,2.658255301304915
2023-12-30,2.6884276915674916
2023-12-31,2.813922355831582
2024-01-01,2.9459788173245016
2024-01-02,3.0845217238807257
2024-01-03,2.572704625221648
2024-01-04,2.1534312394582122
2024-01-05,2.2034220912921594
2024-01-06,2.279083446098679
2024-01-07,2.3836198607421815
2024-01-08,2.493558876637005
2024-01-09,2.200679998721285
2024-01-10,2.2297595825408973
2024-01-11,2.123904306103634
2024-01-12,2.204864583598898
2024-01-13,2.010105848061482
2024-01-14,2.0943176500936276
2024-01-15,2.1829343484575006
2024-01-16,2.2813518970792077
2024-01-17,2.1815898094819315
2024-01-18,2.2746539526148757
2024-01-19,2.3772078569131687
2024-01-20,2.472807808241918
2024-01-21,2.5685128372493615
2024-01-22,2.6697001552381203
2024-01-23,2.774546292325077
2024-01-24,2.744755549933208
2024-01-25,2.2300367362733944
2024-01-26,2.2873537143568496
2024-01-27,2.3906398520420375
2024-01-28,2.4982667749211713
2024-01-29,2.6115006034740325
2024-01-30,1.8980793212425753
2024-01-31,1.740800473407227
2024-02-01,1.8144304665540696
2024-02-02,1.7813625286455692
2024-02-03,1.7685088990832214
2024-02-04,1.8403960236039834
2024-02-05,1.9159951730175426
2024-02-06,1.9910440541160712
2024-02-07,2.073929123516673
2024-02-08,2.081180754017133
2024-02-09,2.147529293254122
2024-02-10,2.2282077308211394
2024-02-11,2.3151476011960757
2024-02-12,2.4068932605845865
2024-02-13,2.4284333040234305
2024-02-14,2.5398173637458443
2024-02-15,2.480656563878838
2024-02-16,2.5109513453856143
2024-02-17,2.5275198592668424
2024-02-18,2.627577263506842
2024-02-19,2.733237864598993
2024-02-20,2.8271005754826013
2024-02-21,2.77562008302316
2024-02-22,2.8747273116858154
2024-02-23,2.7506937367894633
2024-02-24,2.305576967255344
2024-02-25,2.394535483832588
2024-02-26,2.48854631715382
2024-02-27,2.521948408066527
2024-02-28,2.3177571278196276
2024-02-29,2.406549020334321
2024-03-01,2.5129190290921524
2024-03-03,2.6205533126323743
2024-03-04,2.7364553582211344
2024-03-05,2.8506359476079446
2024-03-06,2.90197929439869
2024-03-07,3.0304102713798655
2024-03-08,2.80864802688279
2024-03-09,2.9148746327332224
2024-03-10,3.049465278531696
2024-03-11,3.1912083396150526
2024-03-12,2.8416653968079872
2024-03-13,2.9730361086866455
2024-03-14,2.9851476551009446
2024-03-15,2.998988692826692
2024-03-16,3.1177923991483882
2024-03-17,3.2670778394816815
2024-03-18,3.3592737539748216
2024-03-19,3.40473978166793
2024-03-20,3.4475719761411576
2024-03-21,3.479452018869178
2024-03-22,3.5320141418950626
2024-03-23,3.55494249061764
2024-03-24,3.6139004627194864
2024-03-25,3.6747946842150756
2024-03-26,3.6568037291269104
2024-03-27,3.7090237923731944
2024-03-28,3.3516606362111907
2024-03-29,2.5664851438329266
2024-03-30,2.689070819401385
2024-03-31,2.8179073418461
2024-04-01,2.9536621973020396
2024-04-02,2.9264888799437245
2024-04-03,2.8629439014602096
2024-04-04,2.821386092489819
2024-04-05,2.56293001379999
2024-04-06,2.5973051879957185
2024-04-07,2.721282240807152
2024-04-08,2.8518990986538206
2024-04-09,2.9399906066910644
2024-04-10,2.9793387432849654
2024-04-11,3.099874427799596
2024-04-12,2.567127526647895
2024-04-13,2.162503787420415
2024-04-14,2.263575300270749
2024-04-15,2.3699763371985845
2024-04-16,2.358458693358759
2024-04-17,2.4072091196293597
2024-04-18,2.5206765996371345
2024-04-19,2.6404877664847803
2024-04-20,2.1501737229931783
2024-04-21,2.250911680980682
2024-04-22,2.356938549689432
2024-04-23,1.8409031437022063
2024-04-24,1.9237161963359186
2024-04-25,1.943203390904531
2024-04-26,1.9275870990750041
2024-04-27,2.0160691761038225
2024-04-28,2.107574334556944
2024-04-29,2.203840114702727
2024-04-30,2.2011329841392673
2024-05-01,2.286020503816431
2024-05-02,1.5279457193601573
2024-05-03,1.5403317908936944
2024-05-04,1.557591101126284
2024-05-05,1.6150832154266455
2024-05-06,1.6757579816945887
2024-05-07,1.611489998717596
2024-05-08,1.6440324911000121
2024-05-09,1.5435611157600413
2024-05-10,1.6068754720791094
2024-05-11,1.6339489560268616
2024-05-12,1.6956563897587975
2024-05-13,1.7606776092038472
2024-05-14,1.7341251729215723
2024-05-15,1.8087172141970778
2024-05-16,1.8824949200344825
2024-05-17,1.9170351252479043
2024-05-18,1.8982932403965758
2024-05-19,1.9625751746181368
2024-05-20,2.0307920705849263
2024-05-21,1.9896148441194719
2024-05-22,2.0473918002551517
2024-05-23,2.0095777059198623
2024-05-24,1.9664715542284779
2024-05-25,2.0286561254784767
2024-05-26,2.110482932370545
2024-05-27,2.1966079816178876
2024-05-28,2.2879764203130923
2024-05-29,2.3194114100011687
2024-05-30,2.282819190878825
2024-05-31,2.0973083840432856
2024-06-01,2.1174335740776162
2024-06-02,2.2114710897765857
2024-06-03,2.3102608198165355
2024-06-04,2.368810998573474
2024-06-05,2.4449794225903045
2024-06-06,2.188806997733357
2024-06-07,2.2862688034399032
2024-06-08,2.3890809160299353
2024-06-09,2.497510455704787
2024-06-10,2.6114867551386407
2024-06-11,2.5583753120986517
2024-06-12,2.5797474296886778
2024-06-13,2.5887723679318433
2024-06-14,2.273095725997311
2024-06-15,2.2073092608013263
2024-06-16,2.3065284135314723
2024-06-17,2.410797225615455
2024-06-18,2.217647927762748
2024-06-19,2.3066925472589004
2024-06-20,2.4072346840016925
2024-06-21,1.8601734930955933
2024-06-22,1.8795147428546106
2024-06-23,1.9590277536267566
2024-06-24,2.0425790887934494
2024-06-25,2.119141592978573
2024-06-26,2.186325016029051
2024-06-27,2.284798737132495
2024-06-28,2.360287384400801
2024-06-29,2.3004270118196044
2024-06-30,2.393504599680259
2024-07-01,2.4916061868313677
2024-07-02,2.6043593425189613
2024-07-03,2.6808731439880735
2024-07-04,2.4027796042530905
2024-07-05,2.49230020911153
2024-07-06,2.5354798232781834
2024-07-07,2.640183230421825
2024-07-08,2.750545161927911
2024-07-09,2.578808095499993
2024-07-10,2.69399553967464
2024-07-11,2.5131992543784847
2024-07-12,2.3383446242966173
2024-07-13,2.4405698323749436
2024-07-14,2.5363563119499397
2024-07-15,2.6375302715894566
2024-07-16,2.233450689203486
2024-07-17,2.2245263046135104
2024-07-18,1.9657043679919703
2024-07-19,2.0450727039047827
2024-07-20,1.8577486642308643
2024-07-21,1.939419584067215
2024-07-22,2.0251959776963493
2024-07-23,2.0063386548788595
2024-07-24,2.092298072593234
2024-07-25,2.0889556888080922
2024-07-26,2.0879377899702436
2024-07-27,1.7397011111558638
2024-07-28,1.8158061512487913
2024-07-29,1.8956776922803689
2024-07-30,1.9689709829987512
2024-07-31,2.0035388229871893
2024-08-01,1.88070905562679
2024-08-02,1.8893783674090685
2024-08-03,1.5864659050356742
2024-08-04,1.6543666075664993
2024-08-05,1.725561710695504
2024-08-06,1.3276997643272048
2024-08-07,1.3373334674843032
2024-08-08,1.3783287452048971
2024-08-09,1.3937226495805881
2024-08-10,1.4489110972948156
2024-08-11,1.5093390361044532
2024-08-12,1.5726243101517847
2024-08-13,1.5861709078556485
2024-08-14,1.6282025891311365
2024-08-15,1.6673812949294862
2024-08-16,1.5413014070618671
2024-08-17,1.5998977436906627
2024-08-18,1.6658287610085045
2024-08-19,1.7349073813679217
2024-08-20,1.7325820351368666
2024-08-21,1.8005487472250241
2024-08-22,1.8754109767238034
2024-08-23,1.9436694900216591
2024-08-24,2.0043806239085233
2024-08-25,2.0895767970025223
2024-08-26,2.1789442795550897
2024-08-27,2.2349400788811837
2024-08-28,2.237302392424846
2024-08-29,2.161181734577657
2024-08-30,2.254009550083517
2024-08-31,2.275854086553462
2024-09-01,2.375463164605135
2024-09-02,2.480011649565979
2024-09-03,2.5894532019931913
2024-09-04,1.5300312176163828
2024-09-05,1.5614911007709378
2024-09-06,1.6164960509348119
2024-09-07,1.677280131869573
2024-09-08,1.7432331097381226
2024-09-09,1.812479036959831
2024-09-10,1.7678033188209379
2024-09-11,1.8430203085988226
2024-09-12,1.8873852631231278
2024-09-13,1.8809900843560126
2024-09-14,1.9382150708204862
2024-09-15,2.0217596519063856
2024-09-16,2.109389916447718
2024-09-17,2.2014786591954345
2024-09-18,2.2880341217651563
2024-09-19,2.3806710715994974
2024-09-20,2.150647845163546
2024-09-21,2.243467871941496
2024-09-22,2.3418852903559544
2024-09-23,2.445208884125128
2024-09-24,2.1319764501208494
2024-09-25,2.05369805526204
2024-09-26,2.1218341170512893
2024-09-27,2.159909709858779
2024-09-28,2.1543039558780563
2024-09-29,2.248987509363505
2024-09-30,2.348371318245622
2024-10-01,2.3000408405828083
2024-10-02,2.40177676623479
2024-10-03,2.4892885461002296
2024-10-04,2.5563407700970466
2024-10-05,2.663851288298923
2024-10-06,2.781302319403138
2024-10-07,2.8549152673154023
2024-10-08,2.8790535825259638
2024-10-09,2.9180867611590044
2024-10-10,2.9553237943876858
2024-10-11,2.98605739862889
2024-10-12,2.920321979874996
2024-10-13,2.9615282912644765
2024-10-14,3.004038043880715
2024-10-15,3.0250832553443536
2024-10-16,3.0540096570631188
2024-10-17,3.09776999976951
2024-10-18,3.1334449313500623
2024-10-19,2.5529496421384517
2024-10-20,2.667593714925055
2024-10-21,2.788217773594579
2024-10-22,2.6797680193978897
2024-10-23,2.8038165616626727
2024-10-24,2.5100513062057153
2024-10-25,2.6204597250186246
2024-10-26,2.737006597147524
2024-10-27,2.8645847145749177
2024-10-28,2.9988297393121366
2024-10-29,2.637288182145708
2024-10-30,2.6305539778069837
2024-10-31,2.655907880951318
2024-11-01,2.556278419642779
2024-11-02,2.66852303249833
2024-11-03,2.7912815129907496
2024-11-04,2.920486848522413
2024-11-05,3.0466117847045666
2024-11-06,2.9114388689596384
2024-11-07,2.174878630912769
2024-11-08,2.058477169595364
2024-11-09,2.1095858880319014
2024-11-10,2.2040464364521193
2024-11-11,2.3033796090517145
2024-11-12,2.2616476086710375
2024-11-13,2.2853822195820617
2024-11-14,2.331483544850872
2024-11-15,2.4074594914550786
2024-11-16,2.51845508876867
2024-11-17,2.62566530698871
2024-11-18,2.7386634146347717
2024-11-19,2.719192879992146
2024-11-20,2.747182043461544
2024-11-21,2.8596009680686745
2024-11-22,2.994770448639017
2024-11-23,3.0926777524785605
2024-11-24,3.2367068282293805
2024-11-25,3.319022976666052
2024-11-26,3.2403983879535683
2024-11-27,3.349579158606257
2024-11-28,3.235978420462411
2024-11-29,3.3679199064590954
2024-11-30,3.376718627972038
2024-12-01,3.4321019495863454
2024-12-02,3.4892392942288164
2024-12-03,3.520740613871738
2024-12-04,3.528826541066048
2024-12-05,3.555171359661182
2024-12-06,3.6046534285587817
2024-12-07,3.6641635481486268
2024-12-08,3.7289923535254785
2024-12-09,3.7958590693314975
2024-12-10,3.8157437275905832
2024-12-11,3.8581240512190313
2024-12-12,3.924072310025154
2024-12-13,3.7298297177081126
2024-12-14,3.6046598500502656
2024-12-15,3.76973034019533
2024-12-16,3.8361137530747755
2024-12-17,3.854910944056406
2024-12-18,3.899986094907837
2024-12-19,3.2991217016168024
2024-12-20,2.484589377601121
2024-12-21,2.4140927727907258
2024-12-22,2.5208251530230448
2024-12-23,2.6334787662105157
2024-12-24,2.7172249950330865
2024-12-25,2.8490481512198778
2024-12-26,2.979002472150685
2024-12-27,3.0833794348745824
2024-12-28,3.234858631453967
2024-12-29,3.3875807682893675
2024-12-30,3.548821308877669
2024-12-31,3.0076789149505525
2025-01-01,3.110715303205753
2025-01-02,3.2447657270026364
2025-01-03,2.8791078523414737
2025-01-04,2.181744350569821
2025-01-05,2.2860599057446764
2025-01-06,2.3959400219338387
2025-01-07,2.5116490023747495
2025-01-08,2.5580196895270095
2025-01-09,2.53160352881365
2025-01-10,2.6249778335156533
2025-01-11,2.690845943309742
2025-01-12,2.8213722625475546
2025-01-13,2.958981230824601
2025-01-14,2.101919615155143
2025-01-15,2.187985343813844
2025-01-16,1.9920200096523106
2025-01-17,1.8964485484580433
2025-01-18,1.9097993477510562
2025-01-19,1.9986383201972548
2025-01-20,2.0921110538580807
2025-01-21,2.1734354082744063
2025-01-22,1.9784538703606498
2025-01-23,1.9397759002783312
2025-01-24,2.0060816915804844
2025-01-25,2.047461857534242
2025-01-26,2.142727021869544
2025-01-27,2.2429630809805174
2025-01-28,2.13758168763048
2025-01-29,2.2256731542795647
2025-01-30,2.2057980435468685
2025-01-31,1.8746987251928158
2025-02-01,1.9394490016998407
2025-02-02,2.0283929518183013
2025-02-03,2.1219204512872327
2025-02-04,2.209743033142501
2025-02-05,2.276489584998247
2025-02-06,2.282170448313704
2025-02-07,2.3758764926974667
2025-02-08,2.3447033970335878
2025-02-09,2.4539890491738126
2025-02-10,2.56900777376041
2025-02-11,2.553395168414728
2025-02-12,2.6598995577559337
2025-02-13,2.506026126698586
2025-02-14,2.6198658461024404
2025-02-15,2.2347524102853975
2025-02-16,2.3385319998633967
2025-02-17,2.447728459142315
2025-02-18,2.5622340872314258
2025-02-19,2.66245507308472
2025-02-20,2.7003947991715522
2025-02-21,2.719016490511369
2025-02-22,2.844734101378092
2025-02-23,2.9800768573873357
2025-02-24,3.12264882684536
2025-02-25,3.1716383709557534
2025-02-26,3.198884246027044
2025-02-27,3.0200968502782346
2025-02-28,2.8388024679788435
2025-03-01,2.918117616368587
2025-03-02,3.0471974126773014
2025-03-03,3.1834186446756814
2025-03-04,2.630074834586279
2025-03-05,2.5981737644086738
2025-03-06,2.443557071958888
2025-03-07,2.4848231439055355
2025-03-08,2.4134194805686557
2025-03-09,2.5206335938820787
2025-03-10,2.6336348071303806
2025-03-11,2.563276891911735
2025-03-12,2.6495921850813895
2025-03-13,2.745184356050485
2025-03-14,2.7962931881641238
2025-03-15,2.929331195305177
2025-03-16,3.059230123007631
2025-03-17,3.1963283085550716
2025-03-18,3.339223756563178
2025-03-19,3.3055546597343013
2025-03-20,3.3805545419893783
2025-03-21,3.4696297382816312
2025-03-22,3.4793567089626447
2025-03-23,3.637738342651493
2025-03-24,3.7011008613803074
2025-03-25,3.7658977569936156
2025-03-26,3.658054155992124
2025-03-27,3.718648379186425
2025-03-28,3.7656361367423092
2025-03-29,3.782060506004639
2025-03-30,3.8474118266507706
2025-03-31,3.914927305887875
2025-04-01,3.939155060367862
2025-04-02,3.925466958755487
2025-04-03,3.9941779587016772
2025-04-04,1.4125148331302324
2025-04-05,1.3439129593588401
2025-04-06,1.4001578062381925
2025-04-07,1.4593560772833538
2025-04-08,1.5255301497899192
2025-04-09,1.589807969876709
2025-04-10,1.4031506924994575
2025-04-11,1.4660324824696014
2025-04-12,1.4944720709566224
2025-04-13,1.5611635185737576
2025-04-14,1.6312683867139564
2025-04-15,1.701996571954852
2025-04-16,1.7526867986532113
2025-04-17,1.8324561953283476
2025-04-18,1.8689545739778577
2025-04-19,1.955472750860323
2025-04-20,2.0456268121933965
2025-04-21,2.1405069516669495
2025-04-22,2.236611098746086
2025-04-23,2.19194134156574
2025-04-24,2.222698907109034
2025-04-25,2.327169756792036
2025-04-26,2.414883396384664
2025-04-27,2.529959049982902
2025-04-28,2.6511541500440443
2025-04-29,2.497034540848327
2025-04-30,2.57656841369707
2025-05-01,2.5291216923810533
2025-05-02,2.1958368134969097
2025-05-03,2.29861657540724
2025-05-04,2.4068356626941156
2025-05-05,2.5207754075166204
2025-05-06,2.4853368829801386
2025-05-07,2.303279711654852
2025-05-08,2.357364392101651
2025-05-09,2.0689593012136913
2025-05-10,2.0024059757085553
2025-05-11,2.094777780342954
2025-05-12,2.191935720321137
2025-05-13,1.8270411210682753
2025-05-14,1.903794648502854
2025-05-15,1.8791362390106188
2025-05-16,1.7209396239533483
2025-05-17,1.760207528551146
2025-05-18,1.8384800455765908
2025-05-19,1.9207168932081415
2025-05-20,1.9760409856012422
2025-05-21,1.785024049186217
2025-05-22,1.8548568713281655
2025-05-23,1.9294535094989467
2025-05-24,1.944767352192797
2025-05-25,2.0312068367295986
2025-05-26,2.122051367677393
2025-05-27,2.2184363814633574
2025-05-28,2.3196739285860803
2025-05-29,2.350422151128583
2025-05-30,2.4543319631708167
2025-05-31,2.4764952310749275
2025-06-01,2.591431276949048
2025-06-02,2.7123511989589795
2025-06-03,2.0806163264451114
2025-06-04,2.154338085857023
2025-06-05,2.2285072202365086
2025-06-06,2.314123524857263
2025-06-07,2.3653352620887733
2025-06-08,2.471873800795004
2025-06-09,2.5839802333635427
2025-06-10,2.63947736405323
2025-06-11,2.7596996617539795
2025-06-12,2.8628722900742263
2025-06-13,2.606526119857084
2025-06-14,1.8672013534852696
2025-06-15,1.9512020879985204
2025-06-16,2.0394714523814024
2025-06-17,2.117415350137061
2025-06-18,2.1270186265528315
2025-06-19,2.2239173293896464
2025-06-20,2.3250868963152995
2025-06-21,2.372080749743152
2025-06-22,2.482007880358883
2025-06-23,2.5976523697939093
2025-06-24,2.269365141716833
2025-06-25,2.229779774191618
2025-06-26,2.303180007241543
2025-06-27,2.0816740656073214
2025-06-28,2.0745717699745283
2025-06-29,2.163898928293224
2025-06-30,2.2578847777846787
2025-07-01,2.3196358478097703
2025-07-02,2.3903939316067926
2025-07-03,2.3948934837806175
2025-07-04,2.452073520199263
2025-07-05,2.5653179849091803
2025-07-06,2.6832365296405203
2025-07-07,2.807339228827988
2025-07-08,2.7217051620087758
2025-07-09,2.3818539843829813
2025-07-10,2.4553552472227795
2025-07-11,2.5221163706621987
2025-07-12,2.437379128202148
2025-07-13,2.5344431981442495
2025-07-14,2.6369871983010555
2025-07-15,2.7334287205344636
2025-07-16,2.8279165729704316
2025-07-17,2.876879302134824
2025-07-18,2.9964404910487747
2025-07-19,2.9169020952683082
2025-07-20,3.049386343899363
2025-07-21,3.1889877408629212
2025-07-22,2.824886906825078
2025-07-23,2.937618735502662
2025-07-24,2.9976926268119373
2025-07-25,2.890253993207427
2025-07-26,3.0194452115530526
2025-07-27,3.159177090214901
2025-07-28,3.306439901813776
2025-07-29,3.2781257505270527
2025-07-30,3.307447430223361
2025-07-31,3.203134882946516
2025-08-01,1.3589297876886108
2025-08-02,1.3943863381858506
2025-08-03,1.4550878355738028
2025-08-04,1.518843656937922
2025-08-05,1.5641017248108966
2025-08-06,1.632449686972717
2025-08-07,1.678079593529656
2025-08-08,1.750103616222469
2025-08-09,1.8129515292422445
2025-08-10,1.8957173838479617
2025-08-11,1.982734252047093
2025-08-12,1.879564572240792
2025-08-13,1.9518203894691593
2025-08-14,2.0383880493787214
2025-08-15,2.103891525869284
2025-08-16,2.196661272742052
2025-08-17,2.298345687705832
2025-08-18,2.405342388878452
2025-08-19,2.4999617214724466
2025-08-20,2.5687026574804857
2025-08-21,2.611733649628759
2025-08-22,2.735625479155298
2025-08-23,2.663966972667202
2025-08-24,2.790712686436916
2025-08-25,2.9241896826506566
2025-08-26,2.9965757844742797
2025-08-27,3.1278078745618925
2025-08-28,3.2645305543842658
2025-08-29,3.306287073200592
2025-08-30,2.991837782132212
2025-08-31,3.1338110322565105
2025-09-01,3.283444762433199
2025-09-02,3.4428327905696925
2025-09-03,2.3684995084224814
2025-09-04,2.287207592282597
2025-09-05,2.2414094563989955
2025-09-07,2.3411369177806263
2025-09-08,2.4424875896048803
2025-09-09,2.556259303896851
2025-09-10,2.6559967220411678
2025-09-11,2.7829082126139735
2025-09-12,2.9152414244903135
2025-09-13,3.0323207876119755
2025-09-14,3.166693006683098
2025-09-15,3.3085814531642246
2025-09-16,3.414025193944847
2025-09-17,3.4398710162782558
2025-09-18,3.3693146979491724
2025-09-19,3.527465496619938
2025-09-20,2.936138506437784
2025-09-21,3.067454220505287
2025-09-22,3.206103075430785
2025-09-23,2.7912993361590033
2025-09-24,2.843056159001321
2025-09-25,2.880815363672228
2025-09-26,3.0155552033761968
2025-09-27,2.3660974203146434
2025-09-28,2.4560605192254674
2025-09-29,2.5515503203492202
2025-09-30,2.4060322054113974
2025-10-01,2.5174141374095185
2025-10-02,2.3707661879189854
2025-10-03,2.3946947440778668
2025-10-04,2.349586555298016
2025-10-05,2.4233156542017595
2025-10-06,2.5026850456742284
2025-10-07,2.4578121663727392
2025-10-08,2.5749475935089636
2025-10-09,2.5781146510636246
2025-10-10,2.1459614628016954
2025-10-11,1.9436113896537701
2025-10-12,2.0229299450758598
2025-10-13,2.106617993976249
2025-10-14,1.504260390982051
2025-10-15,1.5266591871963275
2025-10-16,1.5841108006402893
2025-10-17,1.616230402625951
2025-10-18,1.3898886522967313
2025-10-19,1.445275748344557
2025-10-20,1.5034915942412286
2025-10-21,1.3383854145045686
2025-10-22,1.1826854141192042
2025-10-23,1.2175540607134467
2025-10-24,1.2678052977747165
2025-10-25,1.320387641955325
2025-10-26,1.3738043760942156
2025-10-27,1.4298097132171244
2025-10-28,1.4727409666352382
2025-10-29,1.5315595849081187
2025-10-30,1.545278646755136
2025-10-31,1.5964197164346614
2025-11-01,1.6504665929216817
2025-11-02,1.7185962800764472
2025-11-03,1.790105524045356
2025-11-04,1.838620371023901
2025-11-05,1.7998134597259203
2025-11-06,1.8768973475188861
2025-11-07,1.937993463271941
2025-11-08,2.015971279571029
2025-11-09,2.103815419278838
2025-11-10,2.1960512499931837
2025-11-11,1.950506848899861
2025-11-12,2.03355270175394
2025-11-13,1.902921240717262
2025-11-14,1.9321266675759203
2025-11-15,1.7344822811144311
2025-11-16,1.807803445289174
2025-11-17,1.8847165635242804
2025-11-18,1.7758190183800833
2025-11-19,1.7853871133522734
2025-11-20,1.7426539273274873
2025-11-21,1.8165650422972075
2025-11-22,1.894748342132845
2025-11-23,1.9766429283853706
2025-11-24,2.062549039934219
2025-11-25,2.1090542075436383
2025-11-26,2.1715327953763572
2025-11-27,2.1196221785314187
2025-11-28,2.208875625889899
2025-11-29,1.9301370627489647
2025-11-30,2.0068191017351524
2025-12-01,2.0874229905783204
2025-12-02,2.117690231573302
2025-12-03,2.165850504946978
2025-12-04,2.2406322455988046
2025-12-05,2.3258769731415465
2025-12-06,2.392468494028062
2025-12-07,2.4859699157480164
2025-12-08,2.584507158001253
2025-12-09,2.6634681704675716
2025-12-10,2.7525984332990365
2025-12-11,2.7913961625776054
2025-12-12,2.578869753146276
2025-12-13,2.583400130698133
2025-12-14,2.6887096403823025
2025-12-15,2.7996407370499905
2025-12-16,2.7857797046826316
2025-12-17,2.8999450113725644
2025-12-18,2.6454093304362987
2025-12-19,2.7357150028858492
2025-12-20,2.400360633020628
2025-12-21,2.479658795582629
2025-12-22,2.5641440841051373
2025-12-23,2.6741378250196144
2025-12-24,2.267892540707189
2025-12-25,2.220425955360863
2025-12-26,2.3013295293125524
2025-12-27,1.6555274046638975
2025-12-28,1.7061640901158852
2025-12-29,1.760205081270566
2025-12-30,1.0995637942238463
2025-12-31,1.101890531871794
2026-01-01,1.0858562211222333
2026-01-02,1.1282364299595322
2026-01-03,1.1732143810084144
2026-01-04,1.2194890771813278
2026-01-05,1.2679105197243483
2026-01-06,1.301966395088736
2026-01-07,1.3482964204962828
2026-01-08,1.375877227326975
2026-01-09,1.4099009646226222
2026-01-10,1.4672341985165624
2026-01-11,1.526721377151286
2026-01-12,1.5890283128035847
2026-01-13,1.5671357527775875
2026-01-14,1.6259290809090148
2026-01-15,1.6888393774815305
2026-01-16,1.7560838754924057
2026-01-17,1.7509318520907746
2026-01-18,1.8234740112204488
2026-01-19,1.89951299316773
2026-01-20,1.9770395627664197
2026-01-21,1.9322293576286913
2026-01-22,1.9490153118604447
2026-01-23,2.0072769294202826
2026-01-24,2.0900321095845817
2026-01-25,2.171370714199891
2026-01-26,2.256895238816037
2026-01-27,1.9637554117936644
2026-01-28,1.9359182323515485
2026-01-29,1.9114956890846246
2026-01-30,1.9912819517834095
2026-01-31,1.430285013691897
2026-02-01,1.4890622370814173
2026-02-02,1.5505714090704588
2026-02-03,1.6023599823166672
2026-02-04,1.593475546973909
2026-02-05,1.6568971410103515
2026-02-06,1.6830125959894406
2026-02-07,1.71836466971947
2026-02-08,1.790280443643775
2026-02-09,1.865608317379348
2026-02-10,1.9199352405728554
2026-02-11,1.995396676789851
2026-02-12,2.0767388849458617
2026-02-13,1.9610207139231934
2026-02-14,2.028507929080777
2026-02-15,2.1153568621202714
2026-02-16,2.2064100290400446
2026-02-17,2.301895123405407
2026-02-18,2.3392449799065926
2026-02-19,2.3918064096018954
2026-02-20,2.4492754911599737
2026-02-21,2.466459195590323
2026-02-22,2.5748875674351264
2026-02-23,2.6754049142960885
2026-02-24,2.708011878578253
2026-02-25,2.729507966719869
2026-02-26,2.709716389247484
2026-02-27,2.6296615012797275
2026-03-02,2.731188334284194
2026-03-03,2.7665318425721073
2026-03-04,2.802992072375853
2026-03-05,2.840603915446518
2026-03-06,2.879403366654795
2026-03-09,2.919427558375744
2026-03-10,2.9607147959688294
2026-03-11,3.0033045943865866
2026-03-12,3.0472377159464243
2026-03-13,3.0925562093012187
