label,n_days,total_pnl,ann_return,ann_vol,sharpe,max_dd,n_trades,hit_rate,avg_win,avg_loss,win_loss_ratio,avg_hold_days,max_win_streak,max_loss_streak,lookback,entry_z,exit_z,max_hold,spread,spread_label
gs_ratio_fut_lb20_ez1.0_xz0.0_mh5,2129,-24.98,-2.96,16.692,-0.177,-60.09,237,0.342,1.651,-0.828,1.99,4.2,6,15,20,1.0,0.0,5,gs_ratio_fut,GS raw ratio
gs_ratio_fut_lb20_ez1.0_xz0.0_mh10,2129,-15.27,-1.81,17.063,-0.106,-66.97,159,0.566,1.759,-1.993,0.88,8.9,8,8,20,1.0,0.0,10,gs_ratio_fut,GS raw ratio
gs_ratio_fut_lb20_ez1.0_xz0.0_mh20,2129,-19.99,-2.37,17.387,-0.136,-63.14,133,0.647,1.659,-2.874,0.58,13.1,11,5,20,1.0,0.0,20,gs_ratio_fut,GS raw ratio
gs_ratio_fut_lb20_ez1.0_xz0.0_mh40,2129,-16.98,-2.01,17.718,-0.113,-57.8,121,0.694,1.607,-3.93,0.41,15.4,11,4,20,1.0,0.0,40,gs_ratio_fut,GS raw ratio
gs_ratio_fut_lb20_ez1.0_xz0.5_mh5,2129,-37.06,-4.39,16.349,-0.268,-61.31,243,0.412,1.359,-0.933,1.46,4.1,7,15,20,1.0,0.5,5,gs_ratio_fut,GS raw ratio
gs_ratio_fut_lb20_ez1.0_xz0.5_mh10,2129,-33.3,-3.94,16.52,-0.239,-62.6,180,0.639,1.357,-2.345,0.58,7.9,7,8,20,1.0,0.5,10,gs_ratio_fut,GS raw ratio
gs_ratio_fut_lb20_ez1.0_xz0.5_mh20,2129,-30.74,-3.64,16.636,-0.219,-62.92,162,0.704,1.364,-3.551,0.38,10.7,13,5,20,1.0,0.5,20,gs_ratio_fut,GS raw ratio
gs_ratio_fut_lb20_ez1.0_xz0.5_mh40,2129,-22.52,-2.67,16.808,-0.159,-55.12,161,0.708,1.364,-3.767,0.36,11.4,13,5,20,1.0,0.5,40,gs_ratio_fut,GS raw ratio
gs_ratio_fut_lb20_ez1.5_xz0.0_mh5,2129,-53.86,-6.38,14.303,-0.446,-69.15,156,0.41,2.009,-1.224,1.64,5.7,5,12,20,1.5,0.0,5,gs_ratio_fut,GS raw ratio
gs_ratio_fut_lb20_ez1.5_xz0.0_mh10,2129,-38.35,-4.54,15.301,-0.297,-63.58,123,0.553,2.029,-2.759,0.74,11.1,5,6,20,1.5,0.0,10,gs_ratio_fut,GS raw ratio
gs_ratio_fut_lb20_ez1.5_xz0.0_mh20,2129,-33.68,-3.99,16.308,-0.244,-60.74,106,0.642,1.9,-3.914,0.49,15.9,9,3,20,1.5,0.0,20,gs_ratio_fut,GS raw ratio
gs_ratio_fut_lb20_ez1.5_xz0.0_mh40,2129,-24.1,-2.85,16.876,-0.169,-55.65,99,0.667,1.845,-4.542,0.41,18.3,9,3,20,1.5,0.0,40,gs_ratio_fut,GS raw ratio
gs_ratio_fut_lb20_ez1.5_xz0.5_mh5,2129,-55.16,-6.53,14.196,-0.46,-70.26,160,0.456,1.764,-1.274,1.39,5.5,7,10,20,1.5,0.5,5,gs_ratio_fut,GS raw ratio
gs_ratio_fut_lb20_ez1.5_xz0.5_mh10,2129,-58.28,-6.9,14.933,-0.462,-72.94,133,0.602,1.458,-2.809,0.52,9.6,6,6,20,1.5,0.5,10,gs_ratio_fut,GS raw ratio
gs_ratio_fut_lb20_ez1.5_xz0.5_mh20,2129,-33.0,-3.91,15.592,-0.251,-58.39,121,0.678,1.589,-3.939,0.4,12.8,10,4,20,1.5,0.5,20,gs_ratio_fut,GS raw ratio
gs_ratio_fut_lb20_ez1.5_xz0.5_mh40,2129,-26.53,-3.14,15.875,-0.198,-56.35,120,0.683,1.589,-4.175,0.38,13.6,10,4,20,1.5,0.5,40,gs_ratio_fut,GS raw ratio
gs_ratio_fut_lb20_ez2.0_xz0.0_mh5,2129,-23.71,-2.81,11.384,-0.247,-68.29,90,0.544,1.577,-2.343,0.67,6.8,7,9,20,2.0,0.0,5,gs_ratio_fut,GS raw ratio
gs_ratio_fut_lb20_ez2.0_xz0.0_mh10,2129,-36.96,-4.38,12.535,-0.349,-64.71,85,0.529,1.83,-2.895,0.63,12.1,5,9,20,2.0,0.0,10,gs_ratio_fut,GS raw ratio
gs_ratio_fut_lb20_ez2.0_xz0.0_mh20,2129,-16.23,-1.92,14.406,-0.133,-70.3,80,0.662,2.118,-4.76,0.45,17.3,7,4,20,2.0,0.0,20,gs_ratio_fut,GS raw ratio
gs_ratio_fut_lb20_ez2.0_xz0.0_mh40,2129,-22.21,-2.63,15.578,-0.169,-66.68,75,0.693,1.953,-5.444,0.36,19.9,7,3,20,2.0,0.0,40,gs_ratio_fut,GS raw ratio
gs_ratio_fut_lb20_ez2.0_xz0.5_mh5,2129,-25.47,-3.01,11.363,-0.265,-68.71,90,0.544,1.551,-2.343,0.66,6.6,7,9,20,2.0,0.5,5,gs_ratio_fut,GS raw ratio
gs_ratio_fut_lb20_ez2.0_xz0.5_mh10,2129,-40.9,-4.84,12.22,-0.396,-59.78,87,0.598,1.434,-3.161,0.45,10.7,6,8,20,2.0,0.5,10,gs_ratio_fut,GS raw ratio
gs_ratio_fut_lb20_ez2.0_xz0.5_mh20,2129,-32.79,-3.88,13.953,-0.278,-66.25,84,0.69,1.621,-4.498,0.36,13.7,6,3,20,2.0,0.5,20,gs_ratio_fut,GS raw ratio
gs_ratio_fut_lb20_ez2.0_xz0.5_mh40,2129,-28.86,-3.42,14.548,-0.235,-61.57,83,0.699,1.621,-4.914,0.33,14.7,6,3,20,2.0,0.5,40,gs_ratio_fut,GS raw ratio
gs_ratio_fut_lb20_ez2.5_xz0.0_mh5,2129,-19.61,-2.32,7.2,-0.322,-30.0,45,0.556,0.947,-2.24,0.42,6.9,5,6,20,2.5,0.0,5,gs_ratio_fut,GS raw ratio
gs_ratio_fut_lb20_ez2.5_xz0.0_mh10,2129,-32.51,-3.85,9.423,-0.408,-42.61,44,0.477,1.539,-2.608,0.59,12.8,3,6,20,2.5,0.0,10,gs_ratio_fut,GS raw ratio
gs_ratio_fut_lb20_ez2.5_xz0.0_mh20,2129,-24.57,-2.91,11.399,-0.255,-45.85,41,0.634,1.825,-4.897,0.37,19.4,6,3,20,2.5,0.0,20,gs_ratio_fut,GS raw ratio
gs_ratio_fut_lb20_ez2.5_xz0.0_mh40,2129,-52.92,-6.26,12.924,-0.485,-62.58,40,0.625,1.764,-6.564,0.27,24.0,6,3,20,2.5,0.0,40,gs_ratio_fut,GS raw ratio
gs_ratio_fut_lb20_ez2.5_xz0.5_mh5,2129,-19.83,-2.35,7.198,-0.326,-29.8,45,0.556,0.938,-2.24,0.42,6.8,5,6,20,2.5,0.5,5,gs_ratio_fut,GS raw ratio
gs_ratio_fut_lb20_ez2.5_xz0.5_mh10,2129,-23.16,-2.74,9.143,-0.3,-36.52,44,0.523,1.789,-2.832,0.63,11.8,4,5,20,2.5,0.5,10,gs_ratio_fut,GS raw ratio
gs_ratio_fut_lb20_ez2.5_xz0.5_mh20,2129,-35.68,-4.22,11.037,-0.383,-47.12,43,0.605,1.524,-4.429,0.34,15.9,5,3,20,2.5,0.5,20,gs_ratio_fut,GS raw ratio
gs_ratio_fut_lb20_ez2.5_xz0.5_mh40,2129,-49.04,-5.8,12.152,-0.478,-54.69,43,0.605,1.524,-5.215,0.29,17.9,5,3,20,2.5,0.5,40,gs_ratio_fut,GS raw ratio
gs_ratio_fut_lb60_ez1.0_xz0.0_mh5,2129,-27.29,-3.23,16.486,-0.196,-52.17,217,0.226,1.385,-0.508,2.73,2.9,4,21,60,1.0,0.0,5,gs_ratio_fut,GS raw ratio
gs_ratio_fut_lb60_ez1.0_xz0.0_mh10,2129,-21.71,-2.57,17.0,-0.151,-60.24,122,0.311,2.39,-1.344,1.78,7.5,8,12,60,1.0,0.0,10,gs_ratio_fut,GS raw ratio
gs_ratio_fut_lb60_ez1.0_xz0.0_mh20,2129,-16.37,-1.94,17.486,-0.111,-55.17,76,0.421,2.73,-1.774,1.54,16.5,8,7,60,1.0,0.0,20,gs_ratio_fut,GS raw ratio
gs_ratio_fut_lb60_ez1.0_xz0.0_mh40,2129,-31.58,-3.74,17.643,-0.212,-57.38,52,0.596,2.628,-5.276,0.5,31.9,11,4,60,1.0,0.0,40,gs_ratio_fut,GS raw ratio
gs_ratio_fut_lb60_ez1.0_xz0.5_mh5,2129,-38.29,-4.53,16.299,-0.278,-60.05,217,0.23,1.265,-0.528,2.4,2.8,4,21,60,1.0,0.5,5,gs_ratio_fut,GS raw ratio
gs_ratio_fut_lb60_ez1.0_xz0.5_mh10,2129,-48.36,-5.72,16.501,-0.347,-70.02,123,0.382,1.663,-1.595,1.04,7.5,8,10,60,1.0,0.5,10,gs_ratio_fut,GS raw ratio
gs_ratio_fut_lb60_ez1.0_xz0.5_mh20,2129,-48.98,-5.8,16.796,-0.345,-69.52,83,0.53,1.631,-3.185,0.51,16.3,8,6,60,1.0,0.5,20,gs_ratio_fut,GS raw ratio
gs_ratio_fut_lb60_ez1.0_xz0.5_mh40,2129,-57.76,-6.84,16.977,-0.403,-77.75,67,0.672,1.498,-5.803,0.26,26.0,12,3,60,1.0,0.5,40,gs_ratio_fut,GS raw ratio
gs_ratio_fut_lb60_ez1.5_xz0.0_mh5,2129,-19.2,-2.27,14.929,-0.152,-46.69,137,0.277,1.767,-0.754,2.34,3.9,7,13,60,1.5,0.0,5,gs_ratio_fut,GS raw ratio
gs_ratio_fut_lb60_ez1.5_xz0.0_mh10,2129,-27.06,-3.2,15.389,-0.208,-55.03,76,0.395,2.451,-2.052,1.19,11.0,8,7,60,1.5,0.0,10,gs_ratio_fut,GS raw ratio
gs_ratio_fut_lb60_ez1.5_xz0.0_mh20,2129,-35.06,-4.15,16.047,-0.259,-54.98,54,0.5,2.687,-4.253,0.63,23.1,5,5,60,1.5,0.0,20,gs_ratio_fut,GS raw ratio
gs_ratio_fut_lb60_ez1.5_xz0.0_mh40,2129,-20.53,-2.43,16.885,-0.144,-50.4,44,0.614,2.955,-8.086,0.37,38.4,8,3,60,1.5,0.0,40,gs_ratio_fut,GS raw ratio
gs_ratio_fut_lb60_ez1.5_xz0.5_mh5,2129,-22.93,-2.71,14.801,-0.183,-45.51,137,0.277,1.722,-0.754,2.28,3.8,7,13,60,1.5,0.5,5,gs_ratio_fut,GS raw ratio
gs_ratio_fut_lb60_ez1.5_xz0.5_mh10,2129,-21.09,-2.5,15.152,-0.165,-47.87,78,0.436,2.1,-2.185,0.96,10.4,8,7,60,1.5,0.5,10,gs_ratio_fut,GS raw ratio
gs_ratio_fut_lb60_ez1.5_xz0.5_mh20,2129,-36.76,-4.35,15.693,-0.277,-56.96,58,0.569,2.021,-4.418,0.46,20.2,6,4,60,1.5,0.5,20,gs_ratio_fut,GS raw ratio
gs_ratio_fut_lb60_ez1.5_xz0.5_mh40,2129,-35.2,-4.17,16.139,-0.258,-57.47,51,0.627,2.054,-6.279,0.33,30.0,9,3,60,1.5,0.5,40,gs_ratio_fut,GS raw ratio
gs_ratio_fut_lb60_ez2.0_xz0.0_mh5,2129,-4.93,-0.58,12.957,-0.045,-42.64,82,0.488,1.98,-1.137,1.74,5.4,7,6,60,2.0,0.0,5,gs_ratio_fut,GS raw ratio
gs_ratio_fut_lb60_ez2.0_xz0.0_mh10,2129,-23.94,-2.83,13.018,-0.218,-45.62,54,0.426,2.766,-2.048,1.35,11.8,4,7,60,2.0,0.0,10,gs_ratio_fut,GS raw ratio
gs_ratio_fut_lb60_ez2.0_xz0.0_mh20,2129,-0.67,-0.08,15.088,-0.005,-46.1,42,0.619,3.411,-3.687,0.93,23.8,6,4,60,2.0,0.0,20,gs_ratio_fut,GS raw ratio
gs_ratio_fut_lb60_ez2.0_xz0.0_mh40,2129,-1.84,-0.22,16.157,-0.014,-52.64,37,0.703,3.63,-9.144,0.4,38.5,5,3,60,2.0,0.0,40,gs_ratio_fut,GS raw ratio
gs_ratio_fut_lb60_ez2.0_xz0.5_mh5,2129,-2.47,-0.29,12.938,-0.023,-39.8,82,0.488,2.041,-1.137,1.8,5.2,7,6,60,2.0,0.5,5,gs_ratio_fut,GS raw ratio
gs_ratio_fut_lb60_ez2.0_xz0.5_mh10,2129,-27.17,-3.22,12.847,-0.25,-40.39,54,0.444,2.343,-2.207,1.06,12.1,4,4,60,2.0,0.5,10,gs_ratio_fut,GS raw ratio
gs_ratio_fut_lb60_ez2.0_xz0.5_mh20,2129,-18.38,-2.18,14.733,-0.148,-46.98,42,0.667,2.591,-4.166,0.62,22.3,6,2,60,2.0,0.5,20,gs_ratio_fut,GS raw ratio
gs_ratio_fut_lb60_ez2.0_xz0.5_mh40,2129,-23.37,-2.77,15.439,-0.179,-55.19,38,0.711,2.566,-7.944,0.32,32.1,6,2,60,2.0,0.5,40,gs_ratio_fut,GS raw ratio
gs_ratio_fut_lb60_ez2.5_xz0.0_mh5,2129,-16.41,-1.94,8.911,-0.218,-33.86,33,0.485,1.66,-2.733,0.61,6.6,3,4,60,2.5,0.0,5,gs_ratio_fut,GS raw ratio
gs_ratio_fut_lb60_ez2.5_xz0.0_mh10,2129,-20.13,-2.38,9.978,-0.239,-33.31,27,0.37,2.765,-3.029,0.91,13.7,2,5,60,2.5,0.0,10,gs_ratio_fut,GS raw ratio
gs_ratio_fut_lb60_ez2.5_xz0.0_mh20,2129,-29.77,-3.52,11.281,-0.312,-39.69,20,0.5,3.294,-5.098,0.65,25.5,4,4,60,2.5,0.0,20,gs_ratio_fut,GS raw ratio
gs_ratio_fut_lb60_ez2.5_xz0.0_mh40,2129,-42.28,-5.0,11.825,-0.423,-54.77,18,0.556,3.574,-9.752,0.37,42.3,4,5,60,2.5,0.0,40,gs_ratio_fut,GS raw ratio
gs_ratio_fut_lb60_ez2.5_xz0.5_mh5,2129,-16.92,-2.0,8.907,-0.225,-33.86,33,0.485,1.629,-2.733,0.6,6.5,3,4,60,2.5,0.5,5,gs_ratio_fut,GS raw ratio
gs_ratio_fut_lb60_ez2.5_xz0.5_mh10,2129,-20.7,-2.45,9.973,-0.246,-33.38,27,0.37,2.708,-3.029,0.89,13.5,2,5,60,2.5,0.5,10,gs_ratio_fut,GS raw ratio
gs_ratio_fut_lb60_ez2.5_xz0.5_mh20,2129,-31.11,-3.68,11.216,-0.328,-40.64,20,0.55,2.831,-5.613,0.5,23.4,4,3,60,2.5,0.5,20,gs_ratio_fut,GS raw ratio
gs_ratio_fut_lb60_ez2.5_xz0.5_mh40,2129,-35.6,-4.21,11.519,-0.366,-46.27,19,0.632,3.052,-10.318,0.3,35.7,4,2,60,2.5,0.5,40,gs_ratio_fut,GS raw ratio
gs_ratio_fut_lb120_ez1.0_xz0.0_mh5,2129,-22.01,-2.61,16.558,-0.157,-45.48,200,0.125,1.4,-0.301,4.65,1.8,3,44,120,1.0,0.0,5,gs_ratio_fut,GS raw ratio
gs_ratio_fut_lb120_ez1.0_xz0.0_mh10,2129,-23.78,-2.81,16.82,-0.167,-49.68,105,0.229,2.297,-0.771,2.98,5.8,4,15,120,1.0,0.0,10,gs_ratio_fut,GS raw ratio
gs_ratio_fut_lb120_ez1.0_xz0.0_mh20,2129,-16.08,-1.9,17.118,-0.111,-49.06,59,0.39,2.684,-1.915,1.4,15.4,6,5,120,1.0,0.0,20,gs_ratio_fut,GS raw ratio
gs_ratio_fut_lb120_ez1.0_xz0.0_mh40,2129,-13.68,-1.62,17.356,-0.093,-50.45,37,0.541,3.52,-5.512,0.64,33.1,6,3,120,1.0,0.0,40,gs_ratio_fut,GS raw ratio
gs_ratio_fut_lb120_ez1.0_xz0.5_mh5,2129,-21.56,-2.55,16.483,-0.155,-45.35,200,0.125,1.475,-0.306,4.82,1.8,3,44,120,1.0,0.5,5,gs_ratio_fut,GS raw ratio
gs_ratio_fut_lb120_ez1.0_xz0.5_mh10,2129,-16.61,-1.97,16.682,-0.118,-45.6,108,0.269,1.745,-0.905,1.93,5.5,4,12,120,1.0,0.5,10,gs_ratio_fut,GS raw ratio
gs_ratio_fut_lb120_ez1.0_xz0.5_mh20,2129,-14.07,-1.67,16.844,-0.099,-44.76,63,0.46,2.254,-2.024,1.11,13.9,6,5,120,1.0,0.5,20,gs_ratio_fut,GS raw ratio
gs_ratio_fut_lb120_ez1.0_xz0.5_mh40,2129,-13.28,-1.57,16.938,-0.093,-45.86,45,0.667,2.317,-6.858,0.34,26.7,6,3,120,1.0,0.5,40,gs_ratio_fut,GS raw ratio
gs_ratio_fut_lb120_ez1.5_xz0.0_mh5,2129,-20.23,-2.39,14.704,-0.163,-44.15,123,0.252,2.083,-0.568,3.66,3.0,5,11,120,1.5,0.0,5,gs_ratio_fut,GS raw ratio
gs_ratio_fut_lb120_ez1.5_xz0.0_mh10,2129,-44.79,-5.3,15.053,-0.352,-61.89,68,0.294,2.045,-1.136,1.8,7.9,3,8,120,1.5,0.0,10,gs_ratio_fut,GS raw ratio
gs_ratio_fut_lb120_ez1.5_xz0.0_mh20,2129,-18.31,-2.17,15.858,-0.137,-46.24,40,0.375,3.384,-2.728,1.24,20.8,5,8,120,1.5,0.0,20,gs_ratio_fut,GS raw ratio
gs_ratio_fut_lb120_ez1.5_xz0.0_mh40,2129,-19.99,-2.37,16.508,-0.143,-45.3,27,0.407,4.201,-4.911,0.86,43.6,4,4,120,1.5,0.0,40,gs_ratio_fut,GS raw ratio
gs_ratio_fut_lb120_ez1.5_xz0.5_mh5,2129,-18.62,-2.2,14.684,-0.15,-42.55,123,0.252,2.135,-0.568,3.76,2.9,5,11,120,1.5,0.5,5,gs_ratio_fut,GS raw ratio
gs_ratio_fut_lb120_ez1.5_xz0.5_mh10,2129,-41.7,-4.94,14.98,-0.33,-58.8,68,0.294,2.296,-1.136,2.02,7.4,3,8,120,1.5,0.5,10,gs_ratio_fut,GS raw ratio
gs_ratio_fut_lb120_ez1.5_xz0.5_mh20,2129,-14.71,-1.74,15.494,-0.112,-42.59,42,0.476,3.082,-3.04,1.01,18.1,5,7,120,1.5,0.5,20,gs_ratio_fut,GS raw ratio
gs_ratio_fut_lb120_ez1.5_xz0.5_mh40,2129,-16.26,-1.92,15.827,-0.122,-46.72,29,0.552,3.135,-5.98,0.52,37.2,6,3,120,1.5,0.5,40,gs_ratio_fut,GS raw ratio
gs_ratio_fut_lb120_ez2.0_xz0.0_mh5,2129,-7.08,-0.84,12.748,-0.066,-35.24,68,0.338,2.418,-0.796,3.04,4.0,5,9,120,2.0,0.0,5,gs_ratio_fut,GS raw ratio
gs_ratio_fut_lb120_ez2.0_xz0.0_mh10,2129,-24.21,-2.87,13.2,-0.217,-45.92,38,0.316,3.252,-1.686,1.93,10.7,3,5,120,2.0,0.0,10,gs_ratio_fut,GS raw ratio
gs_ratio_fut_lb120_ez2.0_xz0.0_mh20,2129,-30.84,-3.65,13.868,-0.263,-54.31,25,0.44,3.022,-2.864,1.05,24.1,2,3,120,2.0,0.0,20,gs_ratio_fut,GS raw ratio
gs_ratio_fut_lb120_ez2.0_xz0.0_mh40,2129,-30.12,-3.56,15.283,-0.233,-47.1,19,0.368,5.069,-7.161,0.71,49.0,2,4,120,2.0,0.0,40,gs_ratio_fut,GS raw ratio
gs_ratio_fut_lb120_ez2.0_xz0.5_mh5,2129,-7.08,-0.84,12.748,-0.066,-35.24,68,0.338,2.418,-0.796,3.04,4.0,5,9,120,2.0,0.5,5,gs_ratio_fut,GS raw ratio
gs_ratio_fut_lb120_ez2.0_xz0.5_mh10,2129,-24.12,-2.86,13.192,-0.216,-46.29,38,0.316,3.26,-1.686,1.93,10.4,3,5,120,2.0,0.5,10,gs_ratio_fut,GS raw ratio
gs_ratio_fut_lb120_ez2.0_xz0.5_mh20,2129,-29.11,-3.45,13.828,-0.249,-51.54,25,0.44,3.289,-2.864,1.15,23.3,2,3,120,2.0,0.5,20,gs_ratio_fut,GS raw ratio
gs_ratio_fut_lb120_ez2.0_xz0.5_mh40,2129,-17.02,-2.01,14.612,-0.138,-44.9,20,0.45,4.933,-7.83,0.63,44.6,2,2,120,2.0,0.5,40,gs_ratio_fut,GS raw ratio
gs_ratio_fut_lb120_ez2.5_xz0.0_mh5,2129,-19.13,-2.26,10.823,-0.209,-39.54,30,0.367,2.864,-1.285,2.23,4.9,3,9,120,2.5,0.0,5,gs_ratio_fut,GS raw ratio
gs_ratio_fut_lb120_ez2.5_xz0.0_mh10,2129,-23.3,-2.76,11.84,-0.233,-42.49,19,0.263,2.252,-2.91,0.77,13.3,2,7,120,2.5,0.0,10,gs_ratio_fut,GS raw ratio
gs_ratio_fut_lb120_ez2.5_xz0.0_mh20,2129,-14.42,-1.71,12.632,-0.135,-42.19,16,0.438,5.477,-4.748,1.15,28.0,2,3,120,2.5,0.0,20,gs_ratio_fut,GS raw ratio
gs_ratio_fut_lb120_ez2.5_xz0.0_mh40,2129,-32.43,-3.84,13.487,-0.285,-47.28,13,0.308,5.08,-7.263,0.7,56.0,2,5,120,2.5,0.0,40,gs_ratio_fut,GS raw ratio
gs_ratio_fut_lb120_ez2.5_xz0.5_mh5,2129,-19.13,-2.26,10.823,-0.209,-39.54,30,0.367,2.864,-1.285,2.23,4.9,3,9,120,2.5,0.5,5,gs_ratio_fut,GS raw ratio
gs_ratio_fut_lb120_ez2.5_xz0.5_mh10,2129,-23.3,-2.76,11.84,-0.233,-42.49,19,0.263,2.252,-2.91,0.77,13.3,2,7,120,2.5,0.5,10,gs_ratio_fut,GS raw ratio
gs_ratio_fut_lb120_ez2.5_xz0.5_mh20,2129,-9.12,-1.08,12.562,-0.086,-42.01,16,0.438,6.235,-4.748,1.31,27.3,2,3,120,2.5,0.5,20,gs_ratio_fut,GS raw ratio
gs_ratio_fut_lb120_ez2.5_xz0.5_mh40,2129,-18.38,-2.18,13.291,-0.164,-43.32,14,0.357,9.397,-7.263,1.29,49.6,2,5,120,2.5,0.5,40,gs_ratio_fut,GS raw ratio
gs_log_ratio_lb20_ez1.0_xz0.0_mh5,2129,-1.5,-0.18,0.22,-0.805,-1.77,239,0.322,0.016,-0.012,1.41,4.2,6,15,20,1.0,0.0,5,gs_log_ratio,GS log ratio (preferred)
gs_log_ratio_lb20_ez1.0_xz0.0_mh10,2129,-0.88,-0.1,0.223,-0.469,-1.2,159,0.516,0.019,-0.024,0.82,8.9,7,8,20,1.0,0.0,10,gs_log_ratio,GS log ratio (preferred)
gs_log_ratio_lb20_ez1.0_xz0.0_mh20,2129,-0.75,-0.09,0.227,-0.392,-1.07,133,0.586,0.018,-0.031,0.56,13.1,11,5,20,1.0,0.0,20,gs_log_ratio,GS log ratio (preferred)
gs_log_ratio_lb20_ez1.0_xz0.0_mh40,2129,-0.71,-0.08,0.227,-0.371,-1.03,121,0.62,0.017,-0.041,0.42,15.3,11,5,20,1.0,0.0,40,gs_log_ratio,GS log ratio (preferred)
gs_log_ratio_lb20_ez1.0_xz0.5_mh5,2129,-1.67,-0.2,0.215,-0.92,-1.94,244,0.389,0.013,-0.013,0.97,4.1,7,15,20,1.0,0.5,5,gs_log_ratio,GS log ratio (preferred)
gs_log_ratio_lb20_ez1.0_xz0.5_mh10,2129,-1.19,-0.14,0.215,-0.654,-1.46,181,0.602,0.013,-0.028,0.48,7.8,7,8,20,1.0,0.5,10,gs_log_ratio,GS log ratio (preferred)
gs_log_ratio_lb20_ez1.0_xz0.5_mh20,2129,-1.0,-0.12,0.216,-0.547,-1.27,162,0.667,0.014,-0.041,0.33,10.7,13,5,20,1.0,0.5,20,gs_log_ratio,GS log ratio (preferred)
gs_log_ratio_lb20_ez1.0_xz0.5_mh40,2129,-0.95,-0.11,0.216,-0.518,-1.22,161,0.671,0.014,-0.044,0.3,11.4,13,5,20,1.0,0.5,40,gs_log_ratio,GS log ratio (preferred)
gs_log_ratio_lb20_ez1.5_xz0.0_mh5,2129,-1.74,-0.21,0.174,-1.184,-1.75,154,0.37,0.019,-0.018,1.01,5.8,5,13,20,1.5,0.0,5,gs_log_ratio,GS log ratio (preferred)
gs_log_ratio_lb20_ez1.5_xz0.0_mh10,2129,-1.0,-0.12,0.204,-0.582,-1.23,121,0.529,0.022,-0.037,0.59,11.2,5,5,20,1.5,0.0,10,gs_log_ratio,GS log ratio (preferred)
gs_log_ratio_lb20_ez1.5_xz0.0_mh20,2129,-0.85,-0.1,0.215,-0.468,-1.18,106,0.585,0.021,-0.043,0.47,16.0,9,3,20,1.5,0.0,20,gs_log_ratio,GS log ratio (preferred)
gs_log_ratio_lb20_ez1.5_xz0.0_mh40,2129,-0.68,-0.08,0.219,-0.365,-1.0,100,0.61,0.02,-0.05,0.4,18.1,9,3,20,1.5,0.0,40,gs_log_ratio,GS log ratio (preferred)
gs_log_ratio_lb20_ez1.5_xz0.5_mh5,2129,-1.77,-0.21,0.172,-1.215,-1.77,158,0.424,0.016,-0.019,0.81,5.6,7,9,20,1.5,0.5,5,gs_log_ratio,GS log ratio (preferred)
gs_log_ratio_lb20_ez1.5_xz0.5_mh10,2129,-1.31,-0.15,0.199,-0.777,-1.54,130,0.562,0.015,-0.036,0.41,9.6,5,5,20,1.5,0.5,10,gs_log_ratio,GS log ratio (preferred)
gs_log_ratio_lb20_ez1.5_xz0.5_mh20,2129,-0.85,-0.1,0.203,-0.492,-1.18,121,0.612,0.018,-0.042,0.44,12.7,10,4,20,1.5,0.5,20,gs_log_ratio,GS log ratio (preferred)
gs_log_ratio_lb20_ez1.5_xz0.5_mh40,2129,-0.75,-0.09,0.205,-0.432,-1.08,120,0.617,0.018,-0.046,0.4,13.6,10,4,20,1.5,0.5,40,gs_log_ratio,GS log ratio (preferred)
gs_log_ratio_lb20_ez2.0_xz0.0_mh5,2129,-0.5,-0.06,0.153,-0.383,-0.94,88,0.511,0.019,-0.027,0.73,6.7,5,9,20,2.0,0.0,5,gs_log_ratio,GS log ratio (preferred)
gs_log_ratio_lb20_ez2.0_xz0.0_mh10,2129,-0.79,-0.09,0.154,-0.604,-0.9,83,0.506,0.019,-0.037,0.51,12.1,5,9,20,2.0,0.0,10,gs_log_ratio,GS log ratio (preferred)
gs_log_ratio_lb20_ez2.0_xz0.0_mh20,2129,-0.45,-0.05,0.185,-0.286,-0.84,78,0.603,0.025,-0.053,0.48,17.4,5,4,20,2.0,0.0,20,gs_log_ratio,GS log ratio (preferred)
gs_log_ratio_lb20_ez2.0_xz0.0_mh40,2129,-0.57,-0.07,0.2,-0.336,-0.94,73,0.63,0.022,-0.059,0.37,20.1,5,3,20,2.0,0.0,40,gs_log_ratio,GS log ratio (preferred)
gs_log_ratio_lb20_ez2.0_xz0.5_mh5,2129,-0.5,-0.06,0.153,-0.392,-0.94,88,0.523,0.019,-0.027,0.69,6.5,5,9,20,2.0,0.5,5,gs_log_ratio,GS log ratio (preferred)
gs_log_ratio_lb20_ez2.0_xz0.5_mh10,2129,-0.85,-0.1,0.15,-0.673,-0.97,85,0.576,0.014,-0.041,0.34,10.6,5,8,20,2.0,0.5,10,gs_log_ratio,GS log ratio (preferred)
gs_log_ratio_lb20_ez2.0_xz0.5_mh20,2129,-0.66,-0.08,0.181,-0.435,-1.01,82,0.646,0.019,-0.051,0.37,13.5,5,3,20,2.0,0.5,20,gs_log_ratio,GS log ratio (preferred)
gs_log_ratio_lb20_ez2.0_xz0.5_mh40,2129,-0.64,-0.08,0.188,-0.402,-1.0,81,0.654,0.019,-0.058,0.32,14.6,5,3,20,2.0,0.5,40,gs_log_ratio,GS log ratio (preferred)
gs_log_ratio_lb20_ez2.5_xz0.0_mh5,2129,-0.4,-0.05,0.086,-0.547,-0.42,44,0.5,0.008,-0.027,0.3,6.9,5,6,20,2.5,0.0,5,gs_log_ratio,GS log ratio (preferred)
gs_log_ratio_lb20_ez2.5_xz0.0_mh10,2129,-0.55,-0.07,0.111,-0.586,-0.64,43,0.419,0.017,-0.031,0.53,12.9,3,6,20,2.5,0.0,10,gs_log_ratio,GS log ratio (preferred)
gs_log_ratio_lb20_ez2.5_xz0.0_mh20,2129,-0.43,-0.05,0.129,-0.393,-0.57,40,0.6,0.02,-0.057,0.35,19.7,6,3,20,2.5,0.0,20,gs_log_ratio,GS log ratio (preferred)
gs_log_ratio_lb20_ez2.5_xz0.0_mh40,2129,-0.8,-0.09,0.155,-0.611,-0.89,39,0.59,0.019,-0.078,0.24,24.4,6,3,20,2.5,0.0,40,gs_log_ratio,GS log ratio (preferred)
gs_log_ratio_lb20_ez2.5_xz0.5_mh5,2129,-0.4,-0.05,0.086,-0.557,-0.43,44,0.5,0.008,-0.027,0.29,6.8,5,6,20,2.5,0.5,5,gs_log_ratio,GS log ratio (preferred)
gs_log_ratio_lb20_ez2.5_xz0.5_mh10,2129,-0.45,-0.05,0.107,-0.499,-0.52,43,0.488,0.018,-0.035,0.52,11.9,3,5,20,2.5,0.5,10,gs_log_ratio,GS log ratio (preferred)
gs_log_ratio_lb20_ez2.5_xz0.5_mh20,2129,-0.6,-0.07,0.127,-0.558,-0.64,42,0.571,0.016,-0.054,0.29,16.1,5,4,20,2.5,0.5,20,gs_log_ratio,GS log ratio (preferred)
gs_log_ratio_lb20_ez2.5_xz0.5_mh40,2129,-0.83,-0.1,0.15,-0.653,-0.87,42,0.571,0.016,-0.067,0.24,18.1,5,4,20,2.5,0.5,40,gs_log_ratio,GS log ratio (preferred)
gs_log_ratio_lb60_ez1.0_xz0.0_mh5,2129,-1.42,-0.17,0.217,-0.773,-1.74,219,0.183,0.016,-0.007,2.46,3.0,4,27,60,1.0,0.0,5,gs_log_ratio,GS log ratio (preferred)
gs_log_ratio_lb60_ez1.0_xz0.0_mh10,2129,-0.85,-0.1,0.221,-0.455,-1.25,123,0.301,0.026,-0.017,1.57,7.4,8,12,60,1.0,0.0,10,gs_log_ratio,GS log ratio (preferred)
gs_log_ratio_lb60_ez1.0_xz0.0_mh20,2129,-0.52,-0.06,0.225,-0.273,-0.92,78,0.423,0.03,-0.023,1.3,16.6,8,7,60,1.0,0.0,20,gs_log_ratio,GS log ratio (preferred)
gs_log_ratio_lb60_ez1.0_xz0.0_mh40,2129,-0.6,-0.07,0.227,-0.312,-1.0,52,0.596,0.028,-0.07,0.4,31.9,11,4,60,1.0,0.0,40,gs_log_ratio,GS log ratio (preferred)
gs_log_ratio_lb60_ez1.0_xz0.5_mh5,2129,-1.55,-0.18,0.213,-0.859,-1.88,219,0.196,0.014,-0.007,1.96,2.9,4,27,60,1.0,0.5,5,gs_log_ratio,GS log ratio (preferred)
gs_log_ratio_lb60_ez1.0_xz0.5_mh10,2129,-1.19,-0.14,0.214,-0.66,-1.52,125,0.376,0.017,-0.02,0.82,7.6,8,11,60,1.0,0.5,10,gs_log_ratio,GS log ratio (preferred)
gs_log_ratio_lb60_ez1.0_xz0.5_mh20,2129,-0.96,-0.11,0.216,-0.528,-1.3,85,0.518,0.017,-0.038,0.45,16.2,8,8,60,1.0,0.5,20,gs_log_ratio,GS log ratio (preferred)
gs_log_ratio_lb60_ez1.0_xz0.5_mh40,2129,-0.97,-0.11,0.218,-0.527,-1.3,68,0.632,0.016,-0.064,0.24,25.8,12,3,60,1.0,0.5,40,gs_log_ratio,GS log ratio (preferred)
gs_log_ratio_lb60_ez1.5_xz0.0_mh5,2129,-1.09,-0.13,0.2,-0.643,-1.4,138,0.225,0.02,-0.011,1.86,4.0,7,14,60,1.5,0.0,5,gs_log_ratio,GS log ratio (preferred)
gs_log_ratio_lb60_ez1.5_xz0.0_mh10,2129,-0.84,-0.1,0.205,-0.487,-1.18,76,0.355,0.027,-0.026,1.04,10.9,8,8,60,1.5,0.0,10,gs_log_ratio,GS log ratio (preferred)
gs_log_ratio_lb60_ez1.5_xz0.0_mh20,2129,-0.79,-0.09,0.211,-0.443,-1.13,55,0.491,0.029,-0.053,0.55,22.0,5,8,60,1.5,0.0,20,gs_log_ratio,GS log ratio (preferred)
gs_log_ratio_lb60_ez1.5_xz0.0_mh40,2129,-0.54,-0.06,0.219,-0.291,-0.96,44,0.614,0.031,-0.102,0.31,36.7,8,3,60,1.5,0.0,40,gs_log_ratio,GS log ratio (preferred)
gs_log_ratio_lb60_ez1.5_xz0.5_mh5,2129,-1.11,-0.13,0.198,-0.663,-1.44,138,0.232,0.019,-0.011,1.75,3.8,7,13,60,1.5,0.5,5,gs_log_ratio,GS log ratio (preferred)
gs_log_ratio_lb60_ez1.5_xz0.5_mh10,2129,-0.77,-0.09,0.201,-0.455,-1.12,78,0.397,0.022,-0.028,0.81,10.3,8,8,60,1.5,0.5,10,gs_log_ratio,GS log ratio (preferred)
gs_log_ratio_lb60_ez1.5_xz0.5_mh20,2129,-0.81,-0.1,0.206,-0.467,-1.16,58,0.534,0.021,-0.053,0.4,20.0,6,4,60,1.5,0.5,20,gs_log_ratio,GS log ratio (preferred)
gs_log_ratio_lb60_ez1.5_xz0.5_mh40,2129,-0.73,-0.09,0.209,-0.413,-1.08,50,0.6,0.021,-0.078,0.27,30.3,9,3,60,1.5,0.5,40,gs_log_ratio,GS log ratio (preferred)
gs_log_ratio_lb60_ez2.0_xz0.0_mh5,2129,-0.47,-0.06,0.176,-0.318,-0.86,76,0.447,0.026,-0.018,1.46,5.4,6,11,60,2.0,0.0,5,gs_log_ratio,GS log ratio (preferred)
gs_log_ratio_lb60_ez2.0_xz0.0_mh10,2129,-0.53,-0.06,0.19,-0.33,-0.95,51,0.392,0.03,-0.031,0.96,11.8,4,9,60,2.0,0.0,10,gs_log_ratio,GS log ratio (preferred)
gs_log_ratio_lb60_ez2.0_xz0.0_mh20,2129,-0.31,-0.04,0.199,-0.187,-0.72,41,0.537,0.042,-0.042,0.98,24.2,6,5,60,2.0,0.0,20,gs_log_ratio,GS log ratio (preferred)
gs_log_ratio_lb60_ez2.0_xz0.0_mh40,2129,-0.26,-0.03,0.21,-0.145,-0.72,36,0.667,0.042,-0.106,0.4,39.4,5,3,60,2.0,0.0,40,gs_log_ratio,GS log ratio (preferred)
gs_log_ratio_lb60_ez2.0_xz0.5_mh5,2129,-0.46,-0.06,0.174,-0.315,-0.85,76,0.447,0.026,-0.018,1.43,5.2,6,11,60,2.0,0.5,5,gs_log_ratio,GS log ratio (preferred)
gs_log_ratio_lb60_ez2.0_xz0.5_mh10,2129,-0.62,-0.07,0.185,-0.394,-0.97,51,0.412,0.025,-0.034,0.74,12.1,4,6,60,2.0,0.5,10,gs_log_ratio,GS log ratio (preferred)
gs_log_ratio_lb60_ez2.0_xz0.5_mh20,2129,-0.52,-0.06,0.194,-0.318,-0.86,41,0.585,0.03,-0.046,0.64,22.7,6,5,60,2.0,0.5,20,gs_log_ratio,GS log ratio (preferred)
gs_log_ratio_lb60_ez2.0_xz0.5_mh40,2129,-0.51,-0.06,0.201,-0.302,-0.88,37,0.622,0.03,-0.078,0.38,32.9,6,5,60,2.0,0.5,40,gs_log_ratio,GS log ratio (preferred)
gs_log_ratio_lb60_ez2.5_xz0.0_mh5,2129,-0.32,-0.04,0.108,-0.349,-0.46,32,0.438,0.021,-0.033,0.65,6.6,3,5,60,2.5,0.0,5,gs_log_ratio,GS log ratio (preferred)
gs_log_ratio_lb60_ez2.5_xz0.0_mh10,2129,-0.48,-0.06,0.12,-0.475,-0.64,25,0.36,0.027,-0.044,0.62,13.7,2,4,60,2.5,0.0,10,gs_log_ratio,GS log ratio (preferred)
gs_log_ratio_lb60_ez2.5_xz0.0_mh20,2129,-0.57,-0.07,0.136,-0.494,-0.68,19,0.368,0.039,-0.054,0.71,26.1,2,4,60,2.5,0.0,20,gs_log_ratio,GS log ratio (preferred)
gs_log_ratio_lb60_ez2.5_xz0.0_mh40,2129,-0.72,-0.08,0.145,-0.583,-0.86,17,0.471,0.04,-0.115,0.35,43.9,4,6,60,2.5,0.0,40,gs_log_ratio,GS log ratio (preferred)
gs_log_ratio_lb60_ez2.5_xz0.5_mh5,2129,-0.32,-0.04,0.107,-0.356,-0.46,32,0.438,0.021,-0.033,0.63,6.5,3,5,60,2.5,0.5,5,gs_log_ratio,GS log ratio (preferred)
gs_log_ratio_lb60_ez2.5_xz0.5_mh10,2129,-0.49,-0.06,0.119,-0.482,-0.64,25,0.36,0.027,-0.044,0.6,13.4,2,4,60,2.5,0.5,10,gs_log_ratio,GS log ratio (preferred)
gs_log_ratio_lb60_ez2.5_xz0.5_mh20,2129,-0.57,-0.07,0.135,-0.498,-0.67,19,0.474,0.029,-0.064,0.45,23.9,2,3,60,2.5,0.5,20,gs_log_ratio,GS log ratio (preferred)
gs_log_ratio_lb60_ez2.5_xz0.5_mh40,2129,-0.59,-0.07,0.141,-0.496,-0.71,18,0.556,0.033,-0.115,0.29,37.4,4,3,60,2.5,0.5,40,gs_log_ratio,GS log ratio (preferred)
gs_log_ratio_lb120_ez1.0_xz0.0_mh5,2129,-1.08,-0.13,0.22,-0.581,-1.42,200,0.12,0.018,-0.004,4.2,1.9,3,33,120,1.0,0.0,5,gs_log_ratio,GS log ratio (preferred)
gs_log_ratio_lb120_ez1.0_xz0.0_mh10,2129,-0.65,-0.08,0.223,-0.347,-1.08,106,0.226,0.028,-0.01,2.79,5.8,4,10,120,1.0,0.0,10,gs_log_ratio,GS log ratio (preferred)
gs_log_ratio_lb120_ez1.0_xz0.0_mh20,2129,-0.48,-0.06,0.227,-0.25,-0.74,61,0.361,0.033,-0.022,1.5,14.3,5,7,120,1.0,0.0,20,gs_log_ratio,GS log ratio (preferred)
gs_log_ratio_lb120_ez1.0_xz0.0_mh40,2129,-0.25,-0.03,0.229,-0.128,-0.79,37,0.541,0.044,-0.066,0.66,33.4,5,3,120,1.0,0.0,40,gs_log_ratio,GS log ratio (preferred)
gs_log_ratio_lb120_ez1.0_xz0.5_mh5,2129,-1.12,-0.13,0.218,-0.611,-1.47,200,0.125,0.016,-0.004,3.66,1.8,3,33,120,1.0,0.5,5,gs_log_ratio,GS log ratio (preferred)
gs_log_ratio_lb120_ez1.0_xz0.5_mh10,2129,-0.66,-0.08,0.22,-0.358,-1.09,109,0.275,0.018,-0.012,1.59,5.4,4,10,120,1.0,0.5,10,gs_log_ratio,GS log ratio (preferred)
gs_log_ratio_lb120_ez1.0_xz0.5_mh20,2129,-0.43,-0.05,0.221,-0.229,-0.84,64,0.453,0.025,-0.025,1.01,13.2,6,6,120,1.0,0.5,20,gs_log_ratio,GS log ratio (preferred)
gs_log_ratio_lb120_ez1.0_xz0.5_mh40,2129,-0.31,-0.04,0.222,-0.164,-0.73,46,0.652,0.026,-0.076,0.34,26.2,6,3,120,1.0,0.5,40,gs_log_ratio,GS log ratio (preferred)
gs_log_ratio_lb120_ez1.5_xz0.0_mh5,2129,-0.75,-0.09,0.198,-0.446,-1.05,123,0.211,0.022,-0.007,3.07,3.0,4,17,120,1.5,0.0,5,gs_log_ratio,GS log ratio (preferred)
gs_log_ratio_lb120_ez1.5_xz0.0_mh10,2129,-0.76,-0.09,0.203,-0.441,-1.07,68,0.279,0.025,-0.015,1.65,8.0,3,11,120,1.5,0.0,10,gs_log_ratio,GS log ratio (preferred)
gs_log_ratio_lb120_ez1.5_xz0.0_mh20,2129,-0.46,-0.05,0.21,-0.258,-0.79,40,0.3,0.044,-0.032,1.37,20.0,4,13,120,1.5,0.0,20,gs_log_ratio,GS log ratio (preferred)
gs_log_ratio_lb120_ez1.5_xz0.0_mh40,2129,-0.5,-0.06,0.221,-0.269,-0.8,25,0.32,0.051,-0.058,0.88,45.6,3,6,120,1.5,0.0,40,gs_log_ratio,GS log ratio (preferred)
gs_log_ratio_lb120_ez1.5_xz0.5_mh5,2129,-0.72,-0.09,0.197,-0.432,-1.02,123,0.211,0.023,-0.007,3.21,2.8,4,17,120,1.5,0.5,5,gs_log_ratio,GS log ratio (preferred)
gs_log_ratio_lb120_ez1.5_xz0.5_mh10,2129,-0.71,-0.08,0.202,-0.416,-1.02,68,0.279,0.028,-0.015,1.89,7.4,3,11,120,1.5,0.5,10,gs_log_ratio,GS log ratio (preferred)
gs_log_ratio_lb120_ez1.5_xz0.5_mh20,2129,-0.37,-0.04,0.206,-0.215,-0.7,43,0.419,0.034,-0.036,0.96,18.0,5,12,120,1.5,0.5,20,gs_log_ratio,GS log ratio (preferred)
gs_log_ratio_lb120_ez1.5_xz0.5_mh40,2129,-0.27,-0.03,0.212,-0.151,-0.73,28,0.536,0.033,-0.072,0.45,38.1,6,3,120,1.5,0.5,40,gs_log_ratio,GS log ratio (preferred)
gs_log_ratio_lb120_ez2.0_xz0.0_mh5,2129,-0.55,-0.07,0.179,-0.366,-0.88,70,0.329,0.023,-0.011,2.19,3.9,4,13,120,2.0,0.0,5,gs_log_ratio,GS log ratio (preferred)
gs_log_ratio_lb120_ez2.0_xz0.0_mh10,2129,-0.58,-0.07,0.183,-0.377,-0.91,38,0.342,0.031,-0.026,1.17,11.1,3,6,120,2.0,0.0,10,gs_log_ratio,GS log ratio (preferred)
gs_log_ratio_lb120_ez2.0_xz0.0_mh20,2129,-0.55,-0.06,0.189,-0.343,-0.91,27,0.407,0.04,-0.038,1.06,24.4,2,4,120,2.0,0.0,20,gs_log_ratio,GS log ratio (preferred)
gs_log_ratio_lb120_ez2.0_xz0.0_mh40,2129,-0.55,-0.07,0.207,-0.317,-0.85,20,0.4,0.043,-0.097,0.44,49.8,2,3,120,2.0,0.0,40,gs_log_ratio,GS log ratio (preferred)
gs_log_ratio_lb120_ez2.0_xz0.5_mh5,2129,-0.55,-0.07,0.179,-0.366,-0.88,70,0.329,0.023,-0.011,2.19,3.9,4,13,120,2.0,0.5,5,gs_log_ratio,GS log ratio (preferred)
gs_log_ratio_lb120_ez2.0_xz0.5_mh10,2129,-0.58,-0.07,0.183,-0.377,-0.92,38,0.342,0.031,-0.026,1.18,10.8,3,6,120,2.0,0.5,10,gs_log_ratio,GS log ratio (preferred)
gs_log_ratio_lb120_ez2.0_xz0.5_mh20,2129,-0.52,-0.06,0.189,-0.325,-0.87,27,0.407,0.044,-0.038,1.17,23.2,2,4,120,2.0,0.5,20,gs_log_ratio,GS log ratio (preferred)
gs_log_ratio_lb120_ez2.0_xz0.5_mh40,2129,-0.35,-0.04,0.198,-0.21,-0.81,21,0.476,0.044,-0.106,0.41,44.5,2,2,120,2.0,0.5,40,gs_log_ratio,GS log ratio (preferred)
gs_log_ratio_lb120_ez2.5_xz0.0_mh5,2129,-0.43,-0.05,0.159,-0.317,-0.74,34,0.324,0.015,-0.016,0.92,4.7,2,11,120,2.5,0.0,5,gs_log_ratio,GS log ratio (preferred)
gs_log_ratio_lb120_ez2.5_xz0.0_mh10,2129,-0.47,-0.06,0.17,-0.33,-0.86,22,0.227,0.024,-0.034,0.71,12.1,1,9,120,2.5,0.0,10,gs_log_ratio,GS log ratio (preferred)
gs_log_ratio_lb120_ez2.5_xz0.0_mh20,2129,-0.38,-0.04,0.179,-0.248,-0.83,17,0.412,0.037,-0.067,0.56,26.3,2,4,120,2.5,0.0,20,gs_log_ratio,GS log ratio (preferred)
gs_log_ratio_lb120_ez2.5_xz0.0_mh40,2129,-0.49,-0.06,0.19,-0.307,-0.77,14,0.286,0.066,-0.09,0.74,56.0,1,3,120,2.5,0.0,40,gs_log_ratio,GS log ratio (preferred)
gs_log_ratio_lb120_ez2.5_xz0.5_mh5,2129,-0.43,-0.05,0.159,-0.317,-0.74,34,0.324,0.015,-0.016,0.92,4.7,2,11,120,2.5,0.5,5,gs_log_ratio,GS log ratio (preferred)
gs_log_ratio_lb120_ez2.5_xz0.5_mh10,2129,-0.47,-0.06,0.17,-0.33,-0.86,22,0.227,0.024,-0.034,0.71,12.1,1,9,120,2.5,0.5,10,gs_log_ratio,GS log ratio (preferred)
gs_log_ratio_lb120_ez2.5_xz0.5_mh20,2129,-0.31,-0.04,0.178,-0.206,-0.83,17,0.412,0.036,-0.067,0.54,26.0,2,4,120,2.5,0.5,20,gs_log_ratio,GS log ratio (preferred)
gs_log_ratio_lb120_ez2.5_xz0.5_mh40,2129,-0.3,-0.04,0.186,-0.194,-0.74,14,0.286,0.073,-0.09,0.81,51.3,1,3,120,2.5,0.5,40,gs_log_ratio,GS log ratio (preferred)
