label,n_days,total_pnl,ann_return,ann_vol,sharpe,max_dd,n_trades,hit_rate,avg_win,avg_loss,win_loss_ratio,avg_hold_days,max_win_streak,max_loss_streak,lookback,entry_z,exit_z,max_hold,spread,spread_label,metal
si_si_cal_12_lb20_ez1.0_xz0.0_mh5,2129,-2.6,-0.31,0.219,-1.406,-2.96,222,0.126,0.017,-0.011,1.57,3.6,2,38,20,1.0,0.0,5,si_cal_12,SI1-SI2 calendar,silver
si_si_cal_12_lb20_ez1.0_xz0.0_mh10,2129,-1.36,-0.16,0.219,-0.733,-1.77,149,0.221,0.02,-0.017,1.15,8.3,5,17,20,1.0,0.0,10,si_cal_12,SI1-SI2 calendar,silver
si_si_cal_12_lb20_ez1.0_xz0.0_mh20,2129,-0.69,-0.08,0.226,-0.362,-1.04,121,0.298,0.018,-0.018,1.01,13.1,6,11,20,1.0,0.0,20,si_cal_12,SI1-SI2 calendar,silver
si_si_cal_12_lb20_ez1.0_xz0.0_mh40,2129,-0.53,-0.06,0.226,-0.275,-0.89,112,0.312,0.022,-0.016,1.41,15.0,6,19,20,1.0,0.0,40,si_cal_12,SI1-SI2 calendar,silver
si_si_cal_12_lb20_ez1.0_xz0.5_mh5,2129,-2.53,-0.3,0.216,-1.387,-2.9,222,0.149,0.019,-0.012,1.57,3.8,3,21,20,1.0,0.5,5,si_cal_12,SI1-SI2 calendar,silver
si_si_cal_12_lb20_ez1.0_xz0.5_mh10,2129,-1.51,-0.18,0.212,-0.84,-1.91,161,0.255,0.019,-0.018,1.04,8.1,3,15,20,1.0,0.5,10,si_cal_12,SI1-SI2 calendar,silver
si_si_cal_12_lb20_ez1.0_xz0.5_mh20,2129,-0.99,-0.12,0.211,-0.557,-1.46,144,0.306,0.023,-0.016,1.39,11.1,3,14,20,1.0,0.5,20,si_cal_12,SI1-SI2 calendar,silver
si_si_cal_12_lb20_ez1.0_xz0.5_mh40,2129,-0.88,-0.1,0.21,-0.493,-1.34,140,0.314,0.023,-0.017,1.37,12.0,3,12,20,1.0,0.5,40,si_cal_12,SI1-SI2 calendar,silver
si_si_cal_12_lb20_ez1.5_xz0.0_mh5,2129,-1.44,-0.17,0.19,-0.896,-1.71,145,0.172,0.026,-0.015,1.67,5.6,3,25,20,1.5,0.0,5,si_cal_12,SI1-SI2 calendar,silver
si_si_cal_12_lb20_ez1.5_xz0.0_mh10,2129,-0.82,-0.1,0.195,-0.498,-1.09,115,0.296,0.018,-0.022,0.83,10.6,3,12,20,1.5,0.0,10,si_cal_12,SI1-SI2 calendar,silver
si_si_cal_12_lb20_ez1.5_xz0.0_mh20,2129,-0.34,-0.04,0.202,-0.199,-0.62,100,0.31,0.023,-0.02,1.17,15.4,3,11,20,1.5,0.0,20,si_cal_12,SI1-SI2 calendar,silver
si_si_cal_12_lb20_ez1.5_xz0.0_mh40,2129,-0.19,-0.02,0.201,-0.112,-0.53,97,0.34,0.026,-0.015,1.71,16.6,3,10,20,1.5,0.0,40,si_cal_12,SI1-SI2 calendar,silver
si_si_cal_12_lb20_ez1.5_xz0.5_mh5,2129,-1.31,-0.16,0.186,-0.832,-1.66,145,0.2,0.026,-0.017,1.49,5.4,3,20,20,1.5,0.5,5,si_cal_12,SI1-SI2 calendar,silver
si_si_cal_12_lb20_ez1.5_xz0.5_mh10,2129,-0.81,-0.1,0.188,-0.512,-1.12,122,0.287,0.023,-0.02,1.13,9.6,3,13,20,1.5,0.5,10,si_cal_12,SI1-SI2 calendar,silver
si_si_cal_12_lb20_ez1.5_xz0.5_mh20,2129,-0.66,-0.08,0.188,-0.416,-0.99,110,0.318,0.021,-0.018,1.21,12.6,4,12,20,1.5,0.5,20,si_cal_12,SI1-SI2 calendar,silver
si_si_cal_12_lb20_ez1.5_xz0.5_mh40,2129,-0.55,-0.06,0.188,-0.346,-0.88,109,0.321,0.021,-0.017,1.25,13.5,4,11,20,1.5,0.5,40,si_cal_12,SI1-SI2 calendar,silver
si_si_cal_12_lb20_ez2.0_xz0.0_mh5,2129,-0.3,-0.04,0.169,-0.209,-0.69,101,0.277,0.036,-0.018,1.94,6.3,4,10,20,2.0,0.0,5,si_cal_12,SI1-SI2 calendar,silver
si_si_cal_12_lb20_ez2.0_xz0.0_mh10,2129,-0.19,-0.02,0.159,-0.139,-0.44,88,0.364,0.036,-0.021,1.75,10.8,4,9,20,2.0,0.0,10,si_cal_12,SI1-SI2 calendar,silver
si_si_cal_12_lb20_ez2.0_xz0.0_mh20,2129,0.31,0.04,0.188,0.197,-0.34,81,0.395,0.04,-0.024,1.67,15.8,5,9,20,2.0,0.0,20,si_cal_12,SI1-SI2 calendar,silver
si_si_cal_12_lb20_ez2.0_xz0.0_mh40,2129,0.41,0.05,0.189,0.26,-0.33,78,0.397,0.037,-0.015,2.4,17.6,5,8,20,2.0,0.0,40,si_cal_12,SI1-SI2 calendar,silver
si_si_cal_12_lb20_ez2.0_xz0.5_mh5,2129,-0.33,-0.04,0.168,-0.23,-0.72,101,0.287,0.034,-0.019,1.82,6.0,4,10,20,2.0,0.5,5,si_cal_12,SI1-SI2 calendar,silver
si_si_cal_12_lb20_ez2.0_xz0.5_mh10,2129,-0.19,-0.02,0.146,-0.152,-0.41,92,0.37,0.031,-0.02,1.6,9.8,4,9,20,2.0,0.5,10,si_cal_12,SI1-SI2 calendar,silver
si_si_cal_12_lb20_ez2.0_xz0.5_mh20,2129,0.08,0.01,0.175,0.054,-0.36,87,0.402,0.03,-0.018,1.64,13.0,4,9,20,2.0,0.5,20,si_cal_12,SI1-SI2 calendar,silver
si_si_cal_12_lb20_ez2.0_xz0.5_mh40,2129,0.14,0.02,0.175,0.092,-0.35,85,0.412,0.03,-0.018,1.67,14.0,4,8,20,2.0,0.5,40,si_cal_12,SI1-SI2 calendar,silver
si_si_cal_12_lb20_ez2.5_xz0.0_mh5,2129,-0.0,-0.0,0.129,-0.0,-0.28,60,0.3,0.045,-0.019,2.39,6.3,3,5,20,2.5,0.0,5,si_cal_12,SI1-SI2 calendar,silver
si_si_cal_12_lb20_ez2.5_xz0.0_mh10,2129,0.37,0.04,0.143,0.305,-0.26,53,0.396,0.049,-0.019,2.52,11.0,3,5,20,2.5,0.0,10,si_cal_12,SI1-SI2 calendar,silver
si_si_cal_12_lb20_ez2.5_xz0.0_mh20,2129,0.85,0.1,0.172,0.582,-0.18,52,0.442,0.057,-0.017,3.43,15.6,4,5,20,2.5,0.0,20,si_cal_12,SI1-SI2 calendar,silver
si_si_cal_12_lb20_ez2.5_xz0.0_mh40,2129,0.89,0.11,0.172,0.615,-0.18,51,0.451,0.056,-0.015,3.65,17.0,4,5,20,2.5,0.0,40,si_cal_12,SI1-SI2 calendar,silver
si_si_cal_12_lb20_ez2.5_xz0.5_mh5,2129,0.02,0.0,0.128,0.016,-0.26,60,0.3,0.046,-0.019,2.45,6.2,3,5,20,2.5,0.5,5,si_cal_12,SI1-SI2 calendar,silver
si_si_cal_12_lb20_ez2.5_xz0.5_mh10,2129,0.18,0.02,0.133,0.156,-0.25,56,0.357,0.045,-0.019,2.32,10.3,3,5,20,2.5,0.5,10,si_cal_12,SI1-SI2 calendar,silver
si_si_cal_12_lb20_ez2.5_xz0.5_mh20,2129,0.49,0.06,0.16,0.359,-0.22,55,0.364,0.055,-0.018,3.05,13.5,3,5,20,2.5,0.5,20,si_cal_12,SI1-SI2 calendar,silver
si_si_cal_12_lb20_ez2.5_xz0.5_mh40,2129,0.51,0.06,0.16,0.377,-0.21,54,0.37,0.055,-0.018,3.08,14.7,3,5,20,2.5,0.5,40,si_cal_12,SI1-SI2 calendar,silver
si_si_cal_12_lb60_ez1.0_xz0.0_mh5,2129,-1.31,-0.16,0.208,-0.747,-1.68,192,0.109,0.026,-0.006,4.6,2.6,3,49,60,1.0,0.0,5,si_cal_12,SI1-SI2 calendar,silver
si_si_cal_12_lb60_ez1.0_xz0.0_mh10,2129,-0.07,-0.01,0.212,-0.038,-0.52,111,0.243,0.037,-0.014,2.7,7.2,4,18,60,1.0,0.0,10,si_cal_12,SI1-SI2 calendar,silver
si_si_cal_12_lb60_ez1.0_xz0.0_mh20,2129,0.34,0.04,0.211,0.188,-0.46,76,0.447,0.034,-0.018,1.95,14.5,7,7,60,1.0,0.0,20,si_cal_12,SI1-SI2 calendar,silver
si_si_cal_12_lb60_ez1.0_xz0.0_mh40,2129,0.58,0.07,0.211,0.327,-0.43,60,0.55,0.035,-0.02,1.79,24.2,7,6,60,1.0,0.0,40,si_cal_12,SI1-SI2 calendar,silver
si_si_cal_12_lb60_ez1.0_xz0.5_mh5,2129,-1.61,-0.19,0.197,-0.969,-1.93,192,0.109,0.021,-0.006,3.66,2.6,3,49,60,1.0,0.5,5,si_cal_12,SI1-SI2 calendar,silver
si_si_cal_12_lb60_ez1.0_xz0.5_mh10,2129,-0.64,-0.08,0.196,-0.389,-0.99,114,0.211,0.023,-0.013,1.75,6.8,3,18,60,1.0,0.5,10,si_cal_12,SI1-SI2 calendar,silver
si_si_cal_12_lb60_ez1.0_xz0.5_mh20,2129,-0.19,-0.02,0.195,-0.115,-0.57,80,0.35,0.024,-0.017,1.45,13.0,5,15,60,1.0,0.5,20,si_cal_12,SI1-SI2 calendar,silver
si_si_cal_12_lb60_ez1.0_xz0.5_mh40,2129,0.02,0.0,0.194,0.014,-0.49,68,0.397,0.026,-0.02,1.28,20.6,5,13,60,1.0,0.5,40,si_cal_12,SI1-SI2 calendar,silver
si_si_cal_12_lb60_ez1.5_xz0.0_mh5,2129,-0.46,-0.05,0.179,-0.302,-0.86,114,0.167,0.032,-0.011,2.94,4.2,2,15,60,1.5,0.0,5,si_cal_12,SI1-SI2 calendar,silver
si_si_cal_12_lb60_ez1.5_xz0.0_mh10,2129,0.28,0.03,0.189,0.177,-0.54,72,0.333,0.037,-0.018,2.07,9.5,8,8,60,1.5,0.0,10,si_cal_12,SI1-SI2 calendar,silver
si_si_cal_12_lb60_ez1.5_xz0.0_mh20,2129,0.79,0.09,0.192,0.489,-0.42,55,0.564,0.043,-0.033,1.3,18.8,6,4,60,1.5,0.0,20,si_cal_12,SI1-SI2 calendar,silver
si_si_cal_12_lb60_ez1.5_xz0.0_mh40,2129,0.88,0.1,0.204,0.513,-0.38,49,0.592,0.046,-0.036,1.27,28.0,9,4,60,1.5,0.0,40,si_cal_12,SI1-SI2 calendar,silver
si_si_cal_12_lb60_ez1.5_xz0.5_mh5,2129,-0.53,-0.06,0.175,-0.356,-0.88,115,0.183,0.028,-0.011,2.55,4.2,2,15,60,1.5,0.5,5,si_cal_12,SI1-SI2 calendar,silver
si_si_cal_12_lb60_ez1.5_xz0.5_mh10,2129,0.03,0.0,0.182,0.018,-0.57,73,0.342,0.029,-0.019,1.54,9.2,7,8,60,1.5,0.5,10,si_cal_12,SI1-SI2 calendar,silver
si_si_cal_12_lb60_ez1.5_xz0.5_mh20,2129,0.42,0.05,0.182,0.275,-0.45,56,0.518,0.034,-0.031,1.1,16.8,7,5,60,1.5,0.5,20,si_cal_12,SI1-SI2 calendar,silver
si_si_cal_12_lb60_ez1.5_xz0.5_mh40,2129,0.39,0.05,0.187,0.25,-0.52,53,0.491,0.035,-0.031,1.13,24.0,7,5,60,1.5,0.5,40,si_cal_12,SI1-SI2 calendar,silver
si_si_cal_12_lb60_ez2.0_xz0.0_mh5,2129,0.17,0.02,0.165,0.125,-0.32,66,0.288,0.052,-0.012,4.48,5.0,3,14,60,2.0,0.0,5,si_cal_12,SI1-SI2 calendar,silver
si_si_cal_12_lb60_ez2.0_xz0.0_mh10,2129,0.63,0.07,0.182,0.411,-0.36,49,0.408,0.067,-0.015,4.61,9.5,8,9,60,2.0,0.0,10,si_cal_12,SI1-SI2 calendar,silver
si_si_cal_12_lb60_ez2.0_xz0.0_mh20,2129,0.94,0.11,0.184,0.603,-0.32,38,0.632,0.059,-0.036,1.65,18.5,10,6,60,2.0,0.0,20,si_cal_12,SI1-SI2 calendar,silver
si_si_cal_12_lb60_ez2.0_xz0.0_mh40,2129,1.13,0.13,0.197,0.679,-0.33,35,0.629,0.074,-0.053,1.4,26.6,10,3,60,2.0,0.0,40,si_cal_12,SI1-SI2 calendar,silver
si_si_cal_12_lb60_ez2.0_xz0.5_mh5,2129,0.16,0.02,0.165,0.115,-0.32,66,0.288,0.052,-0.012,4.41,5.0,3,14,60,2.0,0.5,5,si_cal_12,SI1-SI2 calendar,silver
si_si_cal_12_lb60_ez2.0_xz0.5_mh10,2129,0.44,0.05,0.175,0.295,-0.37,49,0.408,0.057,-0.016,3.67,9.5,8,9,60,2.0,0.5,10,si_cal_12,SI1-SI2 calendar,silver
si_si_cal_12_lb60_ez2.0_xz0.5_mh20,2129,0.62,0.07,0.177,0.415,-0.32,39,0.615,0.048,-0.037,1.3,17.4,8,6,60,2.0,0.5,20,si_cal_12,SI1-SI2 calendar,silver
si_si_cal_12_lb60_ez2.0_xz0.5_mh40,2129,0.62,0.07,0.181,0.406,-0.41,37,0.595,0.055,-0.048,1.16,24.8,8,5,60,2.0,0.5,40,si_cal_12,SI1-SI2 calendar,silver
si_si_cal_12_lb60_ez2.5_xz0.0_mh5,2129,0.38,0.04,0.131,0.339,-0.26,36,0.389,0.066,-0.015,4.44,5.5,3,9,60,2.5,0.0,5,si_cal_12,SI1-SI2 calendar,silver
si_si_cal_12_lb60_ez2.5_xz0.0_mh10,2129,0.63,0.07,0.137,0.543,-0.21,30,0.5,0.07,-0.023,3.02,10.6,7,4,60,2.5,0.0,10,si_cal_12,SI1-SI2 calendar,silver
si_si_cal_12_lb60_ez2.5_xz0.0_mh20,2129,1.06,0.12,0.168,0.743,-0.16,30,0.667,0.071,-0.027,2.57,18.3,7,4,60,2.5,0.0,20,si_cal_12,SI1-SI2 calendar,silver
si_si_cal_12_lb60_ez2.5_xz0.0_mh40,2129,0.9,0.11,0.156,0.685,-0.2,27,0.593,0.084,-0.041,2.07,29.2,7,4,60,2.5,0.0,40,si_cal_12,SI1-SI2 calendar,silver
si_si_cal_12_lb60_ez2.5_xz0.5_mh5,2129,0.33,0.04,0.128,0.301,-0.26,36,0.389,0.062,-0.015,4.2,5.4,3,9,60,2.5,0.5,5,si_cal_12,SI1-SI2 calendar,silver
si_si_cal_12_lb60_ez2.5_xz0.5_mh10,2129,0.46,0.05,0.13,0.42,-0.21,31,0.484,0.058,-0.024,2.47,10.4,6,4,60,2.5,0.5,10,si_cal_12,SI1-SI2 calendar,silver
si_si_cal_12_lb60_ez2.5_xz0.5_mh20,2129,0.88,0.1,0.162,0.643,-0.16,31,0.645,0.062,-0.03,2.08,17.5,6,4,60,2.5,0.5,20,si_cal_12,SI1-SI2 calendar,silver
si_si_cal_12_lb60_ez2.5_xz0.5_mh40,2129,0.61,0.07,0.138,0.521,-0.22,29,0.621,0.059,-0.041,1.45,26.9,6,4,60,2.5,0.5,40,si_cal_12,SI1-SI2 calendar,silver
si_si_cal_12_lb120_ez1.0_xz0.0_mh5,2129,-2.19,-0.26,0.209,-1.241,-2.52,232,0.039,0.028,-0.003,8.28,1.4,2,73,120,1.0,0.0,5,si_cal_12,SI1-SI2 calendar,silver
si_si_cal_12_lb120_ez1.0_xz0.0_mh10,2129,-0.86,-0.1,0.207,-0.494,-1.2,116,0.112,0.021,-0.007,3.03,5.0,2,35,120,1.0,0.0,10,si_cal_12,SI1-SI2 calendar,silver
si_si_cal_12_lb120_ez1.0_xz0.0_mh20,2129,-0.23,-0.03,0.206,-0.132,-0.69,63,0.238,0.022,-0.02,1.15,14.3,2,17,120,1.0,0.0,20,si_cal_12,SI1-SI2 calendar,silver
si_si_cal_12_lb120_ez1.0_xz0.0_mh40,2129,0.22,0.03,0.214,0.124,-0.46,44,0.364,0.03,-0.026,1.18,26.8,3,10,120,1.0,0.0,40,si_cal_12,SI1-SI2 calendar,silver
si_si_cal_12_lb120_ez1.0_xz0.5_mh5,2129,-2.04,-0.24,0.203,-1.187,-2.45,231,0.052,0.03,-0.004,8.02,1.4,3,73,120,1.0,0.5,5,si_cal_12,SI1-SI2 calendar,silver
si_si_cal_12_lb120_ez1.0_xz0.5_mh10,2129,-0.75,-0.09,0.2,-0.441,-1.18,118,0.136,0.025,-0.008,3.0,4.9,3,36,120,1.0,0.5,10,si_cal_12,SI1-SI2 calendar,silver
si_si_cal_12_lb120_ez1.0_xz0.5_mh20,2129,-0.12,-0.01,0.198,-0.074,-0.64,69,0.29,0.023,-0.014,1.64,13.2,4,19,120,1.0,0.5,20,si_cal_12,SI1-SI2 calendar,silver
si_si_cal_12_lb120_ez1.0_xz0.5_mh40,2129,0.16,0.02,0.197,0.094,-0.52,49,0.469,0.025,-0.027,0.91,27.7,4,10,120,1.0,0.5,40,si_cal_12,SI1-SI2 calendar,silver
si_si_cal_12_lb120_ez1.5_xz0.0_mh5,2129,-1.03,-0.12,0.188,-0.653,-1.35,128,0.094,0.019,-0.006,2.89,2.9,3,44,120,1.5,0.0,5,si_cal_12,SI1-SI2 calendar,silver
si_si_cal_12_lb120_ez1.5_xz0.0_mh10,2129,-0.24,-0.03,0.193,-0.147,-0.66,66,0.212,0.025,-0.02,1.28,9.0,2,13,120,1.5,0.0,10,si_cal_12,SI1-SI2 calendar,silver
si_si_cal_12_lb120_ez1.5_xz0.0_mh20,2129,0.12,0.01,0.195,0.072,-0.56,46,0.37,0.043,-0.021,2.03,20.6,3,8,120,1.5,0.0,20,si_cal_12,SI1-SI2 calendar,silver
si_si_cal_12_lb120_ez1.5_xz0.0_mh40,2129,0.39,0.05,0.203,0.227,-0.41,30,0.467,0.06,-0.047,1.29,41.6,4,4,120,1.5,0.0,40,si_cal_12,SI1-SI2 calendar,silver
si_si_cal_12_lb120_ez1.5_xz0.5_mh5,2129,-1.07,-0.13,0.185,-0.689,-1.35,128,0.094,0.019,-0.006,2.98,2.9,3,44,120,1.5,0.5,5,si_cal_12,SI1-SI2 calendar,silver
si_si_cal_12_lb120_ez1.5_xz0.5_mh10,2129,-0.22,-0.03,0.189,-0.137,-0.6,67,0.239,0.027,-0.019,1.41,8.8,4,13,120,1.5,0.5,10,si_cal_12,SI1-SI2 calendar,silver
si_si_cal_12_lb120_ez1.5_xz0.5_mh20,2129,0.1,0.01,0.19,0.061,-0.56,47,0.404,0.039,-0.022,1.79,19.5,4,8,120,1.5,0.5,20,si_cal_12,SI1-SI2 calendar,silver
si_si_cal_12_lb120_ez1.5_xz0.5_mh40,2129,0.26,0.03,0.19,0.161,-0.54,34,0.588,0.036,-0.05,0.72,37.5,9,4,120,1.5,0.5,40,si_cal_12,SI1-SI2 calendar,silver
si_si_cal_12_lb120_ez2.0_xz0.0_mh5,2129,0.15,0.02,0.163,0.107,-0.35,70,0.229,0.046,-0.008,6.02,4.1,6,24,120,2.0,0.0,5,si_cal_12,SI1-SI2 calendar,silver
si_si_cal_12_lb120_ez2.0_xz0.0_mh10,2129,0.26,0.03,0.171,0.179,-0.38,43,0.395,0.029,-0.025,1.15,10.4,6,12,120,2.0,0.0,10,si_cal_12,SI1-SI2 calendar,silver
si_si_cal_12_lb120_ez2.0_xz0.0_mh20,2129,0.55,0.07,0.175,0.374,-0.33,34,0.529,0.057,-0.025,2.31,22.3,3,6,120,2.0,0.0,20,si_cal_12,SI1-SI2 calendar,silver
si_si_cal_12_lb120_ez2.0_xz0.0_mh40,2129,0.75,0.09,0.186,0.48,-0.35,30,0.567,0.068,-0.045,1.53,39.0,4,3,120,2.0,0.0,40,si_cal_12,SI1-SI2 calendar,silver
si_si_cal_12_lb120_ez2.0_xz0.5_mh5,2129,0.11,0.01,0.16,0.079,-0.35,70,0.229,0.047,-0.008,6.1,4.1,6,24,120,2.0,0.5,5,si_cal_12,SI1-SI2 calendar,silver
si_si_cal_12_lb120_ez2.0_xz0.5_mh10,2129,0.25,0.03,0.167,0.176,-0.38,43,0.395,0.03,-0.025,1.18,10.1,6,12,120,2.0,0.5,10,si_cal_12,SI1-SI2 calendar,silver
si_si_cal_12_lb120_ez2.0_xz0.5_mh20,2129,0.55,0.07,0.171,0.382,-0.33,34,0.559,0.053,-0.026,2.08,21.1,3,6,120,2.0,0.5,20,si_cal_12,SI1-SI2 calendar,silver
si_si_cal_12_lb120_ez2.0_xz0.5_mh40,2129,0.77,0.09,0.182,0.501,-0.35,31,0.613,0.06,-0.045,1.32,34.7,8,4,120,2.0,0.5,40,si_cal_12,SI1-SI2 calendar,silver
si_si_cal_12_lb120_ez2.5_xz0.0_mh5,2129,0.04,0.01,0.117,0.044,-0.39,32,0.344,0.042,-0.011,3.74,5.1,3,12,120,2.5,0.0,5,si_cal_12,SI1-SI2 calendar,silver
si_si_cal_12_lb120_ez2.5_xz0.0_mh10,2129,0.27,0.03,0.122,0.265,-0.26,26,0.462,0.044,-0.018,2.4,11.9,3,6,120,2.5,0.0,10,si_cal_12,SI1-SI2 calendar,silver
si_si_cal_12_lb120_ez2.5_xz0.0_mh20,2129,0.64,0.08,0.136,0.557,-0.21,24,0.583,0.056,-0.022,2.52,21.3,3,3,120,2.5,0.0,20,si_cal_12,SI1-SI2 calendar,silver
si_si_cal_12_lb120_ez2.5_xz0.0_mh40,2129,0.66,0.08,0.145,0.535,-0.27,23,0.522,0.073,-0.037,1.96,38.0,3,3,120,2.5,0.0,40,si_cal_12,SI1-SI2 calendar,silver
si_si_cal_12_lb120_ez2.5_xz0.5_mh5,2129,0.04,0.01,0.117,0.044,-0.39,32,0.344,0.042,-0.011,3.74,5.1,3,12,120,2.5,0.5,5,si_cal_12,SI1-SI2 calendar,silver
si_si_cal_12_lb120_ez2.5_xz0.5_mh10,2129,0.22,0.03,0.119,0.223,-0.26,26,0.462,0.04,-0.018,2.17,11.8,3,6,120,2.5,0.5,10,si_cal_12,SI1-SI2 calendar,silver
si_si_cal_12_lb120_ez2.5_xz0.5_mh20,2129,0.68,0.08,0.132,0.608,-0.21,24,0.625,0.053,-0.022,2.4,20.5,3,3,120,2.5,0.5,20,si_cal_12,SI1-SI2 calendar,silver
si_si_cal_12_lb120_ez2.5_xz0.5_mh40,2129,0.65,0.08,0.141,0.546,-0.28,23,0.609,0.061,-0.043,1.43,33.9,5,3,120,2.5,0.5,40,si_cal_12,SI1-SI2 calendar,silver
si_si_cal_23_lb20_ez1.0_xz0.0_mh5,2129,-2.28,-0.27,0.182,-1.476,-2.58,234,0.175,0.021,-0.009,2.26,4.2,4,35,20,1.0,0.0,5,si_cal_23,SI2-SI3 calendar,silver
si_si_cal_23_lb20_ez1.0_xz0.0_mh10,2129,-1.07,-0.13,0.181,-0.702,-1.43,161,0.255,0.022,-0.015,1.51,8.7,6,30,20,1.0,0.0,10,si_cal_23,SI2-SI3 calendar,silver
si_si_cal_23_lb20_ez1.0_xz0.0_mh20,2129,-0.76,-0.09,0.183,-0.493,-1.07,131,0.328,0.02,-0.015,1.31,13.2,7,19,20,1.0,0.0,20,si_cal_23,SI2-SI3 calendar,silver
si_si_cal_23_lb20_ez1.0_xz0.0_mh40,2129,-0.57,-0.07,0.182,-0.374,-0.88,121,0.339,0.021,-0.018,1.17,15.5,7,17,20,1.0,0.0,40,si_cal_23,SI2-SI3 calendar,silver
si_si_cal_23_lb20_ez1.0_xz0.5_mh5,2129,-2.3,-0.27,0.178,-1.525,-2.66,242,0.182,0.021,-0.009,2.22,4.0,4,30,20,1.0,0.5,5,si_cal_23,SI2-SI3 calendar,silver
si_si_cal_23_lb20_ez1.0_xz0.5_mh10,2129,-1.35,-0.16,0.175,-0.915,-1.69,181,0.238,0.02,-0.014,1.43,7.5,4,20,20,1.0,0.5,10,si_cal_23,SI2-SI3 calendar,silver
si_si_cal_23_lb20_ez1.0_xz0.5_mh20,2129,-0.99,-0.12,0.174,-0.669,-1.34,157,0.293,0.02,-0.015,1.31,10.4,6,16,20,1.0,0.5,20,si_cal_23,SI2-SI3 calendar,silver
si_si_cal_23_lb20_ez1.0_xz0.5_mh40,2129,-0.86,-0.1,0.174,-0.588,-1.21,154,0.299,0.02,-0.017,1.17,11.4,6,16,20,1.0,0.5,40,si_cal_23,SI2-SI3 calendar,silver
si_si_cal_23_lb20_ez1.5_xz0.0_mh5,2129,-1.75,-0.21,0.142,-1.454,-2.0,148,0.182,0.016,-0.013,1.22,5.9,2,26,20,1.5,0.0,5,si_cal_23,SI2-SI3 calendar,silver
si_si_cal_23_lb20_ez1.5_xz0.0_mh10,2129,-1.17,-0.14,0.144,-0.961,-1.42,124,0.282,0.014,-0.016,0.87,10.4,6,15,20,1.5,0.0,10,si_cal_23,SI2-SI3 calendar,silver
si_si_cal_23_lb20_ez1.5_xz0.0_mh20,2129,-0.87,-0.1,0.147,-0.699,-1.13,105,0.362,0.013,-0.019,0.68,15.7,8,15,20,1.5,0.0,20,si_cal_23,SI2-SI3 calendar,silver
si_si_cal_23_lb20_ez1.5_xz0.0_mh40,2129,-0.75,-0.09,0.146,-0.604,-1.0,98,0.367,0.013,-0.022,0.62,18.4,7,14,20,1.5,0.0,40,si_cal_23,SI2-SI3 calendar,silver
si_si_cal_23_lb20_ez1.5_xz0.5_mh5,2129,-1.81,-0.21,0.14,-1.534,-2.07,154,0.208,0.013,-0.013,0.95,5.5,5,31,20,1.5,0.5,5,si_cal_23,SI2-SI3 calendar,silver
si_si_cal_23_lb20_ez1.5_xz0.5_mh10,2129,-1.28,-0.15,0.14,-1.08,-1.54,131,0.275,0.012,-0.015,0.79,9.2,5,15,20,1.5,0.5,10,si_cal_23,SI2-SI3 calendar,silver
si_si_cal_23_lb20_ez1.5_xz0.5_mh20,2129,-1.07,-0.13,0.14,-0.906,-1.33,116,0.31,0.012,-0.017,0.73,12.6,5,15,20,1.5,0.5,20,si_cal_23,SI2-SI3 calendar,silver
si_si_cal_23_lb20_ez1.5_xz0.5_mh40,2129,-0.99,-0.12,0.14,-0.839,-1.25,114,0.316,0.012,-0.019,0.64,13.6,5,15,20,1.5,0.5,40,si_cal_23,SI2-SI3 calendar,silver
si_si_cal_23_lb20_ez2.0_xz0.0_mh5,2129,-0.72,-0.09,0.125,-0.682,-0.98,98,0.245,0.023,-0.016,1.48,6.7,4,16,20,2.0,0.0,5,si_cal_23,SI2-SI3 calendar,silver
si_si_cal_23_lb20_ez2.0_xz0.0_mh10,2129,-0.69,-0.08,0.133,-0.617,-0.95,89,0.281,0.019,-0.02,0.95,11.2,4,14,20,2.0,0.0,10,si_cal_23,SI2-SI3 calendar,silver
si_si_cal_23_lb20_ez2.0_xz0.0_mh20,2129,-0.48,-0.06,0.137,-0.418,-0.74,81,0.37,0.018,-0.022,0.82,17.0,5,13,20,2.0,0.0,20,si_cal_23,SI2-SI3 calendar,silver
si_si_cal_23_lb20_ez2.0_xz0.0_mh40,2129,-0.49,-0.06,0.145,-0.401,-0.75,76,0.382,0.019,-0.026,0.73,18.5,5,13,20,2.0,0.0,40,si_cal_23,SI2-SI3 calendar,silver
si_si_cal_23_lb20_ez2.0_xz0.5_mh5,2129,-0.76,-0.09,0.124,-0.72,-1.01,98,0.235,0.023,-0.015,1.47,6.4,4,16,20,2.0,0.5,5,si_cal_23,SI2-SI3 calendar,silver
si_si_cal_23_lb20_ez2.0_xz0.5_mh10,2129,-0.73,-0.09,0.131,-0.659,-0.99,89,0.258,0.019,-0.02,0.97,10.2,4,14,20,2.0,0.5,10,si_cal_23,SI2-SI3 calendar,silver
si_si_cal_23_lb20_ez2.0_xz0.5_mh20,2129,-0.69,-0.08,0.134,-0.609,-0.95,83,0.301,0.018,-0.022,0.83,13.9,4,14,20,2.0,0.5,20,si_cal_23,SI2-SI3 calendar,silver
si_si_cal_23_lb20_ez2.0_xz0.5_mh40,2129,-0.67,-0.08,0.136,-0.582,-0.93,81,0.309,0.018,-0.023,0.8,14.8,4,14,20,2.0,0.5,40,si_cal_23,SI2-SI3 calendar,silver
si_si_cal_23_lb20_ez2.5_xz0.0_mh5,2129,-0.12,-0.01,0.101,-0.139,-0.37,48,0.312,0.029,-0.017,1.73,6.5,3,6,20,2.5,0.0,5,si_cal_23,SI2-SI3 calendar,silver
si_si_cal_23_lb20_ez2.5_xz0.0_mh10,2129,-0.02,-0.0,0.106,-0.022,-0.34,47,0.404,0.027,-0.019,1.42,11.7,3,6,20,2.5,0.0,10,si_cal_23,SI2-SI3 calendar,silver
si_si_cal_23_lb20_ez2.5_xz0.0_mh20,2129,0.18,0.02,0.109,0.191,-0.26,47,0.532,0.024,-0.019,1.26,17.0,8,5,20,2.5,0.0,20,si_cal_23,SI2-SI3 calendar,silver
si_si_cal_23_lb20_ez2.5_xz0.0_mh40,2129,0.09,0.01,0.117,0.09,-0.35,46,0.543,0.024,-0.024,1.0,17.9,8,5,20,2.5,0.0,40,si_cal_23,SI2-SI3 calendar,silver
si_si_cal_23_lb20_ez2.5_xz0.5_mh5,2129,-0.12,-0.01,0.101,-0.144,-0.38,48,0.292,0.03,-0.016,1.89,6.4,3,12,20,2.5,0.5,5,si_cal_23,SI2-SI3 calendar,silver
si_si_cal_23_lb20_ez2.5_xz0.5_mh10,2129,-0.0,-0.0,0.104,-0.006,-0.32,47,0.404,0.026,-0.018,1.43,10.6,3,5,20,2.5,0.5,10,si_cal_23,SI2-SI3 calendar,silver
si_si_cal_23_lb20_ez2.5_xz0.5_mh20,2129,0.08,0.01,0.106,0.088,-0.26,47,0.447,0.025,-0.017,1.43,13.3,6,5,20,2.5,0.5,20,si_cal_23,SI2-SI3 calendar,silver
si_si_cal_23_lb20_ez2.5_xz0.5_mh40,2129,0.11,0.01,0.106,0.119,-0.23,47,0.447,0.025,-0.016,1.52,13.6,6,5,20,2.5,0.5,40,si_cal_23,SI2-SI3 calendar,silver
si_si_cal_23_lb60_ez1.0_xz0.0_mh5,2129,-2.41,-0.29,0.179,-1.589,-2.64,221,0.077,0.029,-0.004,6.8,2.2,4,37,60,1.0,0.0,5,si_cal_23,SI2-SI3 calendar,silver
si_si_cal_23_lb60_ez1.0_xz0.0_mh10,2129,-1.63,-0.19,0.187,-1.033,-1.88,123,0.146,0.028,-0.007,3.82,5.6,3,22,60,1.0,0.0,10,si_cal_23,SI2-SI3 calendar,silver
si_si_cal_23_lb60_ez1.0_xz0.0_mh20,2129,-0.95,-0.11,0.187,-0.602,-1.21,74,0.297,0.031,-0.014,2.2,13.6,3,8,60,1.0,0.0,20,si_cal_23,SI2-SI3 calendar,silver
si_si_cal_23_lb60_ez1.0_xz0.0_mh40,2129,-0.62,-0.07,0.191,-0.384,-1.01,52,0.404,0.028,-0.047,0.6,27.8,3,6,60,1.0,0.0,40,si_cal_23,SI2-SI3 calendar,silver
si_si_cal_23_lb60_ez1.0_xz0.5_mh5,2129,-2.26,-0.27,0.173,-1.547,-2.58,220,0.091,0.027,-0.004,6.4,2.1,5,37,60,1.0,0.5,5,si_cal_23,SI2-SI3 calendar,silver
si_si_cal_23_lb60_ez1.0_xz0.5_mh10,2129,-1.32,-0.16,0.178,-0.881,-1.65,128,0.203,0.023,-0.008,2.92,5.5,5,17,60,1.0,0.5,10,si_cal_23,SI2-SI3 calendar,silver
si_si_cal_23_lb60_ez1.0_xz0.5_mh20,2129,-0.75,-0.09,0.176,-0.504,-1.1,83,0.337,0.023,-0.015,1.51,12.9,5,8,60,1.0,0.5,20,si_cal_23,SI2-SI3 calendar,silver
si_si_cal_23_lb60_ez1.0_xz0.5_mh40,2129,-0.48,-0.06,0.176,-0.325,-0.87,68,0.441,0.023,-0.034,0.66,22.3,8,7,60,1.0,0.5,40,si_cal_23,SI2-SI3 calendar,silver
si_si_cal_23_lb60_ez1.5_xz0.0_mh5,2129,-1.74,-0.21,0.157,-1.306,-2.0,132,0.114,0.027,-0.008,3.37,3.6,3,34,60,1.5,0.0,5,si_cal_23,SI2-SI3 calendar,silver
si_si_cal_23_lb60_ez1.5_xz0.0_mh10,2129,-0.93,-0.11,0.166,-0.663,-1.23,72,0.222,0.027,-0.014,1.83,10.2,3,13,60,1.5,0.0,10,si_cal_23,SI2-SI3 calendar,silver
si_si_cal_23_lb60_ez1.5_xz0.0_mh20,2129,-0.52,-0.06,0.168,-0.365,-0.89,55,0.4,0.027,-0.026,1.04,20.3,5,5,60,1.5,0.0,20,si_cal_23,SI2-SI3 calendar,silver
si_si_cal_23_lb60_ez1.5_xz0.0_mh40,2129,-0.6,-0.07,0.185,-0.382,-1.01,42,0.476,0.031,-0.066,0.48,34.2,5,3,60,1.5,0.0,40,si_cal_23,SI2-SI3 calendar,silver
si_si_cal_23_lb60_ez1.5_xz0.5_mh5,2129,-1.71,-0.2,0.156,-1.3,-1.97,132,0.129,0.023,-0.008,2.91,3.5,3,32,60,1.5,0.5,5,si_cal_23,SI2-SI3 calendar,silver
si_si_cal_23_lb60_ez1.5_xz0.5_mh10,2129,-0.93,-0.11,0.158,-0.694,-1.25,74,0.27,0.023,-0.014,1.61,9.6,3,13,60,1.5,0.5,10,si_cal_23,SI2-SI3 calendar,silver
si_si_cal_23_lb60_ez1.5_xz0.5_mh20,2129,-0.56,-0.07,0.157,-0.418,-0.92,60,0.417,0.02,-0.024,0.82,18.7,6,7,60,1.5,0.5,20,si_cal_23,SI2-SI3 calendar,silver
si_si_cal_23_lb60_ez1.5_xz0.5_mh40,2129,-0.61,-0.07,0.168,-0.428,-1.0,52,0.462,0.021,-0.046,0.45,28.3,6,7,60,1.5,0.5,40,si_cal_23,SI2-SI3 calendar,silver
si_si_cal_23_lb60_ez2.0_xz0.0_mh5,2129,-1.13,-0.13,0.137,-0.974,-1.36,64,0.125,0.009,-0.016,0.58,5.4,3,34,60,2.0,0.0,5,si_cal_23,SI2-SI3 calendar,silver
si_si_cal_23_lb60_ez2.0_xz0.0_mh10,2129,-0.75,-0.09,0.141,-0.63,-1.04,46,0.196,0.017,-0.022,0.78,12.8,2,15,60,2.0,0.0,10,si_cal_23,SI2-SI3 calendar,silver
si_si_cal_23_lb60_ez2.0_xz0.0_mh20,2129,-0.46,-0.05,0.159,-0.339,-0.79,39,0.333,0.027,-0.025,1.09,23.8,3,5,60,2.0,0.0,20,si_cal_23,SI2-SI3 calendar,silver
si_si_cal_23_lb60_ez2.0_xz0.0_mh40,2129,-0.62,-0.07,0.179,-0.409,-1.0,30,0.467,0.037,-0.08,0.46,41.2,3,3,60,2.0,0.0,40,si_cal_23,SI2-SI3 calendar,silver
si_si_cal_23_lb60_ez2.0_xz0.5_mh5,2129,-1.05,-0.12,0.133,-0.934,-1.36,64,0.125,0.009,-0.016,0.58,5.4,3,34,60,2.0,0.5,5,si_cal_23,SI2-SI3 calendar,silver
si_si_cal_23_lb60_ez2.0_xz0.5_mh10,2129,-0.73,-0.09,0.133,-0.651,-1.06,46,0.196,0.014,-0.023,0.6,12.8,2,15,60,2.0,0.5,10,si_cal_23,SI2-SI3 calendar,silver
si_si_cal_23_lb60_ez2.0_xz0.5_mh20,2129,-0.61,-0.07,0.141,-0.507,-0.94,41,0.341,0.017,-0.024,0.7,22.6,3,5,60,2.0,0.5,20,si_cal_23,SI2-SI3 calendar,silver
si_si_cal_23_lb60_ez2.0_xz0.5_mh40,2129,-0.76,-0.09,0.155,-0.578,-1.11,35,0.429,0.017,-0.058,0.3,36.5,3,4,60,2.0,0.5,40,si_cal_23,SI2-SI3 calendar,silver
si_si_cal_23_lb60_ez2.5_xz0.0_mh5,2129,-0.26,-0.03,0.113,-0.269,-0.64,37,0.27,0.046,-0.019,2.37,6.5,4,14,60,2.5,0.0,5,si_cal_23,SI2-SI3 calendar,silver
si_si_cal_23_lb60_ez2.5_xz0.0_mh10,2129,-0.37,-0.04,0.129,-0.338,-0.66,31,0.226,0.016,-0.027,0.57,13.2,2,13,60,2.5,0.0,10,si_cal_23,SI2-SI3 calendar,silver
si_si_cal_23_lb60_ez2.5_xz0.0_mh20,2129,-0.09,-0.01,0.143,-0.078,-0.42,30,0.367,0.031,-0.026,1.21,25.7,3,4,60,2.5,0.0,20,si_cal_23,SI2-SI3 calendar,silver
si_si_cal_23_lb60_ez2.5_xz0.0_mh40,2129,-0.52,-0.06,0.169,-0.364,-0.91,24,0.375,0.041,-0.061,0.67,46.1,2,4,60,2.5,0.0,40,si_cal_23,SI2-SI3 calendar,silver
si_si_cal_23_lb60_ez2.5_xz0.5_mh5,2129,-0.26,-0.03,0.113,-0.27,-0.64,37,0.27,0.045,-0.019,2.36,6.5,4,14,60,2.5,0.5,5,si_cal_23,SI2-SI3 calendar,silver
si_si_cal_23_lb60_ez2.5_xz0.5_mh10,2129,-0.3,-0.04,0.12,-0.292,-0.65,31,0.258,0.014,-0.028,0.5,12.9,2,13,60,2.5,0.5,10,si_cal_23,SI2-SI3 calendar,silver
si_si_cal_23_lb60_ez2.5_xz0.5_mh20,2129,-0.14,-0.02,0.124,-0.136,-0.53,31,0.419,0.025,-0.027,0.94,24.2,3,4,60,2.5,0.5,20,si_cal_23,SI2-SI3 calendar,silver
si_si_cal_23_lb60_ez2.5_xz0.5_mh40,2129,-0.58,-0.07,0.148,-0.467,-0.96,27,0.481,0.017,-0.058,0.28,39.7,3,4,60,2.5,0.5,40,si_cal_23,SI2-SI3 calendar,silver
si_si_cal_23_lb120_ez1.0_xz0.0_mh5,2129,-2.31,-0.27,0.185,-1.477,-2.62,220,0.077,0.026,-0.003,8.67,1.8,3,57,120,1.0,0.0,5,si_cal_23,SI2-SI3 calendar,silver
si_si_cal_23_lb120_ez1.0_xz0.0_mh10,2129,-1.23,-0.15,0.183,-0.794,-1.55,122,0.172,0.015,-0.006,2.37,5.3,4,15,120,1.0,0.0,10,si_cal_23,SI2-SI3 calendar,silver
si_si_cal_23_lb120_ez1.0_xz0.0_mh20,2129,-0.92,-0.11,0.185,-0.591,-1.17,65,0.231,0.017,-0.015,1.12,12.7,5,14,120,1.0,0.0,20,si_cal_23,SI2-SI3 calendar,silver
si_si_cal_23_lb120_ez1.0_xz0.0_mh40,2129,-0.4,-0.05,0.194,-0.245,-0.68,36,0.306,0.026,-0.045,0.58,30.8,4,8,120,1.0,0.0,40,si_cal_23,SI2-SI3 calendar,silver
si_si_cal_23_lb120_ez1.0_xz0.5_mh5,2129,-2.33,-0.28,0.182,-1.51,-2.64,219,0.087,0.022,-0.003,7.01,1.8,3,57,120,1.0,0.5,5,si_cal_23,SI2-SI3 calendar,silver
si_si_cal_23_lb120_ez1.0_xz0.5_mh10,2129,-1.27,-0.15,0.18,-0.831,-1.59,123,0.195,0.013,-0.008,1.61,4.9,4,15,120,1.0,0.5,10,si_cal_23,SI2-SI3 calendar,silver
si_si_cal_23_lb120_ez1.0_xz0.5_mh20,2129,-0.73,-0.09,0.178,-0.481,-1.09,69,0.29,0.018,-0.019,0.95,12.0,4,7,120,1.0,0.5,20,si_cal_23,SI2-SI3 calendar,silver
si_si_cal_23_lb120_ez1.0_xz0.5_mh40,2129,-0.37,-0.04,0.181,-0.243,-0.77,47,0.447,0.02,-0.045,0.44,25.2,5,3,120,1.0,0.5,40,si_cal_23,SI2-SI3 calendar,silver
si_si_cal_23_lb120_ez1.5_xz0.0_mh5,2129,-1.25,-0.15,0.138,-1.068,-1.51,108,0.102,0.017,-0.007,2.57,2.6,2,20,120,1.5,0.0,5,si_cal_23,SI2-SI3 calendar,silver
si_si_cal_23_lb120_ez1.5_xz0.0_mh10,2129,-0.89,-0.11,0.144,-0.734,-1.21,60,0.133,0.018,-0.013,1.39,7.7,1,9,120,1.5,0.0,10,si_cal_23,SI2-SI3 calendar,silver
si_si_cal_23_lb120_ez1.5_xz0.0_mh20,2129,-0.55,-0.06,0.158,-0.41,-0.95,36,0.222,0.035,-0.02,1.7,19.6,1,7,120,1.5,0.0,20,si_cal_23,SI2-SI3 calendar,silver
si_si_cal_23_lb120_ez1.5_xz0.0_mh40,2129,-0.58,-0.07,0.159,-0.431,-0.96,23,0.391,0.024,-0.061,0.4,49.3,2,5,120,1.5,0.0,40,si_cal_23,SI2-SI3 calendar,silver
si_si_cal_23_lb120_ez1.5_xz0.5_mh5,2129,-1.28,-0.15,0.138,-1.102,-1.54,109,0.11,0.014,-0.007,2.1,2.6,2,20,120,1.5,0.5,5,si_cal_23,SI2-SI3 calendar,silver
si_si_cal_23_lb120_ez1.5_xz0.5_mh10,2129,-0.96,-0.11,0.144,-0.79,-1.28,61,0.148,0.015,-0.013,1.13,7.5,2,9,120,1.5,0.5,10,si_cal_23,SI2-SI3 calendar,silver
si_si_cal_23_lb120_ez1.5_xz0.5_mh20,2129,-0.59,-0.07,0.157,-0.443,-0.99,37,0.27,0.026,-0.021,1.23,18.4,2,4,120,1.5,0.5,20,si_cal_23,SI2-SI3 calendar,silver
si_si_cal_23_lb120_ez1.5_xz0.5_mh40,2129,-0.58,-0.07,0.157,-0.438,-0.95,25,0.36,0.023,-0.055,0.41,43.2,2,3,120,1.5,0.5,40,si_cal_23,SI2-SI3 calendar,silver
si_si_cal_23_lb120_ez2.0_xz0.0_mh5,2129,-0.82,-0.1,0.132,-0.732,-1.13,54,0.148,0.018,-0.009,1.99,3.2,3,15,120,2.0,0.0,5,si_cal_23,SI2-SI3 calendar,silver
si_si_cal_23_lb120_ez2.0_xz0.0_mh10,2129,-0.55,-0.06,0.132,-0.49,-0.88,28,0.286,0.015,-0.023,0.65,11.0,3,7,120,2.0,0.0,10,si_cal_23,SI2-SI3 calendar,silver
si_si_cal_23_lb120_ez2.0_xz0.0_mh20,2129,-0.36,-0.04,0.143,-0.298,-0.7,21,0.381,0.021,-0.031,0.69,26.3,4,6,120,2.0,0.0,20,si_cal_23,SI2-SI3 calendar,silver
si_si_cal_23_lb120_ez2.0_xz0.0_mh40,2129,-0.34,-0.04,0.15,-0.27,-0.73,17,0.353,0.047,-0.06,0.79,51.2,2,4,120,2.0,0.0,40,si_cal_23,SI2-SI3 calendar,silver
si_si_cal_23_lb120_ez2.0_xz0.5_mh5,2129,-0.82,-0.1,0.132,-0.732,-1.13,54,0.148,0.018,-0.009,1.99,3.2,3,15,120,2.0,0.5,5,si_cal_23,SI2-SI3 calendar,silver
si_si_cal_23_lb120_ez2.0_xz0.5_mh10,2129,-0.55,-0.06,0.132,-0.49,-0.88,28,0.286,0.015,-0.023,0.65,11.0,3,7,120,2.0,0.5,10,si_cal_23,SI2-SI3 calendar,silver
si_si_cal_23_lb120_ez2.0_xz0.5_mh20,2129,-0.34,-0.04,0.142,-0.285,-0.7,21,0.381,0.023,-0.031,0.76,25.0,4,6,120,2.0,0.5,20,si_cal_23,SI2-SI3 calendar,silver
si_si_cal_23_lb120_ez2.0_xz0.5_mh40,2129,-0.43,-0.05,0.148,-0.342,-0.78,17,0.412,0.025,-0.071,0.36,47.2,3,4,120,2.0,0.5,40,si_cal_23,SI2-SI3 calendar,silver
si_si_cal_23_lb120_ez2.5_xz0.0_mh5,2129,-0.46,-0.05,0.122,-0.44,-0.72,30,0.167,0.017,-0.02,0.82,4.9,4,21,120,2.5,0.0,5,si_cal_23,SI2-SI3 calendar,silver
si_si_cal_23_lb120_ez2.5_xz0.0_mh10,2129,-0.4,-0.05,0.135,-0.349,-0.71,20,0.25,0.017,-0.036,0.47,11.9,2,11,120,2.5,0.0,10,si_cal_23,SI2-SI3 calendar,silver
si_si_cal_23_lb120_ez2.5_xz0.0_mh20,2129,-0.26,-0.03,0.141,-0.22,-0.64,17,0.471,0.017,-0.058,0.29,25.6,4,6,120,2.5,0.0,20,si_cal_23,SI2-SI3 calendar,silver
si_si_cal_23_lb120_ez2.5_xz0.0_mh40,2129,-0.45,-0.05,0.144,-0.368,-0.78,13,0.308,0.017,-0.06,0.28,53.8,2,5,120,2.5,0.0,40,si_cal_23,SI2-SI3 calendar,silver
si_si_cal_23_lb120_ez2.5_xz0.5_mh5,2129,-0.46,-0.05,0.122,-0.44,-0.72,30,0.167,0.017,-0.02,0.82,4.9,4,21,120,2.5,0.5,5,si_cal_23,SI2-SI3 calendar,silver
si_si_cal_23_lb120_ez2.5_xz0.5_mh10,2129,-0.4,-0.05,0.135,-0.349,-0.71,20,0.25,0.017,-0.036,0.47,11.9,2,11,120,2.5,0.5,10,si_cal_23,SI2-SI3 calendar,silver
si_si_cal_23_lb120_ez2.5_xz0.5_mh20,2129,-0.19,-0.02,0.139,-0.162,-0.63,17,0.471,0.015,-0.058,0.27,24.1,4,6,120,2.5,0.5,20,si_cal_23,SI2-SI3 calendar,silver
si_si_cal_23_lb120_ez2.5_xz0.5_mh40,2129,-0.38,-0.04,0.143,-0.314,-0.79,14,0.5,0.021,-0.078,0.26,47.6,3,4,120,2.5,0.5,40,si_cal_23,SI2-SI3 calendar,silver
si_si_fly_123_lb20_ez1.0_xz0.0_mh5,2129,-1.2,-0.14,0.194,-0.734,-1.48,227,0.211,0.022,-0.009,2.52,4.1,10,28,20,1.0,0.0,5,si_fly_123,SI butterfly,silver
si_si_fly_123_lb20_ez1.0_xz0.0_mh10,2129,-0.49,-0.06,0.197,-0.296,-0.79,170,0.271,0.021,-0.012,1.69,7.9,8,20,20,1.0,0.0,10,si_fly_123,SI butterfly,silver
si_si_fly_123_lb20_ez1.0_xz0.0_mh20,2129,-0.05,-0.01,0.204,-0.029,-0.54,143,0.329,0.023,-0.013,1.81,11.3,8,17,20,1.0,0.0,20,si_fly_123,SI butterfly,silver
si_si_fly_123_lb20_ez1.0_xz0.0_mh40,2129,0.04,0.01,0.204,0.026,-0.53,138,0.341,0.023,-0.013,1.8,12.2,8,17,20,1.0,0.0,40,si_fly_123,SI butterfly,silver
si_si_fly_123_lb20_ez1.0_xz0.5_mh5,2129,-1.42,-0.17,0.182,-0.924,-1.64,238,0.223,0.02,-0.01,1.97,3.9,12,24,20,1.0,0.5,5,si_fly_123,SI butterfly,silver
si_si_fly_123_lb20_ez1.0_xz0.5_mh10,2129,-0.58,-0.07,0.18,-0.379,-0.83,201,0.279,0.021,-0.012,1.86,6.6,12,16,20,1.0,0.5,10,si_fly_123,SI butterfly,silver
si_si_fly_123_lb20_ez1.0_xz0.5_mh20,2129,-0.26,-0.03,0.184,-0.166,-0.62,191,0.304,0.022,-0.011,2.05,8.0,12,14,20,1.0,0.5,20,si_fly_123,SI butterfly,silver
si_si_fly_123_lb20_ez1.0_xz0.5_mh40,2129,-0.23,-0.03,0.184,-0.15,-0.61,190,0.305,0.022,-0.011,2.06,8.1,12,13,20,1.0,0.5,40,si_fly_123,SI butterfly,silver
si_si_fly_123_lb20_ez1.5_xz0.0_mh5,2129,-0.35,-0.04,0.19,-0.215,-0.68,162,0.309,0.026,-0.015,1.78,5.2,4,20,20,1.5,0.0,5,si_fly_123,SI butterfly,silver
si_si_fly_123_lb20_ez1.5_xz0.0_mh10,2129,-0.12,-0.01,0.194,-0.07,-0.54,134,0.388,0.023,-0.016,1.38,8.7,9,17,20,1.5,0.0,10,si_fly_123,SI butterfly,silver
si_si_fly_123_lb20_ez1.5_xz0.0_mh20,2129,0.15,0.02,0.198,0.09,-0.47,121,0.446,0.028,-0.017,1.67,12.5,10,16,20,1.5,0.0,20,si_fly_123,SI butterfly,silver
si_si_fly_123_lb20_ez1.5_xz0.0_mh40,2129,0.23,0.03,0.198,0.136,-0.46,116,0.466,0.028,-0.017,1.6,13.4,10,16,20,1.5,0.0,40,si_fly_123,SI butterfly,silver
si_si_fly_123_lb20_ez1.5_xz0.5_mh5,2129,-0.61,-0.07,0.171,-0.425,-0.86,169,0.314,0.019,-0.015,1.26,4.7,10,20,20,1.5,0.5,5,si_fly_123,SI butterfly,silver
si_si_fly_123_lb20_ez1.5_xz0.5_mh10,2129,-0.28,-0.03,0.17,-0.198,-0.55,149,0.369,0.02,-0.014,1.46,7.5,10,17,20,1.5,0.5,10,si_fly_123,SI butterfly,silver
si_si_fly_123_lb20_ez1.5_xz0.5_mh20,2129,-0.07,-0.01,0.17,-0.049,-0.5,144,0.382,0.022,-0.013,1.75,9.1,10,17,20,1.5,0.5,20,si_fly_123,SI butterfly,silver
si_si_fly_123_lb20_ez1.5_xz0.5_mh40,2129,-0.06,-0.01,0.17,-0.039,-0.49,143,0.385,0.022,-0.013,1.74,9.2,10,17,20,1.5,0.5,40,si_fly_123,SI butterfly,silver
si_si_fly_123_lb20_ez2.0_xz0.0_mh5,2129,-0.07,-0.01,0.16,-0.048,-0.36,106,0.33,0.034,-0.016,2.12,6.1,6,12,20,2.0,0.0,5,si_fly_123,SI butterfly,silver
si_si_fly_123_lb20_ez2.0_xz0.0_mh10,2129,-0.24,-0.03,0.166,-0.174,-0.54,99,0.404,0.028,-0.022,1.3,10.2,7,12,20,2.0,0.0,10,si_fly_123,SI butterfly,silver
si_si_fly_123_lb20_ez2.0_xz0.0_mh20,2129,0.27,0.03,0.18,0.178,-0.3,93,0.516,0.029,-0.023,1.25,14.5,10,11,20,2.0,0.0,20,si_fly_123,SI butterfly,silver
si_si_fly_123_lb20_ez2.0_xz0.0_mh40,2129,0.34,0.04,0.18,0.221,-0.29,89,0.539,0.029,-0.024,1.2,16.0,10,10,20,2.0,0.0,40,si_fly_123,SI butterfly,silver
si_si_fly_123_lb20_ez2.0_xz0.5_mh5,2129,-0.23,-0.03,0.146,-0.183,-0.49,113,0.354,0.025,-0.016,1.6,5.6,12,13,20,2.0,0.5,5,si_fly_123,SI butterfly,silver
si_si_fly_123_lb20_ez2.0_xz0.5_mh10,2129,-0.2,-0.02,0.145,-0.164,-0.53,107,0.421,0.021,-0.018,1.18,8.8,9,10,20,2.0,0.5,10,si_fly_123,SI butterfly,silver
si_si_fly_123_lb20_ez2.0_xz0.5_mh20,2129,0.06,0.01,0.151,0.049,-0.46,106,0.443,0.023,-0.017,1.37,10.9,12,10,20,2.0,0.5,20,si_fly_123,SI butterfly,silver
si_si_fly_123_lb20_ez2.0_xz0.5_mh40,2129,0.07,0.01,0.151,0.052,-0.46,105,0.448,0.023,-0.017,1.35,11.1,12,10,20,2.0,0.5,40,si_fly_123,SI butterfly,silver
si_si_fly_123_lb20_ez2.5_xz0.0_mh5,2129,-0.02,-0.0,0.114,-0.017,-0.25,64,0.375,0.035,-0.02,1.8,6.2,6,7,20,2.5,0.0,5,si_fly_123,SI butterfly,silver
si_si_fly_123_lb20_ez2.5_xz0.0_mh10,2129,-0.08,-0.01,0.115,-0.079,-0.29,63,0.397,0.031,-0.021,1.46,10.6,4,6,20,2.5,0.0,10,si_fly_123,SI butterfly,silver
si_si_fly_123_lb20_ez2.5_xz0.0_mh20,2129,0.49,0.06,0.155,0.374,-0.25,60,0.533,0.036,-0.022,1.66,16.2,6,5,20,2.5,0.0,20,si_fly_123,SI butterfly,silver
si_si_fly_123_lb20_ez2.5_xz0.0_mh40,2129,0.52,0.06,0.155,0.396,-0.23,60,0.55,0.035,-0.022,1.57,17.7,9,5,20,2.5,0.0,40,si_fly_123,SI butterfly,silver
si_si_fly_123_lb20_ez2.5_xz0.5_mh5,2129,-0.21,-0.02,0.1,-0.249,-0.38,66,0.364,0.026,-0.019,1.41,5.9,6,8,20,2.5,0.5,5,si_fly_123,SI butterfly,silver
si_si_fly_123_lb20_ez2.5_xz0.5_mh10,2129,-0.16,-0.02,0.097,-0.196,-0.45,65,0.4,0.024,-0.02,1.19,9.8,6,8,20,2.5,0.5,10,si_fly_123,SI butterfly,silver
si_si_fly_123_lb20_ez2.5_xz0.5_mh20,2129,0.07,0.01,0.105,0.08,-0.37,64,0.422,0.027,-0.017,1.53,12.7,6,8,20,2.5,0.5,20,si_fly_123,SI butterfly,silver
si_si_fly_123_lb20_ez2.5_xz0.5_mh40,2129,0.06,0.01,0.105,0.062,-0.37,64,0.422,0.027,-0.018,1.49,13.2,6,8,20,2.5,0.5,40,si_fly_123,SI butterfly,silver
si_si_fly_123_lb60_ez1.0_xz0.0_mh5,2129,-1.16,-0.14,0.189,-0.726,-1.35,238,0.147,0.036,-0.004,8.57,2.4,8,31,60,1.0,0.0,5,si_fly_123,SI butterfly,silver
si_si_fly_123_lb60_ez1.0_xz0.0_mh10,2129,-0.39,-0.05,0.198,-0.233,-0.66,133,0.218,0.037,-0.008,4.36,5.8,6,15,60,1.0,0.0,10,si_fly_123,SI butterfly,silver
si_si_fly_123_lb60_ez1.0_xz0.0_mh20,2129,0.18,0.02,0.201,0.105,-0.5,87,0.322,0.045,-0.01,4.7,11.9,5,9,60,1.0,0.0,20,si_fly_123,SI butterfly,silver
si_si_fly_123_lb60_ez1.0_xz0.0_mh40,2129,0.51,0.06,0.202,0.299,-0.41,67,0.448,0.036,-0.018,2.02,21.5,6,6,60,1.0,0.0,40,si_fly_123,SI butterfly,silver
si_si_fly_123_lb60_ez1.0_xz0.5_mh5,2129,-1.27,-0.15,0.173,-0.867,-1.45,239,0.159,0.028,-0.004,7.3,2.3,8,31,60,1.0,0.5,5,si_fly_123,SI butterfly,silver
si_si_fly_123_lb60_ez1.0_xz0.5_mh10,2129,-0.48,-0.06,0.181,-0.311,-0.76,140,0.271,0.025,-0.008,3.25,5.4,8,16,60,1.0,0.5,10,si_fly_123,SI butterfly,silver
si_si_fly_123_lb60_ez1.0_xz0.5_mh20,2129,-0.01,-0.0,0.18,-0.005,-0.61,98,0.367,0.033,-0.007,4.52,10.3,10,12,60,1.0,0.5,20,si_fly_123,SI butterfly,silver
si_si_fly_123_lb60_ez1.0_xz0.5_mh40,2129,0.25,0.03,0.179,0.167,-0.55,82,0.463,0.027,-0.014,1.94,17.2,10,9,60,1.0,0.5,40,si_fly_123,SI butterfly,silver
si_si_fly_123_lb60_ez1.5_xz0.0_mh5,2129,-0.38,-0.04,0.161,-0.276,-0.61,120,0.175,0.043,-0.009,4.67,3.5,4,17,60,1.5,0.0,5,si_fly_123,SI butterfly,silver
si_si_fly_123_lb60_ez1.5_xz0.0_mh10,2129,0.29,0.03,0.164,0.21,-0.42,70,0.343,0.054,-0.016,3.45,10.2,4,9,60,1.5,0.0,10,si_fly_123,SI butterfly,silver
si_si_fly_123_lb60_ez1.5_xz0.0_mh20,2129,0.66,0.08,0.165,0.471,-0.33,58,0.448,0.048,-0.015,3.11,19.3,5,8,60,1.5,0.0,20,si_fly_123,SI butterfly,silver
si_si_fly_123_lb60_ez1.5_xz0.0_mh40,2129,0.57,0.07,0.175,0.386,-0.35,53,0.453,0.05,-0.026,1.93,31.5,5,8,60,1.5,0.0,40,si_fly_123,SI butterfly,silver
si_si_fly_123_lb60_ez1.5_xz0.5_mh5,2129,-0.64,-0.08,0.15,-0.507,-0.85,120,0.183,0.029,-0.01,3.0,3.5,4,17,60,1.5,0.5,5,si_fly_123,SI butterfly,silver
si_si_fly_123_lb60_ez1.5_xz0.5_mh10,2129,0.04,0.0,0.153,0.03,-0.42,72,0.375,0.038,-0.016,2.43,9.6,4,9,60,1.5,0.5,10,si_fly_123,SI butterfly,silver
si_si_fly_123_lb60_ez1.5_xz0.5_mh20,2129,0.38,0.04,0.153,0.294,-0.33,62,0.468,0.034,-0.016,2.16,17.3,5,8,60,1.5,0.5,20,si_fly_123,SI butterfly,silver
si_si_fly_123_lb60_ez1.5_xz0.5_mh40,2129,0.2,0.02,0.157,0.153,-0.36,57,0.491,0.033,-0.026,1.3,27.3,5,8,60,1.5,0.5,40,si_fly_123,SI butterfly,silver
si_si_fly_123_lb60_ez2.0_xz0.0_mh5,2129,0.35,0.04,0.147,0.278,-0.27,59,0.356,0.049,-0.014,3.43,5.1,3,6,60,2.0,0.0,5,si_fly_123,SI butterfly,silver
si_si_fly_123_lb60_ez2.0_xz0.0_mh10,2129,0.65,0.08,0.152,0.509,-0.21,48,0.5,0.048,-0.017,2.9,9.9,3,5,60,2.0,0.0,10,si_fly_123,SI butterfly,silver
si_si_fly_123_lb60_ez2.0_xz0.0_mh20,2129,0.74,0.09,0.154,0.569,-0.21,44,0.545,0.046,-0.015,3.06,17.6,5,5,60,2.0,0.0,20,si_fly_123,SI butterfly,silver
si_si_fly_123_lb60_ez2.0_xz0.0_mh40,2129,0.62,0.07,0.159,0.465,-0.25,43,0.535,0.046,-0.026,1.72,30.2,5,5,60,2.0,0.0,40,si_fly_123,SI butterfly,silver
si_si_fly_123_lb60_ez2.0_xz0.5_mh5,2129,0.06,0.01,0.135,0.054,-0.27,59,0.356,0.036,-0.015,2.44,5.0,3,6,60,2.0,0.5,5,si_fly_123,SI butterfly,silver
si_si_fly_123_lb60_ez2.0_xz0.5_mh10,2129,0.36,0.04,0.14,0.306,-0.21,48,0.5,0.036,-0.017,2.07,9.6,3,5,60,2.0,0.5,10,si_fly_123,SI butterfly,silver
si_si_fly_123_lb60_ez2.0_xz0.5_mh20,2129,0.41,0.05,0.142,0.344,-0.21,46,0.522,0.033,-0.014,2.29,16.5,4,5,60,2.0,0.5,20,si_fly_123,SI butterfly,silver
si_si_fly_123_lb60_ez2.0_xz0.5_mh40,2129,0.24,0.03,0.146,0.198,-0.27,45,0.533,0.031,-0.025,1.26,27.9,4,5,60,2.0,0.5,40,si_fly_123,SI butterfly,silver
si_si_fly_123_lb60_ez2.5_xz0.0_mh5,2129,0.16,0.02,0.138,0.138,-0.23,36,0.389,0.053,-0.019,2.74,5.4,2,4,60,2.5,0.0,5,si_fly_123,SI butterfly,silver
si_si_fly_123_lb60_ez2.5_xz0.0_mh10,2129,0.31,0.04,0.138,0.269,-0.18,32,0.5,0.048,-0.024,1.94,9.8,2,3,60,2.5,0.0,10,si_fly_123,SI butterfly,silver
si_si_fly_123_lb60_ez2.5_xz0.0_mh20,2129,0.54,0.06,0.146,0.437,-0.18,32,0.562,0.046,-0.016,2.87,16.8,3,3,60,2.5,0.0,20,si_fly_123,SI butterfly,silver
si_si_fly_123_lb60_ez2.5_xz0.0_mh40,2129,0.49,0.06,0.149,0.385,-0.19,32,0.562,0.048,-0.025,1.89,29.6,3,3,60,2.5,0.0,40,si_fly_123,SI butterfly,silver
si_si_fly_123_lb60_ez2.5_xz0.5_mh5,2129,-0.01,-0.0,0.127,-0.01,-0.23,36,0.389,0.041,-0.02,2.05,5.4,2,4,60,2.5,0.5,5,si_fly_123,SI butterfly,silver
si_si_fly_123_lb60_ez2.5_xz0.5_mh10,2129,0.13,0.02,0.128,0.119,-0.19,33,0.485,0.036,-0.024,1.5,9.5,3,4,60,2.5,0.5,10,si_fly_123,SI butterfly,silver
si_si_fly_123_lb60_ez2.5_xz0.5_mh20,2129,0.35,0.04,0.136,0.301,-0.18,33,0.515,0.037,-0.015,2.52,16.6,3,4,60,2.5,0.5,20,si_fly_123,SI butterfly,silver
si_si_fly_123_lb60_ez2.5_xz0.5_mh40,2129,0.26,0.03,0.139,0.222,-0.2,33,0.545,0.036,-0.024,1.53,28.3,3,4,60,2.5,0.5,40,si_fly_123,SI butterfly,silver
si_si_fly_123_lb120_ez1.0_xz0.0_mh5,2129,-0.93,-0.11,0.2,-0.553,-1.08,218,0.092,0.032,-0.003,9.44,1.8,4,58,120,1.0,0.0,5,si_fly_123,SI butterfly,silver
si_si_fly_123_lb120_ez1.0_xz0.0_mh10,2129,-0.15,-0.02,0.204,-0.084,-0.42,118,0.144,0.033,-0.008,4.31,4.7,2,24,120,1.0,0.0,10,si_fly_123,SI butterfly,silver
si_si_fly_123_lb120_ez1.0_xz0.0_mh20,2129,0.34,0.04,0.204,0.199,-0.29,64,0.234,0.058,-0.015,3.96,13.9,3,13,120,1.0,0.0,20,si_fly_123,SI butterfly,silver
si_si_fly_123_lb120_ez1.0_xz0.0_mh40,2129,0.59,0.07,0.204,0.344,-0.29,39,0.41,0.046,-0.036,1.28,33.5,5,8,120,1.0,0.0,40,si_fly_123,SI butterfly,silver
si_si_fly_123_lb120_ez1.0_xz0.5_mh5,2129,-0.89,-0.1,0.192,-0.546,-1.01,221,0.118,0.024,-0.003,7.77,1.8,4,58,120,1.0,0.5,5,si_fly_123,SI butterfly,silver
si_si_fly_123_lb120_ez1.0_xz0.5_mh10,2129,-0.07,-0.01,0.196,-0.042,-0.34,125,0.232,0.023,-0.007,3.53,4.8,3,18,120,1.0,0.5,10,si_fly_123,SI butterfly,silver
si_si_fly_123_lb120_ez1.0_xz0.5_mh20,2129,0.44,0.05,0.194,0.266,-0.29,73,0.397,0.031,-0.013,2.35,12.4,7,7,120,1.0,0.5,20,si_fly_123,SI butterfly,silver
si_si_fly_123_lb120_ez1.0_xz0.5_mh40,2129,0.65,0.08,0.194,0.395,-0.29,50,0.54,0.029,-0.031,0.93,26.8,6,4,120,1.0,0.5,40,si_fly_123,SI butterfly,silver
si_si_fly_123_lb120_ez1.5_xz0.0_mh5,2129,0.05,0.01,0.152,0.039,-0.34,99,0.182,0.04,-0.004,9.06,2.7,3,15,120,1.5,0.0,5,si_fly_123,SI butterfly,silver
si_si_fly_123_lb120_ez1.5_xz0.0_mh10,2129,0.5,0.06,0.153,0.383,-0.25,55,0.2,0.065,-0.006,10.74,6.0,2,12,120,1.5,0.0,10,si_fly_123,SI butterfly,silver
si_si_fly_123_lb120_ez1.5_xz0.0_mh20,2129,0.7,0.08,0.154,0.541,-0.18,30,0.333,0.086,-0.016,5.27,19.4,4,5,120,1.5,0.0,20,si_fly_123,SI butterfly,silver
si_si_fly_123_lb120_ez1.5_xz0.0_mh40,2129,0.87,0.1,0.156,0.662,-0.14,24,0.542,0.069,-0.036,1.93,41.2,5,3,120,1.5,0.0,40,si_fly_123,SI butterfly,silver
si_si_fly_123_lb120_ez1.5_xz0.5_mh5,2129,0.04,0.0,0.15,0.033,-0.32,99,0.182,0.039,-0.004,8.9,2.6,3,15,120,1.5,0.5,5,si_fly_123,SI butterfly,silver
si_si_fly_123_lb120_ez1.5_xz0.5_mh10,2129,0.53,0.06,0.151,0.414,-0.21,56,0.25,0.05,-0.006,8.94,5.8,2,11,120,1.5,0.5,10,si_fly_123,SI butterfly,silver
si_si_fly_123_lb120_ez1.5_xz0.5_mh20,2129,0.74,0.09,0.151,0.576,-0.13,32,0.406,0.065,-0.014,4.82,17.6,4,5,120,1.5,0.5,20,si_fly_123,SI butterfly,silver
si_si_fly_123_lb120_ez1.5_xz0.5_mh40,2129,0.92,0.11,0.151,0.724,-0.1,27,0.593,0.058,-0.034,1.71,34.3,6,2,120,1.5,0.5,40,si_fly_123,SI butterfly,silver
si_si_fly_123_lb120_ez2.0_xz0.0_mh5,2129,-0.03,-0.0,0.082,-0.041,-0.27,42,0.214,0.032,-0.005,6.35,3.4,2,11,120,2.0,0.0,5,si_fly_123,SI butterfly,silver
si_si_fly_123_lb120_ez2.0_xz0.0_mh10,2129,0.19,0.02,0.083,0.269,-0.18,22,0.273,0.045,-0.013,3.45,11.9,1,8,120,2.0,0.0,10,si_fly_123,SI butterfly,silver
si_si_fly_123_lb120_ez2.0_xz0.0_mh20,2129,0.37,0.04,0.082,0.537,-0.12,20,0.45,0.06,-0.013,4.71,23.6,3,6,120,2.0,0.0,20,si_fly_123,SI butterfly,silver
si_si_fly_123_lb120_ez2.0_xz0.0_mh40,2129,0.23,0.03,0.085,0.319,-0.16,18,0.444,0.053,-0.032,1.65,42.9,3,3,120,2.0,0.0,40,si_fly_123,SI butterfly,silver
si_si_fly_123_lb120_ez2.0_xz0.5_mh5,2129,-0.03,-0.0,0.079,-0.037,-0.25,42,0.214,0.032,-0.005,6.42,3.1,2,11,120,2.0,0.5,5,si_fly_123,SI butterfly,silver
si_si_fly_123_lb120_ez2.0_xz0.5_mh10,2129,0.19,0.02,0.08,0.282,-0.16,23,0.348,0.035,-0.012,3.0,10.3,3,8,120,2.0,0.5,10,si_fly_123,SI butterfly,silver
si_si_fly_123_lb120_ez2.0_xz0.5_mh20,2129,0.35,0.04,0.08,0.515,-0.12,21,0.476,0.051,-0.013,4.03,21.0,3,6,120,2.0,0.5,20,si_fly_123,SI butterfly,silver
si_si_fly_123_lb120_ez2.0_xz0.5_mh40,2129,0.21,0.03,0.082,0.306,-0.16,19,0.474,0.045,-0.032,1.41,38.9,3,3,120,2.0,0.5,40,si_fly_123,SI butterfly,silver
si_si_fly_123_lb120_ez2.5_xz0.0_mh5,2129,0.18,0.02,0.074,0.297,-0.13,24,0.333,0.034,-0.008,4.17,4.7,3,6,120,2.5,0.0,5,si_fly_123,SI butterfly,silver
si_si_fly_123_lb120_ez2.5_xz0.0_mh10,2129,0.22,0.03,0.075,0.345,-0.11,16,0.25,0.051,-0.016,3.09,12.8,1,6,120,2.5,0.0,10,si_fly_123,SI butterfly,silver
si_si_fly_123_lb120_ez2.5_xz0.0_mh20,2129,0.29,0.03,0.075,0.462,-0.1,16,0.375,0.07,-0.013,5.44,23.6,2,6,120,2.5,0.0,20,si_fly_123,SI butterfly,silver
si_si_fly_123_lb120_ez2.5_xz0.0_mh40,2129,0.15,0.02,0.08,0.218,-0.16,15,0.4,0.052,-0.032,1.61,45.5,2,3,120,2.5,0.0,40,si_fly_123,SI butterfly,silver
si_si_fly_123_lb120_ez2.5_xz0.5_mh5,2129,0.17,0.02,0.072,0.278,-0.13,24,0.333,0.032,-0.008,3.92,4.6,3,6,120,2.5,0.5,5,si_fly_123,SI butterfly,silver
si_si_fly_123_lb120_ez2.5_xz0.5_mh10,2129,0.26,0.03,0.072,0.419,-0.11,17,0.353,0.042,-0.015,2.78,11.9,3,6,120,2.5,0.5,10,si_fly_123,SI butterfly,silver
si_si_fly_123_lb120_ez2.5_xz0.5_mh20,2129,0.32,0.04,0.072,0.523,-0.1,17,0.412,0.064,-0.013,4.96,21.8,3,6,120,2.5,0.5,20,si_fly_123,SI butterfly,silver
si_si_fly_123_lb120_ez2.5_xz0.5_mh40,2129,0.18,0.02,0.077,0.282,-0.16,16,0.438,0.05,-0.032,1.54,42.0,3,3,120,2.5,0.5,40,si_fly_123,SI butterfly,silver
si_si_cal_12_norm_lb20_ez1.0_xz0.0_mh5,2129,4.47,0.53,67.803,0.008,-284.33,219,0.356,5.785,-2.989,1.94,4.3,7,12,20,1.0,0.0,5,si_cal_12_norm,SI1-SI2 normalised (bps),silver
si_si_cal_12_norm_lb20_ez1.0_xz0.0_mh10,2129,199.86,23.66,72.936,0.324,-136.29,160,0.519,6.069,-5.552,1.09,8.3,8,6,20,1.0,0.0,10,si_cal_12_norm,SI1-SI2 normalised (bps),silver
si_si_cal_12_norm_lb20_ez1.0_xz0.0_mh20,2129,254.03,30.07,73.727,0.408,-128.19,132,0.621,6.428,-7.183,0.89,12.7,8,4,20,1.0,0.0,20,si_cal_12_norm,SI1-SI2 normalised (bps),silver
si_si_cal_12_norm_lb20_ez1.0_xz0.0_mh40,2129,281.71,33.34,73.782,0.452,-120.98,124,0.661,6.428,-7.155,0.9,15.0,8,4,20,1.0,0.0,40,si_cal_12_norm,SI1-SI2 normalised (bps),silver
si_si_cal_12_norm_lb20_ez1.0_xz0.5_mh5,2129,49.9,5.91,65.355,0.09,-224.85,221,0.389,5.344,-3.431,1.56,4.2,4,13,20,1.0,0.5,5,si_cal_12_norm,SI1-SI2 normalised (bps),silver
si_si_cal_12_norm_lb20_ez1.0_xz0.5_mh10,2129,134.85,15.96,66.615,0.24,-141.26,173,0.607,4.698,-6.551,0.72,7.7,9,6,20,1.0,0.5,10,si_cal_12_norm,SI1-SI2 normalised (bps),silver
si_si_cal_12_norm_lb20_ez1.0_xz0.5_mh20,2129,172.53,20.42,66.775,0.306,-127.25,161,0.652,4.76,-6.675,0.71,9.9,10,4,20,1.0,0.5,20,si_cal_12_norm,SI1-SI2 normalised (bps),silver
si_si_cal_12_norm_lb20_ez1.0_xz0.5_mh40,2129,181.42,21.47,66.77,0.322,-126.2,160,0.656,4.76,-6.819,0.7,10.4,10,4,20,1.0,0.5,40,si_cal_12_norm,SI1-SI2 normalised (bps),silver
si_si_cal_12_norm_lb20_ez1.5_xz0.0_mh5,2129,225.89,26.74,54.665,0.489,-98.67,154,0.448,7.184,-4.694,1.53,5.5,7,11,20,1.5,0.0,5,si_cal_12_norm,SI1-SI2 normalised (bps),silver
si_si_cal_12_norm_lb20_ez1.5_xz0.0_mh10,2129,254.01,30.07,60.277,0.499,-96.27,128,0.594,7.248,-6.295,1.15,9.8,9,8,20,1.5,0.0,10,si_cal_12_norm,SI1-SI2 normalised (bps),silver
si_si_cal_12_norm_lb20_ez1.5_xz0.0_mh20,2129,400.32,47.38,65.49,0.724,-92.79,117,0.675,8.132,-7.381,1.1,13.6,8,5,20,1.5,0.0,20,si_cal_12_norm,SI1-SI2 normalised (bps),silver
si_si_cal_12_norm_lb20_ez1.5_xz0.0_mh40,2129,406.07,48.06,65.53,0.733,-92.3,109,0.697,8.325,-8.044,1.03,15.8,8,5,20,1.5,0.0,40,si_cal_12_norm,SI1-SI2 normalised (bps),silver
si_si_cal_12_norm_lb20_ez1.5_xz0.5_mh5,2129,213.34,25.25,54.217,0.466,-101.22,155,0.484,6.713,-5.009,1.34,5.2,8,6,20,1.5,0.5,5,si_cal_12_norm,SI1-SI2 normalised (bps),silver
si_si_cal_12_norm_lb20_ez1.5_xz0.5_mh10,2129,231.72,27.43,56.504,0.485,-94.89,135,0.63,6.389,-6.297,1.01,8.5,10,7,20,1.5,0.5,10,si_cal_12_norm,SI1-SI2 normalised (bps),silver
si_si_cal_12_norm_lb20_ez1.5_xz0.5_mh20,2129,295.37,34.96,56.892,0.615,-87.96,131,0.687,6.305,-7.086,0.89,10.3,10,5,20,1.5,0.5,20,si_cal_12_norm,SI1-SI2 normalised (bps),silver
si_si_cal_12_norm_lb20_ez1.5_xz0.5_mh40,2129,300.56,35.58,56.908,0.625,-86.96,129,0.69,6.351,-7.254,0.88,10.8,10,5,20,1.5,0.5,40,si_cal_12_norm,SI1-SI2 normalised (bps),silver
si_si_cal_12_norm_lb20_ez2.0_xz0.0_mh5,2129,147.93,17.51,45.776,0.383,-106.54,101,0.485,8.567,-6.422,1.33,6.0,5,8,20,2.0,0.0,5,si_cal_12_norm,SI1-SI2 normalised (bps),silver
si_si_cal_12_norm_lb20_ez2.0_xz0.0_mh10,2129,201.81,23.89,53.95,0.443,-101.67,93,0.602,8.155,-7.542,1.08,9.9,10,5,20,2.0,0.0,10,si_cal_12_norm,SI1-SI2 normalised (bps),silver
si_si_cal_12_norm_lb20_ez2.0_xz0.0_mh20,2129,297.95,35.27,59.855,0.589,-83.93,88,0.67,8.873,-8.771,1.01,14.1,11,6,20,2.0,0.0,20,si_cal_12_norm,SI1-SI2 normalised (bps),silver
si_si_cal_12_norm_lb20_ez2.0_xz0.0_mh40,2129,292.96,34.68,60.057,0.577,-86.87,82,0.671,9.293,-9.182,1.01,16.5,10,5,20,2.0,0.0,40,si_cal_12_norm,SI1-SI2 normalised (bps),silver
si_si_cal_12_norm_lb20_ez2.0_xz0.5_mh5,2129,132.8,15.72,45.485,0.346,-106.36,101,0.495,8.104,-6.532,1.24,5.8,5,8,20,2.0,0.5,5,si_cal_12_norm,SI1-SI2 normalised (bps),silver
si_si_cal_12_norm_lb20_ez2.0_xz0.5_mh10,2129,167.28,19.8,49.995,0.396,-100.73,94,0.638,6.971,-8.182,0.85,9.0,9,4,20,2.0,0.5,10,si_cal_12_norm,SI1-SI2 normalised (bps),silver
si_si_cal_12_norm_lb20_ez2.0_xz0.5_mh20,2129,204.61,24.22,50.839,0.476,-78.13,92,0.674,7.018,-8.59,0.82,11.2,9,5,20,2.0,0.5,20,si_cal_12_norm,SI1-SI2 normalised (bps),silver
si_si_cal_12_norm_lb20_ez2.0_xz0.5_mh40,2129,199.5,23.61,50.945,0.464,-81.53,90,0.667,7.132,-8.52,0.84,11.8,9,5,20,2.0,0.5,40,si_cal_12_norm,SI1-SI2 normalised (bps),silver
si_si_cal_12_norm_lb20_ez2.5_xz0.0_mh5,2129,105.46,12.48,40.363,0.309,-104.46,59,0.559,10.916,-8.945,1.22,6.0,5,4,20,2.5,0.0,5,si_cal_12_norm,SI1-SI2 normalised (bps),silver
si_si_cal_12_norm_lb20_ez2.5_xz0.0_mh10,2129,180.63,21.38,48.188,0.444,-110.84,55,0.636,11.067,-10.237,1.08,9.9,11,4,20,2.5,0.0,10,si_cal_12_norm,SI1-SI2 normalised (bps),silver
si_si_cal_12_norm_lb20_ez2.5_xz0.0_mh20,2129,289.7,34.29,54.562,0.628,-69.55,55,0.709,12.444,-12.326,1.01,14.5,10,4,20,2.5,0.0,20,si_cal_12_norm,SI1-SI2 normalised (bps),silver
si_si_cal_12_norm_lb20_ez2.5_xz0.0_mh40,2129,284.56,33.68,54.787,0.615,-77.15,55,0.709,12.444,-12.647,0.98,17.3,10,4,20,2.5,0.0,40,si_cal_12_norm,SI1-SI2 normalised (bps),silver
si_si_cal_12_norm_lb20_ez2.5_xz0.5_mh5,2129,97.31,11.52,40.141,0.287,-104.46,59,0.559,10.669,-8.945,1.19,5.9,5,4,20,2.5,0.5,5,si_cal_12_norm,SI1-SI2 normalised (bps),silver
si_si_cal_12_norm_lb20_ez2.5_xz0.5_mh10,2129,166.32,19.69,43.811,0.449,-109.97,56,0.607,11.084,-9.504,1.17,9.6,8,4,20,2.5,0.5,10,si_cal_12_norm,SI1-SI2 normalised (bps),silver
si_si_cal_12_norm_lb20_ez2.5_xz0.5_mh20,2129,191.88,22.71,44.931,0.505,-78.51,56,0.679,10.46,-11.343,0.92,12.6,8,4,20,2.5,0.5,20,si_cal_12_norm,SI1-SI2 normalised (bps),silver
si_si_cal_12_norm_lb20_ez2.5_xz0.5_mh40,2129,188.14,22.27,45.053,0.494,-78.51,56,0.679,10.46,-11.551,0.91,13.3,8,4,20,2.5,0.5,40,si_cal_12_norm,SI1-SI2 normalised (bps),silver
si_si_cal_12_norm_lb60_ez1.0_xz0.0_mh5,2129,267.94,31.71,64.28,0.493,-103.33,202,0.223,7.884,-1.33,5.93,2.8,4,20,60,1.0,0.0,5,si_cal_12_norm,SI1-SI2 normalised (bps),silver
si_si_cal_12_norm_lb60_ez1.0_xz0.0_mh10,2129,408.56,48.36,67.608,0.715,-94.69,116,0.431,9.096,-2.874,3.17,7.5,8,9,60,1.0,0.0,10,si_cal_12_norm,SI1-SI2 normalised (bps),silver
si_si_cal_12_norm_lb60_ez1.0_xz0.0_mh20,2129,485.56,57.47,68.598,0.838,-95.09,77,0.584,14.55,-5.798,2.51,14.7,8,4,60,1.0,0.0,20,si_cal_12_norm,SI1-SI2 normalised (bps),silver
si_si_cal_12_norm_lb60_ez1.0_xz0.0_mh40,2129,585.78,69.34,69.77,0.994,-80.38,64,0.734,14.92,-10.532,1.42,23.0,9,2,60,1.0,0.0,40,si_cal_12_norm,SI1-SI2 normalised (bps),silver
si_si_cal_12_norm_lb60_ez1.0_xz0.5_mh5,2129,293.85,34.78,62.713,0.555,-91.67,202,0.248,7.486,-1.78,4.21,2.8,4,19,60,1.0,0.5,5,si_cal_12_norm,SI1-SI2 normalised (bps),silver
si_si_cal_12_norm_lb60_ez1.0_xz0.5_mh10,2129,371.3,43.95,62.905,0.699,-82.56,123,0.496,6.925,-3.301,2.1,7.0,8,9,60,1.0,0.5,10,si_cal_12_norm,SI1-SI2 normalised (bps),silver
si_si_cal_12_norm_lb60_ez1.0_xz0.5_mh20,2129,410.56,48.6,62.952,0.772,-86.58,91,0.692,9.376,-6.956,1.35,12.9,9,4,60,1.0,0.5,20,si_cal_12_norm,SI1-SI2 normalised (bps),silver
si_si_cal_12_norm_lb60_ez1.0_xz0.5_mh40,2129,434.75,51.46,63.07,0.816,-79.16,83,0.747,9.51,-9.96,0.95,18.1,18,4,60,1.0,0.5,40,si_cal_12_norm,SI1-SI2 normalised (bps),silver
si_si_cal_12_norm_lb60_ez1.5_xz0.0_mh5,2129,352.44,41.72,55.385,0.753,-90.05,110,0.291,10.846,-2.206,4.92,4.2,4,20,60,1.5,0.0,5,si_cal_12_norm,SI1-SI2 normalised (bps),silver
si_si_cal_12_norm_lb60_ez1.5_xz0.0_mh10,2129,483.38,57.22,59.425,0.963,-77.25,72,0.514,14.477,-4.096,3.53,9.5,5,8,60,1.5,0.0,10,si_cal_12_norm,SI1-SI2 normalised (bps),silver
si_si_cal_12_norm_lb60_ez1.5_xz0.0_mh20,2129,561.72,66.49,61.419,1.083,-80.3,54,0.648,18.864,-8.978,2.1,18.3,8,7,60,1.5,0.0,20,si_cal_12_norm,SI1-SI2 normalised (bps),silver
si_si_cal_12_norm_lb60_ez1.5_xz0.0_mh40,2129,638.96,75.63,63.146,1.198,-63.71,48,0.833,17.572,-14.492,1.21,26.2,17,2,60,1.5,0.0,40,si_cal_12_norm,SI1-SI2 normalised (bps),silver
si_si_cal_12_norm_lb60_ez1.5_xz0.5_mh5,2129,388.92,46.03,53.81,0.856,-54.46,110,0.3,11.146,-2.234,4.99,4.1,4,19,60,1.5,0.5,5,si_cal_12_norm,SI1-SI2 normalised (bps),silver
si_si_cal_12_norm_lb60_ez1.5_xz0.5_mh10,2129,454.94,53.85,55.757,0.966,-47.49,72,0.528,13.216,-4.233,3.12,9.3,5,7,60,1.5,0.5,10,si_cal_12_norm,SI1-SI2 normalised (bps),silver
si_si_cal_12_norm_lb60_ez1.5_xz0.5_mh20,2129,505.21,59.8,56.47,1.059,-46.5,58,0.724,14.329,-7.547,1.9,16.7,9,4,60,1.5,0.5,20,si_cal_12_norm,SI1-SI2 normalised (bps),silver
si_si_cal_12_norm_lb60_ez1.5_xz0.5_mh40,2129,510.0,60.37,56.566,1.067,-48.55,55,0.8,13.52,-10.568,1.28,23.3,21,2,60,1.5,0.5,40,si_cal_12_norm,SI1-SI2 normalised (bps),silver
si_si_cal_12_norm_lb60_ez2.0_xz0.0_mh5,2129,254.49,30.12,47.314,0.637,-76.75,56,0.375,17.399,-3.239,5.37,4.8,4,8,60,2.0,0.0,5,si_cal_12_norm,SI1-SI2 normalised (bps),silver
si_si_cal_12_norm_lb60_ez2.0_xz0.0_mh10,2129,308.79,36.55,52.727,0.693,-81.6,42,0.524,19.171,-5.116,3.75,10.8,6,5,60,2.0,0.0,10,si_cal_12_norm,SI1-SI2 normalised (bps),silver
si_si_cal_12_norm_lb60_ez2.0_xz0.0_mh20,2129,372.28,44.07,53.606,0.822,-82.86,36,0.639,20.098,-11.284,1.78,20.5,7,5,60,2.0,0.0,20,si_cal_12_norm,SI1-SI2 normalised (bps),silver
si_si_cal_12_norm_lb60_ez2.0_xz0.0_mh40,2129,393.65,46.59,55.07,0.846,-85.47,34,0.706,19.658,-11.592,1.7,32.6,10,4,60,2.0,0.0,40,si_cal_12_norm,SI1-SI2 normalised (bps),silver
si_si_cal_12_norm_lb60_ez2.0_xz0.5_mh5,2129,255.79,30.28,42.959,0.705,-49.07,56,0.393,15.855,-3.614,4.39,4.9,5,7,60,2.0,0.5,5,si_cal_12_norm,SI1-SI2 normalised (bps),silver
si_si_cal_12_norm_lb60_ez2.0_xz0.5_mh10,2129,297.63,35.23,48.652,0.724,-48.42,43,0.558,16.901,-5.407,3.13,10.8,4,4,60,2.0,0.5,10,si_cal_12_norm,SI1-SI2 normalised (bps),silver
si_si_cal_12_norm_lb60_ez2.0_xz0.5_mh20,2129,356.36,42.18,49.448,0.853,-46.41,39,0.718,16.057,-9.75,1.65,18.6,8,3,60,2.0,0.5,20,si_cal_12_norm,SI1-SI2 normalised (bps),silver
si_si_cal_12_norm_lb60_ez2.0_xz0.5_mh40,2129,384.44,45.5,50.327,0.904,-50.29,38,0.789,15.56,-12.827,1.21,26.4,12,3,60,2.0,0.5,40,si_cal_12_norm,SI1-SI2 normalised (bps),silver
si_si_cal_12_norm_lb60_ez2.5_xz0.0_mh5,2129,191.03,22.61,36.62,0.617,-53.03,31,0.516,18.106,-6.056,2.99,5.8,3,6,60,2.5,0.0,5,si_cal_12_norm,SI1-SI2 normalised (bps),silver
si_si_cal_12_norm_lb60_ez2.5_xz0.0_mh10,2129,158.03,18.7,40.952,0.457,-66.53,26,0.538,18.176,-7.475,2.43,11.0,6,4,60,2.5,0.0,10,si_cal_12_norm,SI1-SI2 normalised (bps),silver
si_si_cal_12_norm_lb60_ez2.5_xz0.0_mh20,2129,266.81,31.58,47.258,0.668,-74.96,26,0.615,23.182,-9.902,2.34,19.0,5,4,60,2.5,0.0,20,si_cal_12_norm,SI1-SI2 normalised (bps),silver
si_si_cal_12_norm_lb60_ez2.5_xz0.0_mh40,2129,288.55,34.15,49.068,0.696,-81.53,26,0.692,20.915,-12.442,1.68,32.2,9,3,60,2.5,0.0,40,si_cal_12_norm,SI1-SI2 normalised (bps),silver
si_si_cal_12_norm_lb60_ez2.5_xz0.5_mh5,2129,158.09,18.71,33.123,0.565,-53.03,31,0.516,15.829,-6.69,2.37,5.8,3,6,60,2.5,0.5,5,si_cal_12_norm,SI1-SI2 normalised (bps),silver
si_si_cal_12_norm_lb60_ez2.5_xz0.5_mh10,2129,144.54,17.11,36.062,0.474,-64.0,28,0.571,14.74,-7.511,1.96,10.7,3,4,60,2.5,0.5,10,si_cal_12_norm,SI1-SI2 normalised (bps),silver
si_si_cal_12_norm_lb60_ez2.5_xz0.5_mh20,2129,246.22,29.14,43.029,0.677,-52.42,28,0.679,18.363,-10.2,1.8,17.8,6,3,60,2.5,0.5,20,si_cal_12_norm,SI1-SI2 normalised (bps),silver
si_si_cal_12_norm_lb60_ez2.5_xz0.5_mh40,2129,277.27,32.82,43.839,0.749,-51.11,28,0.786,16.778,-14.09,1.19,27.2,14,3,60,2.5,0.5,40,si_cal_12_norm,SI1-SI2 normalised (bps),silver
si_si_cal_12_norm_lb120_ez1.0_xz0.0_mh5,2129,204.7,24.23,61.873,0.392,-104.16,230,0.104,13.487,-0.789,17.09,1.4,3,48,120,1.0,0.0,5,si_cal_12_norm,SI1-SI2 normalised (bps),silver
si_si_cal_12_norm_lb120_ez1.0_xz0.0_mh10,2129,379.15,44.88,64.143,0.7,-80.5,121,0.198,13.847,-1.215,11.39,4.4,3,20,120,1.0,0.0,10,si_cal_12_norm,SI1-SI2 normalised (bps),silver
si_si_cal_12_norm_lb120_ez1.0_xz0.0_mh20,2129,485.99,57.52,69.945,0.822,-83.37,63,0.317,22.226,-2.83,7.85,12.0,3,12,120,1.0,0.0,20,si_cal_12_norm,SI1-SI2 normalised (bps),silver
si_si_cal_12_norm_lb120_ez1.0_xz0.0_mh40,2129,488.06,57.77,70.242,0.822,-91.47,38,0.5,25.036,-7.017,3.57,26.6,4,8,120,1.0,0.0,40,si_cal_12_norm,SI1-SI2 normalised (bps),silver
si_si_cal_12_norm_lb120_ez1.0_xz0.5_mh5,2129,134.89,15.97,58.732,0.272,-99.03,230,0.104,10.295,-0.811,12.69,1.4,3,48,120,1.0,0.5,5,si_cal_12_norm,SI1-SI2 normalised (bps),silver
si_si_cal_12_norm_lb120_ez1.0_xz0.5_mh10,2129,275.11,32.56,58.974,0.552,-80.5,121,0.223,10.368,-1.275,8.13,4.5,4,20,120,1.0,0.5,10,si_cal_12_norm,SI1-SI2 normalised (bps),silver
si_si_cal_12_norm_lb120_ez1.0_xz0.5_mh20,2129,330.19,39.08,59.139,0.661,-74.68,67,0.418,14.288,-3.173,4.5,12.7,7,7,120,1.0,0.5,20,si_cal_12_norm,SI1-SI2 normalised (bps),silver
si_si_cal_12_norm_lb120_ez1.0_xz0.5_mh40,2129,351.86,41.65,59.128,0.704,-73.68,44,0.705,14.787,-9.341,1.58,28.0,14,3,120,1.0,0.5,40,si_cal_12_norm,SI1-SI2 normalised (bps),silver
si_si_cal_12_norm_lb120_ez1.5_xz0.0_mh5,2129,196.1,23.21,58.16,0.399,-90.07,126,0.127,17.026,-1.472,11.57,2.2,3,29,120,1.5,0.0,5,si_cal_12_norm,SI1-SI2 normalised (bps),silver
si_si_cal_12_norm_lb120_ez1.5_xz0.0_mh10,2129,274.72,32.52,59.453,0.547,-81.02,65,0.277,13.667,-2.305,5.93,7.6,4,12,120,1.5,0.0,10,si_cal_12_norm,SI1-SI2 normalised (bps),silver
si_si_cal_12_norm_lb120_ez1.5_xz0.0_mh20,2129,358.23,42.4,61.019,0.695,-77.6,40,0.425,20.919,-4.71,4.44,21.1,6,7,120,1.5,0.0,20,si_cal_12_norm,SI1-SI2 normalised (bps),silver
si_si_cal_12_norm_lb120_ez1.5_xz0.0_mh40,2129,384.76,45.54,61.238,0.744,-62.6,30,0.567,24.86,-11.585,2.15,40.9,5,3,120,1.5,0.0,40,si_cal_12_norm,SI1-SI2 normalised (bps),silver
si_si_cal_12_norm_lb120_ez1.5_xz0.5_mh5,2129,119.46,14.14,51.264,0.276,-86.52,126,0.135,12.977,-1.486,8.74,2.3,3,29,120,1.5,0.5,5,si_cal_12_norm,SI1-SI2 normalised (bps),silver
si_si_cal_12_norm_lb120_ez1.5_xz0.5_mh10,2129,198.07,23.45,52.733,0.445,-81.02,65,0.292,9.185,-2.355,3.9,7.7,4,12,120,1.5,0.5,10,si_cal_12_norm,SI1-SI2 normalised (bps),silver
si_si_cal_12_norm_lb120_ez1.5_xz0.5_mh20,2129,243.03,28.77,53.826,0.534,-77.6,41,0.439,18.007,-4.71,3.82,21.0,6,7,120,1.5,0.5,20,si_cal_12_norm,SI1-SI2 normalised (bps),silver
si_si_cal_12_norm_lb120_ez1.5_xz0.5_mh40,2129,330.69,39.14,53.734,0.728,-62.6,33,0.667,19.328,-11.353,1.7,38.1,13,3,120,1.5,0.5,40,si_cal_12_norm,SI1-SI2 normalised (bps),silver
si_si_cal_12_norm_lb120_ez2.0_xz0.0_mh5,2129,159.5,18.88,34.274,0.551,-42.8,73,0.274,11.136,-1.463,7.61,4.1,4,17,120,2.0,0.0,5,si_cal_12_norm,SI1-SI2 normalised (bps),silver
si_si_cal_12_norm_lb120_ez2.0_xz0.0_mh10,2129,213.3,25.25,43.44,0.581,-66.52,42,0.429,12.322,-3.498,3.52,10.5,4,12,120,2.0,0.0,10,si_cal_12_norm,SI1-SI2 normalised (bps),silver
si_si_cal_12_norm_lb120_ez2.0_xz0.0_mh20,2129,277.27,32.82,47.857,0.686,-67.58,31,0.613,19.511,-7.767,2.51,23.0,5,2,120,2.0,0.0,20,si_cal_12_norm,SI1-SI2 normalised (bps),silver
si_si_cal_12_norm_lb120_ez2.0_xz0.0_mh40,2129,411.65,48.73,56.333,0.865,-61.02,26,0.654,25.673,-12.012,2.14,39.6,5,2,120,2.0,0.0,40,si_cal_12_norm,SI1-SI2 normalised (bps),silver
si_si_cal_12_norm_lb120_ez2.0_xz0.5_mh5,2129,157.67,18.66,34.257,0.545,-42.8,73,0.274,11.136,-1.463,7.61,4.1,4,17,120,2.0,0.5,5,si_cal_12_norm,SI1-SI2 normalised (bps),silver
si_si_cal_12_norm_lb120_ez2.0_xz0.5_mh10,2129,224.12,26.53,43.136,0.615,-66.52,42,0.429,12.221,-3.498,3.49,10.4,4,12,120,2.0,0.5,10,si_cal_12_norm,SI1-SI2 normalised (bps),silver
si_si_cal_12_norm_lb120_ez2.0_xz0.5_mh20,2129,267.03,31.61,47.11,0.671,-67.58,31,0.645,17.87,-8.193,2.18,22.7,5,2,120,2.0,0.5,20,si_cal_12_norm,SI1-SI2 normalised (bps),silver
si_si_cal_12_norm_lb120_ez2.0_xz0.5_mh40,2129,326.35,38.63,48.53,0.796,-61.02,28,0.714,20.403,-11.754,1.74,37.8,10,2,120,2.0,0.5,40,si_cal_12_norm,SI1-SI2 normalised (bps),silver
si_si_cal_12_norm_lb120_ez2.5_xz0.0_mh5,2129,115.23,13.64,35.424,0.385,-70.06,33,0.333,17.508,-3.485,5.02,4.6,8,12,120,2.5,0.0,5,si_cal_12_norm,SI1-SI2 normalised (bps),silver
si_si_cal_12_norm_lb120_ez2.5_xz0.0_mh10,2129,148.7,17.6,38.338,0.459,-62.91,22,0.455,19.303,-4.46,4.33,12.6,8,6,120,2.5,0.0,10,si_cal_12_norm,SI1-SI2 normalised (bps),silver
si_si_cal_12_norm_lb120_ez2.5_xz0.0_mh20,2129,243.05,28.77,48.247,0.596,-69.37,19,0.579,21.911,-8.83,2.48,23.7,5,2,120,2.5,0.0,20,si_cal_12_norm,SI1-SI2 normalised (bps),silver
si_si_cal_12_norm_lb120_ez2.5_xz0.0_mh40,2129,279.51,33.08,50.229,0.659,-58.46,18,0.611,25.21,-12.862,1.96,43.6,5,2,120,2.5,0.0,40,si_cal_12_norm,SI1-SI2 normalised (bps),silver
si_si_cal_12_norm_lb120_ez2.5_xz0.5_mh5,2129,115.23,13.64,35.424,0.385,-70.06,33,0.333,17.508,-3.485,5.02,4.6,8,12,120,2.5,0.5,5,si_cal_12_norm,SI1-SI2 normalised (bps),silver
si_si_cal_12_norm_lb120_ez2.5_xz0.5_mh10,2129,146.87,17.38,38.322,0.454,-62.91,22,0.455,19.12,-4.46,4.29,12.5,8,6,120,2.5,0.5,10,si_cal_12_norm,SI1-SI2 normalised (bps),silver
si_si_cal_12_norm_lb120_ez2.5_xz0.5_mh20,2129,180.83,21.4,39.415,0.543,-59.09,21,0.619,18.751,-7.867,2.38,23.1,7,2,120,2.5,0.5,20,si_cal_12_norm,SI1-SI2 normalised (bps),silver
si_si_cal_12_norm_lb120_ez2.5_xz0.5_mh40,2129,212.78,25.19,41.782,0.603,-58.46,20,0.7,19.849,-13.731,1.45,40.4,9,2,120,2.5,0.5,40,si_cal_12_norm,SI1-SI2 normalised (bps),silver
si_si_fly_123_norm_lb20_ez1.0_xz0.0_mh5,2129,509.03,60.25,80.785,0.746,-140.8,235,0.43,7.048,-2.894,2.44,4.1,10,11,20,1.0,0.0,5,si_fly_123_norm,SI butterfly normalised (bps),silver
si_si_fly_123_norm_lb20_ez1.0_xz0.0_mh10,2129,549.34,65.02,82.077,0.792,-130.88,173,0.595,7.207,-6.131,1.18,7.6,10,6,20,1.0,0.0,10,si_fly_123_norm,SI butterfly normalised (bps),silver
si_si_fly_123_norm_lb20_ez1.0_xz0.0_mh20,2129,613.85,72.66,84.211,0.863,-128.69,150,0.707,7.067,-7.422,0.95,10.5,14,5,20,1.0,0.0,20,si_fly_123_norm,SI butterfly normalised (bps),silver
si_si_fly_123_norm_lb20_ez1.0_xz0.0_mh40,2129,638.32,75.55,84.237,0.897,-131.34,146,0.733,7.089,-7.869,0.9,11.2,14,5,20,1.0,0.0,40,si_fly_123_norm,SI butterfly normalised (bps),silver
si_si_fly_123_norm_lb20_ez1.0_xz0.5_mh5,2129,464.14,54.94,77.759,0.707,-147.0,249,0.51,6.064,-3.64,1.67,3.8,16,12,20,1.0,0.5,5,si_fly_123_norm,SI butterfly normalised (bps),silver
si_si_fly_123_norm_lb20_ez1.0_xz0.5_mh10,2129,557.96,66.04,77.709,0.85,-138.42,210,0.657,6.081,-5.49,1.11,6.0,16,7,20,1.0,0.5,10,si_fly_123_norm,SI butterfly normalised (bps),silver
si_si_fly_123_norm_lb20_ez1.0_xz0.5_mh20,2129,664.62,78.67,78.44,1.003,-131.08,201,0.716,5.977,-5.189,1.15,7.2,18,5,20,1.0,0.5,20,si_fly_123_norm,SI butterfly normalised (bps),silver
si_si_fly_123_norm_lb20_ez1.0_xz0.5_mh40,2129,667.06,78.96,78.451,1.006,-132.07,200,0.72,5.977,-5.166,1.16,7.3,18,4,20,1.0,0.5,40,si_fly_123_norm,SI butterfly normalised (bps),silver
si_si_fly_123_norm_lb20_ez1.5_xz0.0_mh5,2129,506.08,59.9,75.756,0.791,-137.4,162,0.537,8.115,-6.314,1.29,5.2,7,7,20,1.5,0.0,5,si_fly_123_norm,SI butterfly normalised (bps),silver
si_si_fly_123_norm_lb20_ez1.5_xz0.0_mh10,2129,454.27,53.77,77.366,0.695,-126.68,138,0.674,8.787,-7.493,1.17,8.4,9,4,20,1.5,0.0,10,si_fly_123_norm,SI butterfly normalised (bps),silver
si_si_fly_123_norm_lb20_ez1.5_xz0.0_mh20,2129,543.13,64.29,80.96,0.794,-123.04,124,0.766,8.515,-9.842,0.87,11.7,16,4,20,1.5,0.0,20,si_fly_123_norm,SI butterfly normalised (bps),silver
si_si_fly_123_norm_lb20_ez1.5_xz0.0_mh40,2129,565.36,66.92,81.01,0.826,-128.26,122,0.803,8.419,-12.066,0.7,12.6,16,2,20,1.5,0.0,40,si_fly_123_norm,SI butterfly normalised (bps),silver
si_si_fly_123_norm_lb20_ez1.5_xz0.5_mh5,2129,492.98,58.35,72.079,0.81,-130.3,172,0.599,7.191,-6.799,1.06,4.5,12,7,20,1.5,0.5,5,si_fly_123_norm,SI butterfly normalised (bps),silver
si_si_fly_123_norm_lb20_ez1.5_xz0.5_mh10,2129,488.98,57.88,72.699,0.796,-121.87,156,0.712,7.056,-6.718,1.05,6.7,12,4,20,1.5,0.5,10,si_fly_123_norm,SI butterfly normalised (bps),silver
si_si_fly_123_norm_lb20_ez1.5_xz0.5_mh20,2129,567.3,67.15,73.153,0.918,-117.02,150,0.78,6.763,-7.401,0.91,8.1,22,4,20,1.5,0.5,20,si_fly_123_norm,SI butterfly normalised (bps),silver
si_si_fly_123_norm_lb20_ez1.5_xz0.5_mh40,2129,568.58,67.3,73.171,0.92,-119.17,150,0.787,6.737,-7.792,0.86,8.2,22,3,20,1.5,0.5,40,si_fly_123_norm,SI butterfly normalised (bps),silver
si_si_fly_123_norm_lb20_ez2.0_xz0.0_mh5,2129,306.21,36.24,57.677,0.628,-78.85,109,0.56,8.694,-5.808,1.5,6.0,8,6,20,2.0,0.0,5,si_fly_123_norm,SI butterfly normalised (bps),silver
si_si_fly_123_norm_lb20_ez2.0_xz0.0_mh10,2129,304.34,36.02,65.493,0.55,-80.02,99,0.687,9.359,-9.479,0.99,9.7,8,5,20,2.0,0.0,10,si_fly_123_norm,SI butterfly normalised (bps),silver
si_si_fly_123_norm_lb20_ez2.0_xz0.0_mh20,2129,436.99,51.72,68.515,0.755,-72.63,95,0.768,9.616,-11.937,0.81,13.5,12,5,20,2.0,0.0,20,si_fly_123_norm,SI butterfly normalised (bps),silver
si_si_fly_123_norm_lb20_ez2.0_xz0.0_mh40,2129,449.78,53.24,68.57,0.776,-75.07,92,0.793,9.715,-13.803,0.7,15.0,12,4,20,2.0,0.0,40,si_fly_123_norm,SI butterfly normalised (bps),silver
si_si_fly_123_norm_lb20_ez2.0_xz0.5_mh5,2129,277.85,32.89,53.031,0.62,-94.41,116,0.603,7.982,-6.015,1.33,5.3,14,5,20,2.0,0.5,5,si_fly_123_norm,SI butterfly normalised (bps),silver
si_si_fly_123_norm_lb20_ez2.0_xz0.5_mh10,2129,383.7,45.42,58.991,0.77,-95.85,108,0.731,8.134,-8.95,0.91,8.1,9,3,20,2.0,0.5,10,si_fly_123_norm,SI butterfly normalised (bps),silver
si_si_fly_123_norm_lb20_ez2.0_xz0.5_mh20,2129,447.98,53.02,59.517,0.891,-83.75,108,0.815,7.54,-11.039,0.68,9.7,23,3,20,2.0,0.5,20,si_fly_123_norm,SI butterfly normalised (bps),silver
si_si_fly_123_norm_lb20_ez2.0_xz0.5_mh40,2129,441.55,52.26,59.51,0.878,-83.75,107,0.822,7.54,-11.958,0.63,9.9,23,3,20,2.0,0.5,40,si_fly_123_norm,SI butterfly normalised (bps),silver
si_si_fly_123_norm_lb20_ez2.5_xz0.0_mh5,2129,222.71,26.36,46.164,0.571,-71.76,66,0.53,10.323,-6.415,1.61,6.1,8,8,20,2.5,0.0,5,si_fly_123_norm,SI butterfly normalised (bps),silver
si_si_fly_123_norm_lb20_ez2.5_xz0.0_mh10,2129,229.84,27.21,51.218,0.531,-84.93,63,0.619,11.389,-8.94,1.27,10.3,8,4,20,2.5,0.0,10,si_fly_123_norm,SI butterfly normalised (bps),silver
si_si_fly_123_norm_lb20_ez2.5_xz0.0_mh20,2129,349.28,41.34,54.56,0.758,-68.9,63,0.73,10.984,-10.147,1.08,16.0,8,4,20,2.5,0.0,20,si_fly_123_norm,SI butterfly normalised (bps),silver
si_si_fly_123_norm_lb20_ez2.5_xz0.0_mh40,2129,339.08,40.14,54.711,0.734,-85.47,63,0.73,11.142,-11.174,1.0,17.8,8,4,20,2.5,0.0,40,si_fly_123_norm,SI butterfly normalised (bps),silver
si_si_fly_123_norm_lb20_ez2.5_xz0.5_mh5,2129,151.33,17.91,42.324,0.423,-104.84,66,0.545,9.57,-6.672,1.43,6.0,9,8,20,2.5,0.5,5,si_fly_123_norm,SI butterfly normalised (bps),silver
si_si_fly_123_norm_lb20_ez2.5_xz0.5_mh10,2129,215.35,25.49,45.847,0.556,-86.4,64,0.656,9.869,-9.847,1.0,9.6,9,3,20,2.5,0.5,10,si_fly_123_norm,SI butterfly normalised (bps),silver
si_si_fly_123_norm_lb20_ez2.5_xz0.5_mh20,2129,273.97,32.43,46.231,0.701,-71.54,64,0.766,8.707,-11.379,0.77,12.4,18,4,20,2.5,0.5,20,si_fly_123_norm,SI butterfly normalised (bps),silver
si_si_fly_123_norm_lb20_ez2.5_xz0.5_mh40,2129,261.87,31.0,46.282,0.67,-81.66,64,0.766,8.707,-12.186,0.71,12.8,18,4,20,2.5,0.5,40,si_fly_123_norm,SI butterfly normalised (bps),silver
si_si_fly_123_norm_lb60_ez1.0_xz0.0_mh5,2129,361.82,42.83,78.595,0.545,-151.02,230,0.2,11.926,-1.259,9.47,2.3,5,22,60,1.0,0.0,5,si_fly_123_norm,SI butterfly normalised (bps),silver
si_si_fly_123_norm_lb60_ez1.0_xz0.0_mh10,2129,370.73,43.88,82.392,0.533,-122.52,129,0.341,12.99,-3.057,4.25,5.7,8,11,60,1.0,0.0,10,si_fly_123_norm,SI butterfly normalised (bps),silver
si_si_fly_123_norm_lb60_ez1.0_xz0.0_mh20,2129,457.05,54.1,84.368,0.641,-118.24,84,0.5,13.6,-4.242,3.21,12.4,7,5,60,1.0,0.0,20,si_fly_123_norm,SI butterfly normalised (bps),silver
si_si_fly_123_norm_lb60_ez1.0_xz0.0_mh40,2129,488.74,57.85,85.39,0.677,-118.24,64,0.656,13.819,-10.609,1.3,22.8,8,4,60,1.0,0.0,40,si_fly_123_norm,SI butterfly normalised (bps),silver
si_si_fly_123_norm_lb60_ez1.0_xz0.5_mh5,2129,408.45,48.35,75.71,0.639,-155.74,233,0.223,11.063,-1.086,10.18,2.2,5,22,60,1.0,0.5,5,si_fly_123_norm,SI butterfly normalised (bps),silver
si_si_fly_123_norm_lb60_ez1.0_xz0.5_mh10,2129,443.33,52.47,79.217,0.662,-128.18,134,0.388,11.938,-2.638,4.53,5.1,6,11,60,1.0,0.5,10,si_fly_123_norm,SI butterfly normalised (bps),silver
si_si_fly_123_norm_lb60_ez1.0_xz0.5_mh20,2129,528.1,62.51,80.815,0.773,-118.4,96,0.604,10.866,-3.044,3.57,9.9,9,4,60,1.0,0.5,20,si_fly_123_norm,SI butterfly normalised (bps),silver
si_si_fly_123_norm_lb60_ez1.0_xz0.5_mh40,2129,567.4,67.16,80.838,0.831,-118.24,78,0.718,11.288,-8.574,1.32,17.3,9,3,60,1.0,0.5,40,si_fly_123_norm,SI butterfly normalised (bps),silver
si_si_fly_123_norm_lb60_ez1.5_xz0.0_mh5,2129,435.56,51.55,64.26,0.802,-114.75,120,0.325,14.142,-3.333,4.24,3.7,5,11,60,1.5,0.0,5,si_fly_123_norm,SI butterfly normalised (bps),silver
si_si_fly_123_norm_lb60_ez1.5_xz0.0_mh10,2129,552.9,65.44,69.628,0.94,-110.93,74,0.568,16.776,-5.747,2.92,10.0,5,4,60,1.5,0.0,10,si_fly_123_norm,SI butterfly normalised (bps),silver
si_si_fly_123_norm_lb60_ez1.5_xz0.0_mh20,2129,576.25,68.21,71.295,0.957,-110.93,64,0.734,14.242,-6.83,2.09,17.7,9,4,60,1.5,0.0,20,si_fly_123_norm,SI butterfly normalised (bps),silver
si_si_fly_123_norm_lb60_ez1.5_xz0.0_mh40,2129,523.23,61.93,77.055,0.804,-115.39,57,0.649,16.961,-11.067,1.53,28.8,8,3,60,1.5,0.0,40,si_fly_123_norm,SI butterfly normalised (bps),silver
si_si_fly_123_norm_lb60_ez1.5_xz0.5_mh5,2129,427.51,50.6,63.945,0.791,-114.75,120,0.333,13.578,-3.463,3.92,3.6,5,11,60,1.5,0.5,5,si_fly_123_norm,SI butterfly normalised (bps),silver
si_si_fly_123_norm_lb60_ez1.5_xz0.5_mh10,2129,549.98,65.1,69.199,0.941,-110.93,75,0.573,16.394,-5.531,2.96,9.3,5,4,60,1.5,0.5,10,si_fly_123_norm,SI butterfly normalised (bps),silver
si_si_fly_123_norm_lb60_ez1.5_xz0.5_mh20,2129,553.54,65.52,70.588,0.928,-110.93,66,0.727,13.473,-6.451,2.09,15.8,7,4,60,1.5,0.5,20,si_fly_123_norm,SI butterfly normalised (bps),silver
si_si_fly_123_norm_lb60_ez1.5_xz0.5_mh40,2129,477.61,56.53,71.764,0.788,-121.36,60,0.683,14.383,-11.493,1.25,25.0,7,3,60,1.5,0.5,40,si_fly_123_norm,SI butterfly normalised (bps),silver
si_si_fly_123_norm_lb60_ez2.0_xz0.0_mh5,2129,302.81,35.84,55.15,0.65,-111.93,56,0.464,14.875,-6.738,2.21,5.2,4,5,60,2.0,0.0,5,si_fly_123_norm,SI butterfly normalised (bps),silver
si_si_fly_123_norm_lb60_ez2.0_xz0.0_mh10,2129,395.28,46.79,61.273,0.764,-110.93,45,0.644,16.75,-7.466,2.24,10.2,4,2,60,2.0,0.0,10,si_fly_123_norm,SI butterfly normalised (bps),silver
si_si_fly_123_norm_lb60_ez2.0_xz0.0_mh20,2129,378.02,44.74,62.755,0.713,-110.93,42,0.714,14.081,-5.093,2.76,17.9,5,3,60,2.0,0.0,20,si_fly_123_norm,SI butterfly normalised (bps),silver
si_si_fly_123_norm_lb60_ez2.0_xz0.0_mh40,2129,313.86,37.15,64.611,0.575,-110.93,41,0.634,14.259,-10.022,1.42,31.6,5,2,60,2.0,0.0,40,si_fly_123_norm,SI butterfly normalised (bps),silver
si_si_fly_123_norm_lb60_ez2.0_xz0.5_mh5,2129,299.23,35.42,55.107,0.643,-111.93,56,0.464,14.737,-6.738,2.19,5.0,4,5,60,2.0,0.5,5,si_fly_123_norm,SI butterfly normalised (bps),silver
si_si_fly_123_norm_lb60_ez2.0_xz0.5_mh10,2129,384.04,45.46,61.194,0.743,-110.93,45,0.644,16.363,-7.466,2.19,9.7,4,2,60,2.0,0.5,10,si_fly_123_norm,SI butterfly normalised (bps),silver
si_si_fly_123_norm_lb60_ez2.0_xz0.5_mh20,2129,360.31,42.65,62.67,0.681,-110.93,42,0.714,13.491,-5.093,2.65,17.1,5,3,60,2.0,0.5,20,si_fly_123_norm,SI butterfly normalised (bps),silver
si_si_fly_123_norm_lb60_ez2.0_xz0.5_mh40,2129,285.03,33.74,64.478,0.523,-110.93,41,0.634,13.295,-10.022,1.33,30.7,5,2,60,2.0,0.5,40,si_fly_123_norm,SI butterfly normalised (bps),silver
si_si_fly_123_norm_lb60_ez2.5_xz0.0_mh5,2129,87.22,10.32,47.177,0.219,-111.93,32,0.5,13.835,-11.59,1.19,5.9,5,3,60,2.5,0.0,5,si_fly_123_norm,SI butterfly normalised (bps),silver
si_si_fly_123_norm_lb60_ez2.5_xz0.0_mh10,2129,115.46,13.67,47.401,0.288,-110.93,30,0.567,14.315,-9.304,1.54,10.5,6,3,60,2.5,0.0,10,si_fly_123_norm,SI butterfly normalised (bps),silver
si_si_fly_123_norm_lb60_ez2.5_xz0.0_mh20,2129,224.46,26.57,58.391,0.455,-110.93,30,0.667,14.268,-5.426,2.63,18.3,7,3,60,2.5,0.0,20,si_fly_123_norm,SI butterfly normalised (bps),silver
si_si_fly_123_norm_lb60_ez2.5_xz0.0_mh40,2129,198.24,23.46,59.858,0.392,-110.93,30,0.667,15.212,-10.783,1.41,32.8,9,2,60,2.5,0.0,40,si_fly_123_norm,SI butterfly normalised (bps),silver
si_si_fly_123_norm_lb60_ez2.5_xz0.5_mh5,2129,85.15,10.08,47.15,0.214,-111.93,32,0.5,13.705,-11.59,1.18,5.8,5,3,60,2.5,0.5,5,si_fly_123_norm,SI butterfly normalised (bps),silver
si_si_fly_123_norm_lb60_ez2.5_xz0.5_mh10,2129,105.32,12.47,47.328,0.263,-110.93,30,0.567,13.718,-9.304,1.47,10.3,6,3,60,2.5,0.5,10,si_fly_123_norm,SI butterfly normalised (bps),silver
si_si_fly_123_norm_lb60_ez2.5_xz0.5_mh20,2129,214.32,25.37,58.333,0.435,-110.93,30,0.667,13.761,-5.426,2.54,18.1,7,3,60,2.5,0.5,20,si_fly_123_norm,SI butterfly normalised (bps),silver
si_si_fly_123_norm_lb60_ez2.5_xz0.5_mh40,2129,176.99,20.95,59.747,0.351,-110.93,30,0.667,14.186,-10.783,1.32,32.3,9,2,60,2.5,0.5,40,si_fly_123_norm,SI butterfly normalised (bps),silver
si_si_fly_123_norm_lb120_ez1.0_xz0.0_mh5,2129,501.54,59.36,77.328,0.768,-77.29,216,0.167,11.377,-0.866,13.14,2.0,4,30,120,1.0,0.0,5,si_fly_123_norm,SI butterfly normalised (bps),silver
si_si_fly_123_norm_lb120_ez1.0_xz0.0_mh10,2129,443.56,52.5,79.588,0.66,-85.41,114,0.211,13.122,-2.167,6.06,5.1,3,10,120,1.0,0.0,10,si_fly_123_norm,SI butterfly normalised (bps),silver
si_si_fly_123_norm_lb120_ez1.0_xz0.0_mh20,2129,499.36,59.11,81.808,0.723,-69.03,62,0.371,20.502,-5.143,3.99,14.5,4,12,120,1.0,0.0,20,si_fly_123_norm,SI butterfly normalised (bps),silver
si_si_fly_123_norm_lb120_ez1.0_xz0.0_mh40,2129,555.79,65.79,81.548,0.807,-68.03,38,0.447,26.452,-10.328,2.56,34.6,6,8,120,1.0,0.0,40,si_fly_123_norm,SI butterfly normalised (bps),silver
si_si_fly_123_norm_lb120_ez1.0_xz0.5_mh5,2129,540.08,63.93,74.041,0.863,-70.21,219,0.187,10.555,-0.747,14.13,2.0,5,30,120,1.0,0.5,5,si_fly_123_norm,SI butterfly normalised (bps),silver
si_si_fly_123_norm_lb120_ez1.0_xz0.5_mh10,2129,558.02,66.05,75.001,0.881,-66.21,121,0.306,11.823,-1.574,7.51,5.1,6,10,120,1.0,0.5,10,si_fly_123_norm,SI butterfly normalised (bps),silver
si_si_fly_123_norm_lb120_ez1.0_xz0.5_mh20,2129,667.89,79.06,75.987,1.04,-64.21,74,0.514,15.704,-3.519,4.46,12.6,7,8,120,1.0,0.5,20,si_fly_123_norm,SI butterfly normalised (bps),silver
si_si_fly_123_norm_lb120_ez1.0_xz0.5_mh40,2129,673.22,79.69,76.106,1.047,-63.21,51,0.647,16.285,-11.332,1.44,27.0,14,4,120,1.0,0.5,40,si_fly_123_norm,SI butterfly normalised (bps),silver
si_si_fly_123_norm_lb120_ez1.5_xz0.0_mh5,2129,265.82,31.46,55.472,0.567,-58.97,93,0.204,13.087,-1.616,8.1,2.7,4,14,120,1.5,0.0,5,si_fly_123_norm,SI butterfly normalised (bps),silver
si_si_fly_123_norm_lb120_ez1.5_xz0.0_mh10,2129,337.31,39.93,60.534,0.66,-85.51,49,0.265,21.561,-3.017,7.15,6.7,6,11,120,1.5,0.0,10,si_fly_123_norm,SI butterfly normalised (bps),silver
si_si_fly_123_norm_lb120_ez1.5_xz0.0_mh20,2129,340.92,40.35,61.423,0.657,-78.51,26,0.462,31.961,-7.882,4.05,21.3,5,5,120,1.5,0.0,20,si_fly_123_norm,SI butterfly normalised (bps),silver
si_si_fly_123_norm_lb120_ez1.5_xz0.0_mh40,2129,345.53,40.9,63.332,0.646,-67.09,22,0.5,34.09,-11.88,2.87,43.4,4,3,120,1.5,0.0,40,si_fly_123_norm,SI butterfly normalised (bps),silver
si_si_fly_123_norm_lb120_ez1.5_xz0.5_mh5,2129,271.66,32.16,54.865,0.586,-57.72,93,0.204,13.08,-1.616,8.1,2.6,4,14,120,1.5,0.5,5,si_fly_123_norm,SI butterfly normalised (bps),silver
si_si_fly_123_norm_lb120_ez1.5_xz0.5_mh10,2129,369.19,43.7,58.898,0.742,-63.0,50,0.32,18.224,-2.752,6.62,6.5,6,7,120,1.5,0.5,10,si_fly_123_norm,SI butterfly normalised (bps),silver
si_si_fly_123_norm_lb120_ez1.5_xz0.5_mh20,2129,378.65,44.82,59.267,0.756,-61.0,28,0.571,25.121,-6.928,3.63,18.8,5,3,120,1.5,0.5,20,si_fly_123_norm,SI butterfly normalised (bps),silver
si_si_fly_123_norm_lb120_ez1.5_xz0.5_mh40,2129,409.56,48.48,59.368,0.817,-60.0,25,0.6,28.632,-12.114,2.36,35.5,5,2,120,1.5,0.5,40,si_fly_123_norm,SI butterfly normalised (bps),silver
si_si_fly_123_norm_lb120_ez2.0_xz0.0_mh5,2129,193.12,22.86,44.151,0.518,-48.08,41,0.268,12.666,-1.693,7.48,3.9,3,9,120,2.0,0.0,5,si_fly_123_norm,SI butterfly normalised (bps),silver
si_si_fly_123_norm_lb120_ez2.0_xz0.0_mh10,2129,205.57,24.33,44.896,0.542,-48.08,22,0.409,13.261,-5.165,2.57,12.9,3,4,120,2.0,0.0,10,si_fly_123_norm,SI butterfly normalised (bps),silver
si_si_fly_123_norm_lb120_ez2.0_xz0.0_mh20,2129,286.01,33.85,47.678,0.71,-47.08,21,0.619,25.314,-4.06,6.23,24.9,4,2,120,2.0,0.0,20,si_fly_123_norm,SI butterfly normalised (bps),silver
si_si_fly_123_norm_lb120_ez2.0_xz0.0_mh40,2129,230.68,27.3,48.183,0.567,-47.08,18,0.444,33.738,-10.21,3.3,43.6,3,3,120,2.0,0.0,40,si_fly_123_norm,SI butterfly normalised (bps),silver
si_si_fly_123_norm_lb120_ez2.0_xz0.5_mh5,2129,202.88,24.01,43.593,0.551,-48.08,41,0.268,13.553,-1.693,8.0,3.6,3,9,120,2.0,0.5,5,si_fly_123_norm,SI butterfly normalised (bps),silver
si_si_fly_123_norm_lb120_ez2.0_xz0.5_mh10,2129,207.3,24.54,43.979,0.558,-48.08,23,0.478,11.988,-4.872,2.46,11.4,3,4,120,2.0,0.5,10,si_fly_123_norm,SI butterfly normalised (bps),silver
si_si_fly_123_norm_lb120_ez2.0_xz0.5_mh20,2129,278.21,32.93,46.382,0.71,-47.08,22,0.636,22.949,-4.06,5.65,21.9,4,2,120,2.0,0.5,20,si_fly_123_norm,SI butterfly normalised (bps),silver
si_si_fly_123_norm_lb120_ez2.0_xz0.5_mh40,2129,229.54,27.17,46.838,0.58,-47.08,19,0.474,29.862,-10.21,2.92,39.1,3,3,120,2.0,0.5,40,si_fly_123_norm,SI butterfly normalised (bps),silver
si_si_fly_123_norm_lb120_ez2.5_xz0.0_mh5,2129,202.26,23.94,41.121,0.582,-48.08,23,0.348,15.436,-1.961,7.87,5.0,3,3,120,2.5,0.0,5,si_fly_123_norm,SI butterfly normalised (bps),silver
si_si_fly_123_norm_lb120_ez2.5_xz0.0_mh10,2129,190.36,22.53,41.581,0.542,-48.08,15,0.333,17.0,-4.544,3.74,13.3,1,2,120,2.5,0.0,10,si_fly_123_norm,SI butterfly normalised (bps),silver
si_si_fly_123_norm_lb120_ez2.5_xz0.0_mh20,2129,207.71,24.59,41.751,0.589,-47.08,14,0.571,28.478,-3.353,8.49,24.7,2,2,120,2.5,0.0,20,si_fly_123_norm,SI butterfly normalised (bps),silver
si_si_fly_123_norm_lb120_ez2.5_xz0.0_mh40,2129,153.26,18.14,43.341,0.419,-47.08,13,0.385,33.776,-9.811,3.44,47.8,2,3,120,2.5,0.0,40,si_fly_123_norm,SI butterfly normalised (bps),silver
si_si_fly_123_norm_lb120_ez2.5_xz0.5_mh5,2129,202.26,23.94,41.121,0.582,-48.08,23,0.348,15.436,-1.961,7.87,5.0,3,3,120,2.5,0.5,5,si_fly_123_norm,SI butterfly normalised (bps),silver
si_si_fly_123_norm_lb120_ez2.5_xz0.5_mh10,2129,210.39,24.9,41.344,0.602,-48.08,16,0.438,16.546,-4.084,4.05,12.6,3,2,120,2.5,0.5,10,si_fly_123_norm,SI butterfly normalised (bps),silver
si_si_fly_123_norm_lb120_ez2.5_xz0.5_mh20,2129,226.74,26.84,41.524,0.646,-47.08,15,0.6,27.429,-3.353,8.18,22.7,3,2,120,2.5,0.5,20,si_fly_123_norm,SI butterfly normalised (bps),silver
si_si_fly_123_norm_lb120_ez2.5_xz0.5_mh40,2129,178.96,21.18,43.057,0.492,-47.08,14,0.429,32.429,-9.811,3.31,43.9,3,3,120,2.5,0.5,40,si_fly_123_norm,SI butterfly normalised (bps),silver
